{"type": "FeatureCollection", "metadata": {"home": {"lat": 42.5193819, "lon": -70.9010761, "display_name": "Chestnut Street, Federal Street District, North Salem, Salem, Essex County, Massachusetts, 01970, United States"}, "bbox": {"min_lon": -70.90656067649127, "min_lat": 42.51533949971254, "max_lon": -70.89559152350873, "max_lat": 42.52342430028746}, "radius_m": 450, "frame_radius_m": 300, "layer_counts": {"roads": 559, "green": 17, "water": 6, "buildings": 961}, "source": "OpenStreetMap via Overpass API", "license": "ODbL - © OpenStreetMap contributors"}, "features": [{"type": "Feature", "geometry": {"type": "LineString", "coordinates": [[-70.902772, 42.522337], [-70.902636, 42.521867], [-70.902529, 42.521537], [-70.902488, 42.521416], [-70.90244, 42.521294]]}, "properties": {"layer": "roads", "kind": "residential"}}, {"type": "Feature", "geometry": {"type": "LineString", "coordinates": [[-70.908156, 42.520181], [-70.908029, 42.520227], [-70.907345, 42.520443], [-70.906974, 42.52056], [-70.906748, 42.520631], [-70.906588, 42.520681], [-70.906482, 42.520719], [-70.906443, 42.520733], [-70.906293, 42.520789], [-70.906258, 42.520804], [-70.906161, 42.520846], [-70.906041, 42.520911], [-70.905927, 42.520976], [-70.905823, 42.521046], [-70.90572, 42.521129], [-70.90563, 42.521214]]}, "properties": {"layer": "roads", "kind": "primary"}}, {"type": "Feature", "geometry": {"type": "LineString", "coordinates": [[-70.900016, 42.51586], [-70.899806, 42.515984], [-70.899624, 42.516075], [-70.899438, 42.516193]]}, "properties": {"layer": "roads", "kind": "residential"}}, {"type": "Feature", "geometry": {"type": "LineString", "coordinates": [[-70.905803, 42.515874], [-70.905645, 42.515903], [-70.905544, 42.515921], [-70.905294, 42.515994], [-70.904951, 42.516122], [-70.904594, 42.516263], [-70.904231, 42.516408], [-70.903892, 42.516555], [-70.903711, 42.516628], [-70.903598, 42.516674], [-70.903322, 42.516779], [-70.903251, 42.516806], [-70.903097, 42.516864]]}, "properties": {"layer": "roads", "kind": "secondary"}}, {"type": "Feature", "geometry": {"type": "LineString", "coordinates": [[-70.903114, 42.516996], [-70.903233, 42.516956], [-70.903423, 42.516883], [-70.903673, 42.516783], [-70.90371, 42.516767], [-70.903896, 42.516688], [-70.904179, 42.516571], [-70.904476, 42.516447], [-70.904683, 42.516363], [-70.905002, 42.516211], [-70.905258, 42.516098], [-70.905305, 42.516078], [-70.905422, 42.516032], [-70.905466, 42.516022], [-70.90549, 42.516016], [-70.905539, 42.516019], [-70.905614, 42.516035], [-70.905632, 42.516042], [-70.905735, 42.51608]]}, "properties": {"layer": "roads", "kind": "secondary"}}, {"type": "Feature", "geometry": {"type": "LineString", "coordinates": [[-70.898777, 42.522545], [-70.898775, 42.522615], [-70.898766, 42.522824], [-70.898758, 42.522931], [-70.898757, 42.52295], [-70.898749, 42.523099]]}, "properties": {"layer": "roads", "kind": "primary"}}, {"type": "Feature", "geometry": {"type": "LineString", "coordinates": [[-70.901356, 42.516648], [-70.900992, 42.516849]]}, "properties": {"layer": "roads", "kind": "residential"}}, {"type": "Feature", "geometry": {"type": "LineString", "coordinates": [[-70.905313, 42.521056], [-70.905004, 42.521277]]}, "properties": {"layer": "roads", "kind": "residential"}}, {"type": "Feature", "geometry": {"type": "LineString", "coordinates": [[-70.903097, 42.516864], [-70.9031, 42.516945], [-70.903114, 42.516996]]}, "properties": {"layer": "roads", "kind": "secondary"}}, {"type": "Feature", "geometry": {"type": "LineString", "coordinates": [[-70.900607, 42.518101], [-70.900749, 42.518276], [-70.900843, 42.518429], [-70.90099, 42.518627], [-70.901144, 42.518872], [-70.901266, 42.519062], [-70.901427, 42.519307]]}, "properties": {"layer": "roads", "kind": "residential"}}, {"type": "Feature", "geometry": {"type": "LineString", "coordinates": [[-70.898386, 42.515276], [-70.898432, 42.515347], [-70.898782, 42.515887], [-70.899132, 42.516464], [-70.899304, 42.516756], [-70.899425, 42.516936], [-70.899431, 42.516945], [-70.899452, 42.516978], [-70.89948, 42.517024], [-70.899547, 42.517131], [-70.89966, 42.517313], [-70.899761, 42.517484], [-70.899909, 42.517728], [-70.900019, 42.517916], [-70.900127, 42.518114], [-70.900164, 42.51817], [-70.900235, 42.518279]]}, "properties": {"layer": "roads", "kind": "residential"}}, {"type": "Feature", "geometry": {"type": "LineString", "coordinates": [[-70.899083, 42.521832], [-70.898939, 42.521839], [-70.89891, 42.52184], [-70.898787, 42.521846], [-70.898692, 42.52185]]}, "properties": {"layer": "roads", "kind": "service"}}, {"type": "Feature", "geometry": {"type": "LineString", "coordinates": [[-70.900733, 42.518037], [-70.900512, 42.517775], [-70.90034, 42.517509], [-70.900209, 42.517293], [-70.900111, 42.517133], [-70.90033, 42.517021], [-70.900515, 42.516921], [-70.900654, 42.516822], [-70.900846, 42.516701]]}, "properties": {"layer": "roads", "kind": "residential"}}, {"type": "Feature", "geometry": {"type": "LineString", "coordinates": [[-70.905012, 42.516914], [-70.904989, 42.51693], [-70.90465, 42.517139], [-70.904312, 42.517349], [-70.904088, 42.517496], [-70.903892, 42.517616], [-70.903884, 42.517622], [-70.9037, 42.517738], [-70.903634, 42.517782], [-70.903422, 42.517929], [-70.902928, 42.518067], [-70.902557, 42.518171], [-70.902175, 42.518288], [-70.901702, 42.518423], [-70.901291, 42.51854], [-70.90099, 42.518627]]}, "properties": {"layer": "roads", "kind": "residential"}}, {"type": "Feature", "geometry": {"type": "LineString", "coordinates": [[-70.897337, 42.51593], [-70.897448, 42.51586], [-70.898017, 42.515506]]}, "properties": {"layer": "roads", "kind": "secondary"}}, {"type": "Feature", "geometry": {"type": "LineString", "coordinates": [[-70.898782, 42.515887], [-70.898708, 42.515892], [-70.89808, 42.515933], [-70.897468, 42.515976], [-70.897337, 42.51593]]}, "properties": {"layer": "roads", "kind": "residential"}}, {"type": "Feature", "geometry": {"type": "LineString", "coordinates": [[-70.898025, 42.520035], [-70.897632, 42.520015], [-70.897582, 42.520013], [-70.897524, 42.52001], [-70.897367, 42.519998], [-70.897236, 42.519989], [-70.897103, 42.519982], [-70.896849, 42.519968], [-70.896599, 42.519956], [-70.896466, 42.519949]]}, "properties": {"layer": "roads", "kind": "primary"}}, {"type": "Feature", "geometry": {"type": "LineString", "coordinates": [[-70.9047, 42.521338], [-70.904045, 42.52162]]}, "properties": {"layer": "roads", "kind": "residential"}}, {"type": "Feature", "geometry": {"type": "LineString", "coordinates": [[-70.902307, 42.515371], [-70.902102, 42.515475], [-70.901887, 42.515569], [-70.901757, 42.515636], [-70.901557, 42.515722]]}, "properties": {"layer": "roads", "kind": "residential"}}, {"type": "Feature", "geometry": {"type": "LineString", "coordinates": [[-70.896382, 42.518359], [-70.896363, 42.518271], [-70.896346, 42.51825], [-70.896312, 42.51821], [-70.896215, 42.518165], [-70.896003, 42.518126], [-70.895976, 42.518123], [-70.895871, 42.518113], [-70.895683, 42.518094]]}, "properties": {"layer": "roads", "kind": "primary"}}, {"type": "Feature", "geometry": {"type": "LineString", "coordinates": [[-70.903414, 42.520854], [-70.904045, 42.52162], [-70.904247, 42.521857], [-70.904266, 42.521879]]}, "properties": {"layer": "roads", "kind": "residential"}}, {"type": "Feature", "geometry": {"type": "LineString", "coordinates": [[-70.899132, 42.516464], [-70.898349, 42.516591], [-70.897665, 42.516702], [-70.897603, 42.516711]]}, "properties": {"layer": "roads", "kind": "residential"}}, {"type": "Feature", "geometry": {"type": "LineString", "coordinates": [[-70.905091, 42.518154], [-70.905063, 42.518181], [-70.905009, 42.518239], [-70.904787, 42.518418], [-70.904755, 42.518444], [-70.904529, 42.518637], [-70.904273, 42.51886], [-70.904081, 42.519019], [-70.903935, 42.519148], [-70.903889, 42.519186], [-70.90377, 42.519289], [-70.903685, 42.519362], [-70.903534, 42.519491], [-70.90333, 42.519668], [-70.903065, 42.519875], [-70.902829, 42.520042], [-70.902687, 42.520137], [-70.90253, 42.520241], [-70.902407, 42.520313], [-70.902242, 42.520386], [-70.902066, 42.520453], [-70.901878, 42.520509], [-70.901736, 42.520545], [-70.901593, 42.520575], [-70.901439, 42.520592], [-70.901337, 42.520597], [-70.901256, 42.520599], [-70.901194, 42.5206], [-70.901026, 42.520601], [-70.900872, 42.520605], [-70.90069, 42.520626], [-70.900572, 42.520642], [-70.900436, 42.520678], [-70.900272, 42.520737], [-70.900252, 42.520744], [-70.900038, 42.520829], [-70.899977, 42.520854], [-70.899704, 42.52097], [-70.899679, 42.520981], [-70.899634, 42.521001], [-70.899497, 42.521062], [-70.899369, 42.521116], [-70.899356, 42.521121], [-70.899112, 42.521221]]}, "properties": {"layer": "roads", "kind": "primary"}}, {"type": "Feature", "geometry": {"type": "LineString", "coordinates": [[-70.898766, 42.522824], [-70.898861, 42.522824], [-70.898971, 42.522816], [-70.899083, 42.5228], [-70.899195, 42.522765], [-70.899419, 42.522664], [-70.899672, 42.522549], [-70.900026, 42.522389], [-70.900631, 42.522116], [-70.901206, 42.521857], [-70.901289, 42.521819], [-70.901907, 42.521536], [-70.90244, 42.521294], [-70.902784, 42.521138], [-70.902936, 42.521066], [-70.90303, 42.521021], [-70.903414, 42.520854], [-70.90461, 42.520304], [-70.904684, 42.520271], [-70.905182, 42.520046], [-70.9056, 42.519854], [-70.905918, 42.519706], [-70.906927, 42.519227], [-70.90787, 42.518824], [-70.90798, 42.51869], [-70.908026, 42.518601]]}, "properties": {"layer": "roads", "kind": "residential"}}, {"type": "Feature", "geometry": {"type": "LineString", "coordinates": [[-70.898364, 42.519237], [-70.898272, 42.519244], [-70.897773, 42.519282], [-70.897632, 42.519289], [-70.897493, 42.519289], [-70.897392, 42.519286], [-70.897338, 42.519285], [-70.896647, 42.51926], [-70.89627, 42.519239], [-70.896183, 42.519232]]}, "properties": {"layer": "roads", "kind": "residential"}}, {"type": "Feature", "geometry": {"type": "LineString", "coordinates": [[-70.899295, 42.518768], [-70.899317, 42.51887], [-70.89933, 42.518927], [-70.899366, 42.519117], [-70.899409, 42.519331], [-70.899452, 42.519648], [-70.899458, 42.519691], [-70.899475, 42.519764]]}, "properties": {"layer": "roads", "kind": "residential"}}, {"type": "Feature", "geometry": {"type": "LineString", "coordinates": [[-70.898639, 42.521406], [-70.898546, 42.521425], [-70.898524, 42.521429], [-70.898399, 42.52144], [-70.897802, 42.521441], [-70.897685, 42.521442], [-70.897622, 42.521442], [-70.89757, 42.521443], [-70.897482, 42.521443], [-70.897198, 42.521445], [-70.896841, 42.521442], [-70.896809, 42.521443], [-70.896236, 42.521441], [-70.895827, 42.52144], [-70.895779, 42.521439], [-70.895674, 42.521444]]}, "properties": {"layer": "roads", "kind": "secondary"}}, {"type": "Feature", "geometry": {"type": "LineString", "coordinates": [[-70.901301, 42.521991], [-70.901324, 42.52239]]}, "properties": {"layer": "roads", "kind": "residential"}}, {"type": "Feature", "geometry": {"type": "LineString", "coordinates": [[-70.895905, 42.52297], [-70.896056, 42.523011], [-70.896787, 42.522993], [-70.897736, 42.523004], [-70.897915, 42.523003], [-70.898074, 42.522997], [-70.898232, 42.522985], [-70.898426, 42.522962], [-70.89851, 42.522961], [-70.89859, 42.522977], [-70.898616, 42.522978], [-70.898684, 42.523003], [-70.898749, 42.523099]]}, "properties": {"layer": "roads", "kind": "secondary"}}, {"type": "Feature", "geometry": {"type": "LineString", "coordinates": [[-70.899935, 42.521766], [-70.900021, 42.522354], [-70.900026, 42.522389]]}, "properties": {"layer": "roads", "kind": "residential"}}, {"type": "Feature", "geometry": {"type": "LineString", "coordinates": [[-70.907376, 42.522547], [-70.907308, 42.522589], [-70.907116, 42.522719], [-70.906873, 42.522886], [-70.906445, 42.523161], [-70.906044, 42.523407], [-70.905769, 42.523579], [-70.904931, 42.523991], [-70.904875, 42.524022], [-70.904484, 42.524235], [-70.90435, 42.5243], [-70.904327, 42.524312], [-70.903635, 42.524666], [-70.903561, 42.524704], [-70.90347, 42.52475], [-70.903146, 42.524912], [-70.902661, 42.525156], [-70.901786, 42.525614], [-70.901233, 42.525891], [-70.901229, 42.525893], [-70.900834, 42.526106]]}, "properties": {"layer": "roads", "kind": "secondary"}}, {"type": "Feature", "geometry": {"type": "LineString", "coordinates": [[-70.902684, 42.517084], [-70.902964, 42.517039], [-70.902984, 42.517033], [-70.903114, 42.516996]]}, "properties": {"layer": "roads", "kind": "secondary"}}, {"type": "Feature", "geometry": {"type": "LineString", "coordinates": [[-70.895674, 42.521444], [-70.89568, 42.521482], [-70.895683, 42.521499], [-70.895739, 42.521864], [-70.895816, 42.522355], [-70.895826, 42.522421], [-70.895834, 42.522474], [-70.895884, 42.522843]]}, "properties": {"layer": "roads", "kind": "motorway"}}, {"type": "Feature", "geometry": {"type": "LineString", "coordinates": [[-70.895407, 42.519769], [-70.895405, 42.519894], [-70.89541, 42.520053], [-70.895415, 42.520099], [-70.895425, 42.52018], [-70.895441, 42.5203], [-70.895446, 42.520339], [-70.895454, 42.520405], [-70.895463, 42.520472], [-70.895487, 42.520635], [-70.895488, 42.520645], [-70.895572, 42.521146], [-70.895575, 42.521166], [-70.895589, 42.521247], [-70.895603, 42.521321], [-70.895607, 42.521327], [-70.895627, 42.521368], [-70.895631, 42.521375], [-70.895674, 42.521444]]}, "properties": {"layer": "roads", "kind": "motorway"}}, {"type": "Feature", "geometry": {"type": "LineString", "coordinates": [[-70.909459, 42.519004], [-70.909389, 42.518973], [-70.909298, 42.518939], [-70.909188, 42.518905], [-70.90881, 42.518804], [-70.908463, 42.518712], [-70.908181, 42.518641], [-70.908026, 42.518601], [-70.907612, 42.518479], [-70.907224, 42.518362], [-70.906835, 42.518246], [-70.90669, 42.518206], [-70.90639, 42.518122], [-70.906131, 42.518054]]}, "properties": {"layer": "roads", "kind": "primary"}}, {"type": "Feature", "geometry": {"type": "LineString", "coordinates": [[-70.904614, 42.515509], [-70.904584, 42.515579], [-70.904496, 42.515783], [-70.904398, 42.516009]]}, "properties": {"layer": "roads", "kind": "residential"}}, {"type": "Feature", "geometry": {"type": "LineString", "coordinates": [[-70.903097, 42.516864], [-70.902918, 42.516947], [-70.902851, 42.516978], [-70.902684, 42.517084]]}, "properties": {"layer": "roads", "kind": "secondary"}}, {"type": "Feature", "geometry": {"type": "LineString", "coordinates": [[-70.90563, 42.521214], [-70.905492, 42.521145], [-70.905313, 42.521056], [-70.905246, 42.521014], [-70.905174, 42.52097], [-70.905106, 42.520926], [-70.905047, 42.520879], [-70.904999, 42.520836], [-70.904955, 42.520783], [-70.904779, 42.520499], [-70.904732, 42.520435], [-70.904678, 42.520372], [-70.90461, 42.520304]]}, "properties": {"layer": "roads", "kind": "secondary"}}, {"type": "Feature", "geometry": {"type": "LineString", "coordinates": [[-70.90461, 42.520304], [-70.904563, 42.520248], [-70.904341, 42.519875], [-70.904145, 42.519546], [-70.904038, 42.519374], [-70.903889, 42.519186]]}, "properties": {"layer": "roads", "kind": "secondary"}}, {"type": "Feature", "geometry": {"type": "LineString", "coordinates": [[-70.905388, 42.5174], [-70.905798, 42.517381], [-70.905838, 42.517381], [-70.905873, 42.517382], [-70.90594, 42.517393], [-70.90602, 42.51742], [-70.906132, 42.517459], [-70.906679, 42.517682], [-70.90639, 42.518122]]}, "properties": {"layer": "roads", "kind": "residential"}}, {"type": "Feature", "geometry": {"type": "LineString", "coordinates": [[-70.905305, 42.516078], [-70.905295, 42.516028], [-70.905293, 42.516021], [-70.905292, 42.516013], [-70.905294, 42.515994], [-70.905278, 42.515933], [-70.905255, 42.51584], [-70.905232, 42.515728], [-70.905215, 42.515644]]}, "properties": {"layer": "roads", "kind": "residential"}}, {"type": "Feature", "geometry": {"type": "LineString", "coordinates": [[-70.90253, 42.520241], [-70.902661, 42.520448], [-70.902779, 42.520635], [-70.902926, 42.520869], [-70.90303, 42.521021]]}, "properties": {"layer": "roads", "kind": "residential"}}, {"type": "Feature", "geometry": {"type": "LineString", "coordinates": [[-70.897337, 42.51593], [-70.896869, 42.5162], [-70.896696, 42.516309], [-70.896646, 42.516356], [-70.896611, 42.516452], [-70.896593, 42.516568], [-70.89657, 42.516878], [-70.896567, 42.516908], [-70.896526, 42.517288], [-70.896523, 42.517333], [-70.896504, 42.517637], [-70.896499, 42.517713]]}, "properties": {"layer": "roads", "kind": "secondary"}}, {"type": "Feature", "geometry": {"type": "LineString", "coordinates": [[-70.903723, 42.515325], [-70.903682, 42.515417], [-70.903645, 42.515495], [-70.90356, 42.515708], [-70.903488, 42.515916], [-70.903423, 42.516104], [-70.903294, 42.516343], [-70.903163, 42.516602], [-70.903099, 42.516777], [-70.903099, 42.51681], [-70.903097, 42.516864]]}, "properties": {"layer": "roads", "kind": "secondary"}}, {"type": "Feature", "geometry": {"type": "LineString", "coordinates": [[-70.89808, 42.515933], [-70.898103, 42.515989], [-70.898334, 42.516555], [-70.898349, 42.516591]]}, "properties": {"layer": "roads", "kind": "residential"}}, {"type": "Feature", "geometry": {"type": "LineString", "coordinates": [[-70.90369, 42.518788], [-70.903379, 42.518841], [-70.902977, 42.518928], [-70.902415, 42.519057], [-70.901935, 42.519169], [-70.901427, 42.519307], [-70.901003, 42.519397], [-70.900602, 42.519485], [-70.899475, 42.519764], [-70.898915, 42.519907], [-70.898633, 42.519986], [-70.898529, 42.52], [-70.89847, 42.52001]]}, "properties": {"layer": "roads", "kind": "residential"}}, {"type": "Feature", "geometry": {"type": "LineString", "coordinates": [[-70.901366, 42.515524], [-70.901557, 42.515722], [-70.901962, 42.516225], [-70.902684, 42.517084]]}, "properties": {"layer": "roads", "kind": "residential"}}, {"type": "Feature", "geometry": {"type": "LineString", "coordinates": [[-70.898839, 42.523508], [-70.898877, 42.523419], [-70.898929, 42.523359], [-70.898971, 42.523328], [-70.899059, 42.523287], [-70.899147, 42.523261], [-70.899263, 42.523245]]}, "properties": {"layer": "roads", "kind": "motorway"}}, {"type": "Feature", "geometry": {"type": "LineString", "coordinates": [[-70.901261, 42.516584], [-70.901356, 42.516648], [-70.901499, 42.516781]]}, "properties": {"layer": "roads", "kind": "residential"}}, {"type": "Feature", "geometry": {"type": "LineString", "coordinates": [[-70.8994, 42.518421], [-70.898952, 42.518552], [-70.898618, 42.518668], [-70.898522, 42.518701], [-70.898321, 42.51875], [-70.898266, 42.518763]]}, "properties": {"layer": "roads", "kind": "service"}}, {"type": "Feature", "geometry": {"type": "LineString", "coordinates": [[-70.896787, 42.522993], [-70.89679, 42.523065], [-70.896795, 42.523202], [-70.896811, 42.523389], [-70.896828, 42.523643]]}, "properties": {"layer": "roads", "kind": "service"}}, {"type": "Feature", "geometry": {"type": "LineString", "coordinates": [[-70.905263, 42.519526], [-70.904341, 42.519875]]}, "properties": {"layer": "roads", "kind": "service"}}, {"type": "Feature", "geometry": {"type": "LineString", "coordinates": [[-70.905513, 42.515698], [-70.905574, 42.515562], [-70.905574, 42.515509], [-70.905562, 42.515462], [-70.905511, 42.515424], [-70.904642, 42.515213], [-70.904458, 42.515176], [-70.904405, 42.515144], [-70.904382, 42.515104], [-70.904375, 42.515063], [-70.904412, 42.51496], [-70.904575, 42.514495], [-70.904657, 42.514261], [-70.9048, 42.513856], [-70.904811, 42.513821], [-70.904857, 42.513686], [-70.904885, 42.513602], [-70.904955, 42.513509], [-70.905039, 42.513398], [-70.905072, 42.513365]]}, "properties": {"layer": "roads", "kind": "service"}}, {"type": "Feature", "geometry": {"type": "LineString", "coordinates": [[-70.896723, 42.522366], [-70.896728, 42.522327], [-70.89677, 42.52201], [-70.896777, 42.521944], [-70.896795, 42.521769], [-70.8968, 42.52172], [-70.896806, 42.521512], [-70.896809, 42.521443]]}, "properties": {"layer": "roads", "kind": "service"}}, {"type": "Feature", "geometry": {"type": "LineString", "coordinates": [[-70.902917, 42.515743], [-70.902706, 42.515858], [-70.90255, 42.515943], [-70.902266, 42.516079], [-70.901962, 42.516225]]}, "properties": {"layer": "roads", "kind": "residential"}}, {"type": "Feature", "geometry": {"type": "LineString", "coordinates": [[-70.897239, 42.518625], [-70.897134, 42.518634], [-70.896925, 42.518652]]}, "properties": {"layer": "roads", "kind": "residential"}}, {"type": "Feature", "geometry": {"type": "LineString", "coordinates": [[-70.902636, 42.521867], [-70.902455, 42.52189], [-70.902299, 42.5219], [-70.901301, 42.521991]]}, "properties": {"layer": "roads", "kind": "residential"}}, {"type": "Feature", "geometry": {"type": "LineString", "coordinates": [[-70.900578, 42.516429], [-70.900513, 42.516468], [-70.900333, 42.516574], [-70.900048, 42.516734], [-70.89994, 42.516799], [-70.89983, 42.516846], [-70.899672, 42.516908], [-70.899498, 42.516964], [-70.899452, 42.516978], [-70.899373, 42.51699], [-70.89914, 42.517027], [-70.898872, 42.517066], [-70.898487, 42.51712], [-70.898115, 42.517179], [-70.897859, 42.517243], [-70.8978, 42.517258]]}, "properties": {"layer": "roads", "kind": "residential"}}, {"type": "Feature", "geometry": {"type": "LineString", "coordinates": [[-70.895578, 42.51983], [-70.895601, 42.519838], [-70.895696, 42.519873], [-70.895759, 42.519891], [-70.895904, 42.519934], [-70.895974, 42.519945]]}, "properties": {"layer": "roads", "kind": "primary"}}, {"type": "Feature", "geometry": {"type": "LineString", "coordinates": [[-70.895816, 42.522355], [-70.895932, 42.522346], [-70.89611, 42.522333], [-70.896202, 42.522331], [-70.896296, 42.522332], [-70.896723, 42.522366], [-70.897492, 42.522435], [-70.898146, 42.522491], [-70.898585, 42.522528], [-70.898623, 42.522532], [-70.898777, 42.522545]]}, "properties": {"layer": "roads", "kind": "residential"}}, {"type": "Feature", "geometry": {"type": "LineString", "coordinates": [[-70.909704, 42.510832], [-70.909656, 42.510896], [-70.909557, 42.51101], [-70.909538, 42.511032], [-70.909436, 42.511156], [-70.909422, 42.511171], [-70.909332, 42.511266], [-70.909086, 42.51151], [-70.908941, 42.511662], [-70.908745, 42.511868], [-70.908704, 42.511908], [-70.908432, 42.512174], [-70.908304, 42.512301], [-70.908228, 42.512376], [-70.907777, 42.512824], [-70.907722, 42.512881], [-70.907432, 42.513184], [-70.907158, 42.51346], [-70.906984, 42.513636], [-70.906787, 42.513847], [-70.9067, 42.513925], [-70.906501, 42.51414], [-70.906456, 42.514194], [-70.906375, 42.514295], [-70.906298, 42.514408], [-70.906229, 42.514542], [-70.906182, 42.514671], [-70.906095, 42.514924], [-70.906003, 42.515227], [-70.905903, 42.515559], [-70.905862, 42.51569], [-70.905833, 42.515783], [-70.905803, 42.515874], [-70.905735, 42.51608]]}, "properties": {"layer": "roads", "kind": "primary"}}, {"type": "Feature", "geometry": {"type": "LineString", "coordinates": [[-70.905498, 42.516864], [-70.905478, 42.516936], [-70.905456, 42.517018], [-70.905434, 42.517099], [-70.905401, 42.51732], [-70.905388, 42.5174], [-70.90538, 42.517456]]}, "properties": {"layer": "roads", "kind": "primary"}}, {"type": "Feature", "geometry": {"type": "LineString", "coordinates": [[-70.895503, 42.518177], [-70.895731, 42.518198], [-70.895871, 42.518209], [-70.896068, 42.518231], [-70.896219, 42.518231], [-70.896312, 42.51821]]}, "properties": {"layer": "roads", "kind": "primary"}}, {"type": "Feature", "geometry": {"type": "LineString", "coordinates": [[-70.896499, 42.517713], [-70.896425, 42.517878], [-70.89637, 42.51797], [-70.896324, 42.518012], [-70.896302, 42.518032], [-70.896214, 42.518077], [-70.896119, 42.5181], [-70.896003, 42.518126]]}, "properties": {"layer": "roads", "kind": "secondary"}}, {"type": "Feature", "geometry": {"type": "LineString", "coordinates": [[-70.901324, 42.52239], [-70.90228, 42.52239], [-70.902469, 42.522376], [-70.902772, 42.522337]]}, "properties": {"layer": "roads", "kind": "residential"}}, {"type": "Feature", "geometry": {"type": "LineString", "coordinates": [[-70.897205, 42.518789], [-70.897239, 42.518625], [-70.897243, 42.518573], [-70.897254, 42.518437], [-70.897226, 42.518285], [-70.897195, 42.518167], [-70.89717, 42.518071], [-70.897113, 42.517913], [-70.897024, 42.517665]]}, "properties": {"layer": "roads", "kind": "residential"}}, {"type": "Feature", "geometry": {"type": "LineString", "coordinates": [[-70.900602, 42.519485], [-70.900665, 42.519913], [-70.900711, 42.520185], [-70.90072, 42.520248], [-70.900759, 42.520317], [-70.900809, 42.520368], [-70.900836, 42.520402], [-70.900848, 42.520467], [-70.90086, 42.520538], [-70.900872, 42.520605]]}, "properties": {"layer": "roads", "kind": "residential"}}, {"type": "Feature", "geometry": {"type": "LineString", "coordinates": [[-70.899014, 42.521261], [-70.898886, 42.521251], [-70.898802, 42.521227], [-70.898788, 42.521223], [-70.898692, 42.521167], [-70.898633, 42.521096], [-70.898583, 42.521013]]}, "properties": {"layer": "roads", "kind": "primary"}}, {"type": "Feature", "geometry": {"type": "LineString", "coordinates": [[-70.898732, 42.522176], [-70.898728, 42.522143], [-70.898692, 42.52185], [-70.898665, 42.521625], [-70.898646, 42.521461], [-70.898639, 42.521406]]}, "properties": {"layer": "roads", "kind": "primary"}}, {"type": "Feature", "geometry": {"type": "LineString", "coordinates": [[-70.899475, 42.519764], [-70.899576, 42.5203], [-70.899691, 42.520904], [-70.899704, 42.52097]]}, "properties": {"layer": "roads", "kind": "residential"}}, {"type": "Feature", "geometry": {"type": "LineString", "coordinates": [[-70.905586, 42.519138], [-70.904968, 42.518586], [-70.904846, 42.518471], [-70.904787, 42.518418]]}, "properties": {"layer": "roads", "kind": "residential"}}, {"type": "Feature", "geometry": {"type": "LineString", "coordinates": [[-70.903422, 42.517929], [-70.903493, 42.5182], [-70.903604, 42.518492], [-70.90369, 42.518788]]}, "properties": {"layer": "roads", "kind": "secondary"}}, {"type": "Feature", "geometry": {"type": "LineString", "coordinates": [[-70.899761, 42.517484], [-70.899682, 42.517497], [-70.899486, 42.517528], [-70.899267, 42.517566], [-70.899072, 42.517592], [-70.898838, 42.517633], [-70.898545, 42.517679], [-70.89829, 42.51771], [-70.898037, 42.517745], [-70.897979, 42.517754]]}, "properties": {"layer": "roads", "kind": "residential"}}, {"type": "Feature", "geometry": {"type": "LineString", "coordinates": [[-70.904787, 42.518418], [-70.904737, 42.518374], [-70.904616, 42.518261], [-70.904406, 42.518072], [-70.904156, 42.517841], [-70.903892, 42.517616]]}, "properties": {"layer": "roads", "kind": "residential"}}, {"type": "Feature", "geometry": {"type": "LineString", "coordinates": [[-70.897368, 42.518782], [-70.897365, 42.518841], [-70.897338, 42.519285]]}, "properties": {"layer": "roads", "kind": "residential"}}, {"type": "Feature", "geometry": {"type": "LineString", "coordinates": [[-70.905588, 42.516558], [-70.905472, 42.516581], [-70.905389, 42.516608], [-70.905171, 42.516741], [-70.905012, 42.516914]]}, "properties": {"layer": "roads", "kind": "residential"}}, {"type": "Feature", "geometry": {"type": "LineString", "coordinates": [[-70.89757, 42.521443], [-70.897561, 42.521512], [-70.897528, 42.521791], [-70.897515, 42.521895], [-70.897518, 42.521941], [-70.897532, 42.521967], [-70.897553, 42.522005], [-70.897558, 42.522047], [-70.897499, 42.522396], [-70.897492, 42.522435]]}, "properties": {"layer": "roads", "kind": "residential"}}, {"type": "Feature", "geometry": {"type": "LineString", "coordinates": [[-70.90669, 42.518206], [-70.906649, 42.518331], [-70.906609, 42.518384], [-70.906577, 42.518428], [-70.906536, 42.518471], [-70.906458, 42.518537], [-70.906315, 42.518671], [-70.906112, 42.518806], [-70.905887, 42.518951], [-70.905742, 42.519041], [-70.905586, 42.519138]]}, "properties": {"layer": "roads", "kind": "residential"}}, {"type": "Feature", "geometry": {"type": "LineString", "coordinates": [[-70.894426, 42.517905], [-70.894486, 42.51784], [-70.894824, 42.517459], [-70.894959, 42.517331], [-70.895189, 42.517166], [-70.895429, 42.517017], [-70.895623, 42.516916], [-70.895734, 42.516858]]}, "properties": {"layer": "roads", "kind": "residential"}}, {"type": "Feature", "geometry": {"type": "LineString", "coordinates": [[-70.89627, 42.518849], [-70.896364, 42.518856], [-70.89662, 42.518835], [-70.897205, 42.518789], [-70.897368, 42.518782], [-70.897655, 42.518777], [-70.89776, 42.518774], [-70.897909, 42.518769], [-70.898085, 42.518768], [-70.89821, 42.518765], [-70.898266, 42.518763]]}, "properties": {"layer": "roads", "kind": "residential"}}, {"type": "Feature", "geometry": {"type": "LineString", "coordinates": [[-70.898583, 42.521013], [-70.898491, 42.520331]]}, "properties": {"layer": "roads", "kind": "primary"}}, {"type": "Feature", "geometry": {"type": "LineString", "coordinates": [[-70.895834, 42.522474], [-70.895727, 42.522486], [-70.895455, 42.522518], [-70.895443, 42.522519], [-70.89516, 42.522553], [-70.895106, 42.522561], [-70.895068, 42.522565], [-70.894894, 42.522585], [-70.894705, 42.522614], [-70.894538, 42.522638], [-70.894414, 42.522657], [-70.894256, 42.52268], [-70.894098, 42.522704], [-70.893982, 42.522723], [-70.89388, 42.522739], [-70.893833, 42.522712], [-70.893704, 42.522727], [-70.893467, 42.522756], [-70.893345, 42.522771], [-70.893182, 42.522786]]}, "properties": {"layer": "roads", "kind": "residential"}}, {"type": "Feature", "geometry": {"type": "LineString", "coordinates": [[-70.905833, 42.515783], [-70.905676, 42.515741], [-70.905513, 42.515698], [-70.905215, 42.515644], [-70.904614, 42.515509], [-70.904155, 42.515402], [-70.903852, 42.515344], [-70.903829, 42.51534], [-70.903723, 42.515325]]}, "properties": {"layer": "roads", "kind": "secondary"}}, {"type": "Feature", "geometry": {"type": "LineString", "coordinates": [[-70.901337, 42.520597], [-70.901003, 42.519397]]}, "properties": {"layer": "roads", "kind": "residential"}}, {"type": "Feature", "geometry": {"type": "LineString", "coordinates": [[-70.898839, 42.523508], [-70.89885, 42.523324], [-70.898851, 42.523296], [-70.898856, 42.523216]]}, "properties": {"layer": "roads", "kind": "primary"}}, {"type": "Feature", "geometry": {"type": "Polygon", "coordinates": [[[-70.90465, 42.518685], [-70.904738, 42.518605], [-70.905184, 42.519077], [-70.905208, 42.519098], [-70.90512, 42.519143], [-70.904991, 42.519201], [-70.90465, 42.518685]]]}, "properties": {"layer": "green", "kind": "cemetery"}}, {"type": "Feature", "geometry": {"type": "Polygon", "coordinates": [[[-70.907624, 42.522413], [-70.907928, 42.522199], [-70.908016, 42.522371], [-70.908371, 42.522311], [-70.908615, 42.522071], [-70.90883, 42.522083], [-70.909376, 42.522515], [-70.910007, 42.522707], [-70.910596, 42.522748], [-70.910737, 42.522753], [-70.91098, 42.52298], [-70.910741, 42.523235], [-70.910631, 42.523557], [-70.910976, 42.523554], [-70.911096, 42.523554], [-70.911193, 42.523898], [-70.911141, 42.524013], [-70.911042, 42.524186], [-70.911014, 42.524206], [-70.910536, 42.524535], [-70.910269, 42.524823], [-70.910191, 42.52502], [-70.910077, 42.525307], [-70.909834, 42.525602], [-70.909404, 42.525287], [-70.90916, 42.525234], [-70.908547, 42.525697], [-70.907251, 42.52477], [-70.907049, 42.52465], [-70.906893, 42.524535], [-70.905879, 42.523578], [-70.906213, 42.523392], [-70.906754, 42.523036], [-70.907467, 42.522538], [-70.907624, 42.522413]]]}, "properties": {"layer": "green", "kind": "park"}}, {"type": "Feature", "geometry": {"type": "Polygon", "coordinates": [[[-70.897148, 42.51803], [-70.897254, 42.518437], [-70.897239, 42.518625], [-70.897134, 42.518634], [-70.896925, 42.518652], [-70.896871, 42.51849], [-70.896834, 42.518385], [-70.896787, 42.518239], [-70.896736, 42.518086], [-70.897148, 42.51803]]]}, "properties": {"layer": "green", "kind": "park"}}, {"type": "Feature", "geometry": {"type": "Polygon", "coordinates": [[[-70.898139, 42.518093], [-70.898801, 42.51798], [-70.899848, 42.517795], [-70.89998, 42.518009], [-70.900064, 42.518149], [-70.900063, 42.518186], [-70.900051, 42.518216], [-70.899791, 42.518287], [-70.898944, 42.518507], [-70.898308, 42.518691], [-70.89823, 42.518395], [-70.898139, 42.518093]]]}, "properties": {"layer": "green", "kind": "cemetery"}}, {"type": "Feature", "geometry": {"type": "Polygon", "coordinates": [[[-70.895789, 42.521357], [-70.895786, 42.521345], [-70.89578, 42.521331], [-70.895774, 42.521311], [-70.895764, 42.521227], [-70.895763, 42.52118], [-70.895801, 42.521179], [-70.896208, 42.521165], [-70.896245, 42.521164], [-70.896249, 42.521409], [-70.896144, 42.521402], [-70.895852, 42.52138], [-70.895789, 42.521357]]]}, "properties": {"layer": "green", "kind": "park"}}, {"type": "Feature", "geometry": {"type": "Polygon", "coordinates": [[[-70.906401, 42.517116], [-70.906239, 42.517194], [-70.906209, 42.517162], [-70.906431, 42.517041], [-70.906393, 42.516984], [-70.906375, 42.516895], [-70.907209, 42.516694], [-70.907882, 42.517442], [-70.907842, 42.517507], [-70.907977, 42.517559], [-70.907926, 42.517631], [-70.907779, 42.517582], [-70.907611, 42.517448], [-70.907278, 42.517634], [-70.906587, 42.517338], [-70.906687, 42.517226], [-70.906401, 42.517116]]]}, "properties": {"layer": "green", "kind": "park"}}, {"type": "Feature", "geometry": {"type": "LineString", "coordinates": [[-70.895689, 42.518037], [-70.895729, 42.517899], [-70.895817, 42.517487], [-70.89582, 42.517331], [-70.895822, 42.517277], [-70.895883, 42.516841], [-70.895979, 42.516339], [-70.896142, 42.515455], [-70.89621, 42.515074], [-70.896293, 42.51461], [-70.896376, 42.514117], [-70.89644, 42.513651], [-70.896519, 42.513065], [-70.896605, 42.512448], [-70.896681, 42.511849], [-70.896683, 42.511827], [-70.896712, 42.511604], [-70.896736, 42.511315], [-70.896762, 42.511057], [-70.896783, 42.510939], [-70.896799, 42.510463], [-70.896829, 42.510232], [-70.896843, 42.510107], [-70.896889, 42.509818], [-70.896901, 42.50972], [-70.896957, 42.509471], [-70.89706, 42.509179], [-70.897141, 42.508921], [-70.897197, 42.508795], [-70.897259, 42.50867], [-70.897361, 42.508451], [-70.897475, 42.508244], [-70.897624, 42.507973], [-70.897758, 42.507797], [-70.897933, 42.507545], [-70.898071, 42.507347], [-70.898183, 42.507162], [-70.898219, 42.50708], [-70.898263, 42.506711], [-70.898297, 42.506368], [-70.8983, 42.506142], [-70.898214, 42.50585], [-70.898113, 42.505478], [-70.897911, 42.505002], [-70.897678, 42.504625], [-70.897476, 42.504352], [-70.897279, 42.504131], [-70.896164, 42.503135], [-70.896163, 42.502966], [-70.896117, 42.502966], [-70.896052, 42.502967], [-70.895965, 42.502963], [-70.895917, 42.502927], [-70.895837, 42.502818], [-70.89541, 42.502423], [-70.895082, 42.502119], [-70.894907, 42.50195], [-70.894888, 42.501931], [-70.894813, 42.501879], [-70.894741, 42.50182], [-70.893476, 42.500653], [-70.893143, 42.500333], [-70.891632, 42.49894], [-70.891566, 42.498879], [-70.891082, 42.498517], [-70.890745, 42.4983], [-70.890657, 42.498243], [-70.890173, 42.498002], [-70.889732, 42.49782], [-70.889307, 42.497682], [-70.888803, 42.497561], [-70.888222, 42.497484], [-70.887782, 42.497441], [-70.887452, 42.497409]]}, "properties": {"layer": "roads", "kind": "path"}}, {"type": "Feature", "geometry": {"type": "LineString", "coordinates": [[-70.896865, 42.523801], [-70.896678, 42.523768], [-70.89652, 42.523728], [-70.896399, 42.523691], [-70.896317, 42.523658], [-70.896283, 42.52364], [-70.896249, 42.523621], [-70.896208, 42.523587], [-70.896158, 42.523533], [-70.89611, 42.523459], [-70.896068, 42.523371], [-70.896028, 42.523271]]}, "properties": {"layer": "roads", "kind": "motorway"}}, {"type": "Feature", "geometry": {"type": "LineString", "coordinates": [[-70.895905, 42.52297], [-70.89585, 42.523074]]}, "properties": {"layer": "roads", "kind": "motorway"}}, {"type": "Feature", "geometry": {"type": "LineString", "coordinates": [[-70.89609, 42.523814], [-70.896077, 42.523699], [-70.896028, 42.523271], [-70.895989, 42.523116], [-70.895974, 42.523058]]}, "properties": {"layer": "roads", "kind": "motorway"}}, {"type": "Feature", "geometry": {"type": "LineString", "coordinates": [[-70.897137, 42.513811], [-70.89708, 42.514384], [-70.897009, 42.514893], [-70.896956, 42.515262], [-70.896931, 42.515421], [-70.89686, 42.516002], [-70.896857, 42.516032], [-70.896864, 42.516124], [-70.896869, 42.5162]]}, "properties": {"layer": "roads", "kind": "service"}}, {"type": "Feature", "geometry": {"type": "Polygon", "coordinates": [[[-70.90009, 42.524385], [-70.900152, 42.524347], [-70.900187, 42.524321], [-70.900249, 42.524291], [-70.900312, 42.52426], [-70.900419, 42.52422], [-70.900503, 42.524195], [-70.900613, 42.524172], [-70.900733, 42.52414], [-70.900815, 42.524119], [-70.900944, 42.524071], [-70.901003, 42.524046], [-70.901265, 42.523981], [-70.901431, 42.523912], [-70.901626, 42.523821], [-70.903078, 42.523306], [-70.90365, 42.523072], [-70.904057, 42.52294], [-70.904225, 42.522844], [-70.904396, 42.522758], [-70.90457, 42.522667], [-70.904685, 42.522578], [-70.905018, 42.522257], [-70.905278, 42.521977], [-70.905426, 42.521855], [-70.905506, 42.521773], [-70.905525, 42.521753], [-70.905511, 42.521689], [-70.905474, 42.521637], [-70.905452, 42.521578], [-70.905445, 42.521538], [-70.905462, 42.521499], [-70.905499, 42.521448], [-70.905539, 42.521398], [-70.905591, 42.521355], [-70.905638, 42.521395], [-70.905688, 42.521431], [-70.905596, 42.521523], [-70.905579, 42.521554], [-70.905579, 42.521595], [-70.905614, 42.521646], [-70.905641, 42.521689], [-70.905638, 42.521743], [-70.90563, 42.521776], [-70.905583, 42.521868], [-70.905551, 42.521941], [-70.905443, 42.522065], [-70.904923, 42.522567], [-70.9048, 42.522682], [-70.904673, 42.522774], [-70.904583, 42.522833], [-70.904486, 42.52289], [-70.904328, 42.522971], [-70.904185, 42.523028], [-70.903867, 42.523152], [-70.903272, 42.523384], [-70.90271, 42.523604], [-70.899777, 42.52471], [-70.899724, 42.524653], [-70.899693, 42.524609], [-70.899787, 42.524569], [-70.899883, 42.524525], [-70.899963, 42.52448], [-70.900041, 42.524424], [-70.90009, 42.524385]]]}, "properties": {"layer": "water", "kind": "water"}}, {"type": "Feature", "geometry": {"type": "LineString", "coordinates": [[-70.906169, 42.521472], [-70.906042, 42.521623], [-70.905961, 42.521692], [-70.905915, 42.521732]]}, "properties": {"layer": "roads", "kind": "service"}}, {"type": "Feature", "geometry": {"type": "LineString", "coordinates": [[-70.918594, 42.524484], [-70.918566, 42.52447], [-70.918387, 42.524391], [-70.918061, 42.524305], [-70.91763, 42.524194], [-70.917318, 42.524106], [-70.91697, 42.524015], [-70.916681, 42.523931], [-70.916336, 42.523847], [-70.915996, 42.523764], [-70.915711, 42.523693], [-70.915284, 42.523569], [-70.914874, 42.523467], [-70.914731, 42.523438], [-70.914361, 42.523347], [-70.914059, 42.52326], [-70.913522, 42.523122], [-70.913283, 42.523082], [-70.913041, 42.523044], [-70.912851, 42.523026], [-70.912653, 42.522979], [-70.912421, 42.522912], [-70.912277, 42.522857], [-70.912142, 42.52279], [-70.912005, 42.522683], [-70.911955, 42.5226], [-70.911946, 42.522524], [-70.91197, 42.522471], [-70.912001, 42.522384], [-70.91194, 42.522323], [-70.911778, 42.522206], [-70.911515, 42.522061], [-70.911224, 42.52188], [-70.91084, 42.521647], [-70.910408, 42.5214], [-70.909172, 42.521042], [-70.909097, 42.521005], [-70.909051, 42.520956], [-70.908725, 42.520485], [-70.908659, 42.520415], [-70.908569, 42.520361], [-70.908452, 42.520327], [-70.908344, 42.520314], [-70.908239, 42.520318], [-70.906595, 42.520834], [-70.906264, 42.520973], [-70.905956, 42.521159]]}, "properties": {"layer": "water", "kind": "river"}}, {"type": "Feature", "geometry": {"type": "Polygon", "coordinates": [[[-70.905511, 42.521689], [-70.905474, 42.521637], [-70.905579, 42.521595], [-70.905579, 42.521554], [-70.905596, 42.521523], [-70.905688, 42.521431], [-70.905784, 42.521379], [-70.906283, 42.521603], [-70.906, 42.521903], [-70.90561, 42.521725], [-70.905525, 42.521753], [-70.905506, 42.521773], [-70.905426, 42.521855], [-70.905278, 42.521977], [-70.905091, 42.522126], [-70.905021, 42.522173], [-70.904927, 42.522235], [-70.904816, 42.522303], [-70.904709, 42.522366], [-70.904599, 42.522427], [-70.904479, 42.522483], [-70.904378, 42.522537], [-70.904307, 42.522592], [-70.904229, 42.522656], [-70.904163, 42.522729], [-70.904092, 42.52282], [-70.904016, 42.522883], [-70.903965, 42.522914], [-70.903932, 42.522935], [-70.903916, 42.522941], [-70.903917, 42.523195], [-70.904108, 42.523399], [-70.904121, 42.523565], [-70.90361, 42.523857], [-70.903272, 42.523384], [-70.903867, 42.523152], [-70.90387, 42.522959], [-70.90374, 42.522987], [-70.903722, 42.522991], [-70.903383, 42.523069], [-70.903175, 42.523129], [-70.902944, 42.523209], [-70.902862, 42.523243], [-70.90271, 42.523325], [-70.902675, 42.523343], [-70.902623, 42.523364], [-70.90255, 42.523385], [-70.902389, 42.523429], [-70.902233, 42.523473], [-70.902116, 42.523511], [-70.901939, 42.523574], [-70.901824, 42.523618], [-70.901731, 42.523658], [-70.901605, 42.523718], [-70.90146, 42.523791], [-70.9013, 42.523882], [-70.901167, 42.523965], [-70.90111, 42.523995], [-70.901003, 42.524046], [-70.900944, 42.524071], [-70.900815, 42.524119], [-70.900733, 42.52414], [-70.900613, 42.524172], [-70.900503, 42.524195], [-70.900419, 42.52422], [-70.900312, 42.52426], [-70.900249, 42.524291], [-70.900187, 42.524321], [-70.900152, 42.524347], [-70.900108, 42.524277], [-70.900007, 42.524286], [-70.899811, 42.524248], [-70.899796, 42.524226], [-70.899714, 42.524107], [-70.899508, 42.524175], [-70.899308, 42.52424], [-70.899271, 42.524144], [-70.89988, 42.523912], [-70.900428, 42.523706], [-70.900561, 42.523653], [-70.900951, 42.523503], [-70.901598, 42.52326], [-70.90177, 42.523196], [-70.902613, 42.52287], [-70.903182, 42.522653], [-70.903357, 42.52258], [-70.90351, 42.522514], [-70.903628, 42.522459], [-70.903753, 42.5224], [-70.903824, 42.522373], [-70.904239, 42.522216], [-70.904503, 42.522117], [-70.904683, 42.522047], [-70.90482, 42.521977], [-70.905006, 42.521898], [-70.905273, 42.521785], [-70.90539, 42.521739], [-70.905511, 42.521689]]]}, "properties": {"layer": "green", "kind": "park"}}, {"type": "Feature", "geometry": {"type": "LineString", "coordinates": [[-70.905649, 42.521658], [-70.905493, 42.521715]]}, "properties": {"layer": "roads", "kind": "path"}}, {"type": "Feature", "geometry": {"type": "LineString", "coordinates": [[-70.903646, 42.523319], [-70.903561, 42.523313], [-70.903525, 42.523305], [-70.903463, 42.523325], [-70.903273, 42.523398], [-70.903073, 42.523474], [-70.902223, 42.523798], [-70.89978, 42.524727], [-70.899599, 42.524793]]}, "properties": {"layer": "roads", "kind": "path"}}, {"type": "Feature", "geometry": {"type": "Polygon", "coordinates": [[[-70.90591, 42.521118], [-70.906216, 42.520931], [-70.906568, 42.520787], [-70.908158, 42.520285], [-70.908289, 42.520259], [-70.908407, 42.52026], [-70.908521, 42.520287], [-70.908638, 42.520333], [-70.908707, 42.520385], [-70.90878, 42.520475], [-70.908942, 42.520718], [-70.909089, 42.520918], [-70.90916, 42.520984], [-70.909205, 42.521012], [-70.909264, 42.521032], [-70.909368, 42.521058], [-70.909588, 42.521113], [-70.910506, 42.521383], [-70.910614, 42.521453], [-70.910969, 42.521676], [-70.911429, 42.521958], [-70.911862, 42.522226], [-70.912055, 42.522375], [-70.912065, 42.522436], [-70.912026, 42.522491], [-70.912026, 42.522545], [-70.911997, 42.52262], [-70.912018, 42.522654], [-70.912074, 42.522678], [-70.912142, 42.522716], [-70.912231, 42.522762], [-70.912406, 42.52281], [-70.91258, 42.522892], [-70.912761, 42.522959], [-70.912849, 42.522998], [-70.912941, 42.522995], [-70.913164, 42.523017], [-70.91352, 42.523085], [-70.913959, 42.523201], [-70.914488, 42.523368], [-70.914906, 42.523434], [-70.915347, 42.523557], [-70.915635, 42.523634], [-70.91583, 42.523698], [-70.916453, 42.523847], [-70.917249, 42.524067], [-70.917805, 42.524209], [-70.918196, 42.524299], [-70.918544, 42.524396], [-70.918617, 42.524419], [-70.918627, 42.524448], [-70.918594, 42.524484], [-70.918576, 42.524508], [-70.91855, 42.52451], [-70.918512, 42.524485], [-70.91835, 42.524417], [-70.917914, 42.524302], [-70.917649, 42.524248], [-70.917185, 42.52411], [-70.916685, 42.523991], [-70.9163, 42.523917], [-70.915916, 42.523776], [-70.91569, 42.523721], [-70.915449, 42.52365], [-70.915284, 42.523615], [-70.915058, 42.523577], [-70.914777, 42.523484], [-70.914525, 42.523427], [-70.913787, 42.523214], [-70.913531, 42.52316], [-70.913276, 42.523131], [-70.913043, 42.523096], [-70.912794, 42.523068], [-70.91235, 42.522943], [-70.91215, 42.522821], [-70.912026, 42.522735], [-70.91193, 42.522658], [-70.911913, 42.52255], [-70.911897, 42.522483], [-70.911948, 42.522401], [-70.911796, 42.522271], [-70.911452, 42.522054], [-70.910483, 42.521478], [-70.910168, 42.521378], [-70.910171, 42.521366], [-70.909629, 42.521214], [-70.909151, 42.521072], [-70.909091, 42.521046], [-70.909036, 42.521007], [-70.908989, 42.520952], [-70.908665, 42.520487], [-70.908632, 42.520497], [-70.908599, 42.520446], [-70.908544, 42.520412], [-70.908474, 42.520376], [-70.908372, 42.520363], [-70.90828, 42.520364], [-70.908198, 42.520384], [-70.906626, 42.520877], [-70.906307, 42.521008], [-70.906001, 42.521186], [-70.905956, 42.521159], [-70.90591, 42.521118]]]}, "properties": {"layer": "water", "kind": "water"}}, {"type": "Feature", "geometry": {"type": "LineString", "coordinates": [[-70.905961, 42.521692], [-70.905875, 42.521632], [-70.905831, 42.521613], [-70.905794, 42.521606]]}, "properties": {"layer": "roads", "kind": "path"}}, {"type": "Feature", "geometry": {"type": "LineString", "coordinates": [[-70.906111, 42.521444], [-70.906015, 42.5215], [-70.905958, 42.521529], [-70.905908, 42.521549], [-70.905825, 42.521589], [-70.905794, 42.521606], [-70.905737, 42.52162], [-70.905676, 42.521646], [-70.905649, 42.521658]]}, "properties": {"layer": "roads", "kind": "path"}}, {"type": "Feature", "geometry": {"type": "LineString", "coordinates": [[-70.903896, 42.523152], [-70.903899, 42.523238], [-70.903882, 42.523285], [-70.903861, 42.523325], [-70.903839, 42.523342], [-70.903825, 42.523351], [-70.903793, 42.523348], [-70.903744, 42.523332], [-70.90368, 42.523321], [-70.903646, 42.523319]]}, "properties": {"layer": "roads", "kind": "path"}}, {"type": "Feature", "geometry": {"type": "LineString", "coordinates": [[-70.904061, 42.523326], [-70.903946, 42.523378], [-70.903821, 42.523435], [-70.903786, 42.523451], [-70.903747, 42.523471]]}, "properties": {"layer": "roads", "kind": "service"}}, {"type": "Feature", "geometry": {"type": "Polygon", "coordinates": [[[-70.906959, 42.521031], [-70.906975, 42.521059], [-70.907299, 42.520962], [-70.907223, 42.520823], [-70.906556, 42.521023], [-70.906612, 42.521124], [-70.906617, 42.521133], [-70.906959, 42.521031]]]}, "properties": {"layer": "buildings", "kind": "building"}}, {"type": "Feature", "geometry": {"type": "LineString", "coordinates": [[-70.902145, 42.523394], [-70.902128, 42.523378], [-70.902101, 42.52336], [-70.90206, 42.523347], [-70.902006, 42.523338], [-70.901953, 42.523335], [-70.901919, 42.523343], [-70.901844, 42.523375], [-70.901801, 42.523392], [-70.901772, 42.523415], [-70.901742, 42.523441], [-70.901722, 42.523469], [-70.901713, 42.523503], [-70.901715, 42.523526]]}, "properties": {"layer": "roads", "kind": "path"}}, {"type": "Feature", "geometry": {"type": "LineString", "coordinates": [[-70.906501, 42.521206], [-70.906478, 42.521163], [-70.906441, 42.521095], [-70.906421, 42.521036], [-70.906434, 42.520997], [-70.906475, 42.520967], [-70.90665, 42.5209], [-70.907242, 42.520725]]}, "properties": {"layer": "roads", "kind": "service"}}, {"type": "Feature", "geometry": {"type": "LineString", "coordinates": [[-70.908354, 42.520473], [-70.907567, 42.520694], [-70.90748, 42.520834], [-70.907346, 42.520964], [-70.907303, 42.520988], [-70.907173, 42.521031], [-70.906993, 42.521076], [-70.906823, 42.521109], [-70.906599, 42.521172], [-70.906501, 42.521206], [-70.906287, 42.521279], [-70.906173, 42.521323], [-70.906107, 42.521358], [-70.906033, 42.521407]]}, "properties": {"layer": "roads", "kind": "service"}}, {"type": "Feature", "geometry": {"type": "LineString", "coordinates": [[-70.903889, 42.522901], [-70.903853, 42.522856], [-70.903808, 42.52283], [-70.903775, 42.522813], [-70.903728, 42.522798], [-70.903683, 42.522799], [-70.903613, 42.522801], [-70.903535, 42.522809], [-70.903462, 42.522821], [-70.903381, 42.522834]]}, "properties": {"layer": "roads", "kind": "path"}}, {"type": "Feature", "geometry": {"type": "LineString", "coordinates": [[-70.906031, 42.521237], [-70.906441, 42.521095]]}, "properties": {"layer": "roads", "kind": "service"}}, {"type": "Feature", "geometry": {"type": "LineString", "coordinates": [[-70.905493, 42.521715], [-70.905427, 42.521746], [-70.905367, 42.521774], [-70.905302, 42.52181], [-70.905238, 42.521845], [-70.905096, 42.521958], [-70.905023, 42.522022], [-70.904956, 42.522075], [-70.904888, 42.522118], [-70.904759, 42.522187], [-70.904648, 42.52224], [-70.904533, 42.522295], [-70.904493, 42.522316], [-70.904363, 42.522349], [-70.904211, 42.522391], [-70.904102, 42.522431], [-70.903991, 42.522481], [-70.903844, 42.522562], [-70.903653, 42.522669], [-70.903485, 42.522762], [-70.903381, 42.522834], [-70.903348, 42.522857], [-70.903231, 42.522926], [-70.903194, 42.522946], [-70.903148, 42.522975], [-70.903036, 42.523054], [-70.902956, 42.523119], [-70.902896, 42.523164], [-70.902768, 42.523233], [-70.902656, 42.523288], [-70.902567, 42.523325], [-70.902491, 42.523344], [-70.902376, 42.523361], [-70.902145, 42.523394], [-70.902063, 42.52341], [-70.902004, 42.523423], [-70.901899, 42.523449], [-70.90177, 42.523499], [-70.901715, 42.523526], [-70.901685, 42.523541], [-70.901508, 42.52365], [-70.901381, 42.523741], [-70.90134, 42.523769], [-70.90124, 42.523848], [-70.901102, 42.523933], [-70.901002, 42.523984], [-70.900944, 42.524014], [-70.900869, 42.524044], [-70.900779, 42.524066], [-70.900648, 42.524101], [-70.900522, 42.52413], [-70.900415, 42.524156], [-70.900297, 42.524183], [-70.900254, 42.524184]]}, "properties": {"layer": "roads", "kind": "path"}}, {"type": "Feature", "geometry": {"type": "LineString", "coordinates": [[-70.903894, 42.52295], [-70.903896, 42.523152]]}, "properties": {"layer": "roads", "kind": "path"}}, {"type": "Feature", "geometry": {"type": "LineString", "coordinates": [[-70.895674, 42.521444], [-70.895687, 42.521365], [-70.895693, 42.52133], [-70.895694, 42.52131], [-70.895694, 42.521305], [-70.895686, 42.521249], [-70.895679, 42.521201], [-70.89562, 42.520768], [-70.895571, 42.52045], [-70.895563, 42.520394], [-70.895553, 42.520302], [-70.895553, 42.520286], [-70.895548, 42.52018], [-70.895565, 42.519973], [-70.895565, 42.51995], [-70.895567, 42.51993], [-70.895578, 42.51983]]}, "properties": {"layer": "roads", "kind": "motorway"}}, {"type": "Feature", "geometry": {"type": "LineString", "coordinates": [[-70.896033, 42.519874], [-70.896036, 42.51986], [-70.896091, 42.519623], [-70.896183, 42.519232], [-70.896199, 42.519161], [-70.896227, 42.519038], [-70.89627, 42.518849], [-70.89631, 42.518665], [-70.896354, 42.51846], [-70.896382, 42.518359]]}, "properties": {"layer": "roads", "kind": "primary"}}, {"type": "Feature", "geometry": {"type": "LineString", "coordinates": [[-70.898856, 42.523216], [-70.898971, 42.523227], [-70.899036, 42.523231], [-70.899095, 42.523235], [-70.899263, 42.523245]]}, "properties": {"layer": "roads", "kind": "primary"}}, {"type": "Feature", "geometry": {"type": "LineString", "coordinates": [[-70.896033, 42.519874], [-70.895769, 42.519798], [-70.895722, 42.519787], [-70.895622, 42.519746], [-70.895589, 42.51973]]}, "properties": {"layer": "roads", "kind": "primary"}}, {"type": "Feature", "geometry": {"type": "LineString", "coordinates": [[-70.899895, 42.523655], [-70.89986, 42.523599], [-70.899756, 42.523432], [-70.899707, 42.523362], [-70.899644, 42.523294], [-70.89955, 42.52323], [-70.89946, 42.523198], [-70.899312, 42.523168], [-70.89917, 42.523142], [-70.89894, 42.52311], [-70.898861, 42.523106]]}, "properties": {"layer": "roads", "kind": "primary"}}, {"type": "Feature", "geometry": {"type": "LineString", "coordinates": [[-70.897622, 42.521442], [-70.89762, 42.521397], [-70.897597, 42.520868], [-70.897592, 42.520768], [-70.897573, 42.520472], [-70.897572, 42.520302], [-70.897572, 42.52029], [-70.897579, 42.520092], [-70.89758, 42.520063], [-70.897582, 42.520013]]}, "properties": {"layer": "roads", "kind": "residential"}}, {"type": "Feature", "geometry": {"type": "LineString", "coordinates": [[-70.896841, 42.521442], [-70.896842, 42.521407], [-70.896849, 42.520821], [-70.896724, 42.520816], [-70.896481, 42.520807], [-70.89567, 42.52077], [-70.895643, 42.520769], [-70.89562, 42.520768]]}, "properties": {"layer": "roads", "kind": "residential"}}, {"type": "Feature", "geometry": {"type": "LineString", "coordinates": [[-70.897493, 42.519289], [-70.897495, 42.519381], [-70.897498, 42.519503], [-70.897498, 42.51951], [-70.897505, 42.51966], [-70.897519, 42.519913], [-70.897522, 42.519976], [-70.897524, 42.52001]]}, "properties": {"layer": "roads", "kind": "residential"}}, {"type": "Feature", "geometry": {"type": "LineString", "coordinates": [[-70.899047, 42.514879], [-70.899107, 42.514939], [-70.899244, 42.515078], [-70.900016, 42.51586], [-70.900578, 42.516429], [-70.900846, 42.516701], [-70.900992, 42.516849], [-70.901696, 42.517561]]}, "properties": {"layer": "roads", "kind": "residential"}}, {"type": "Feature", "geometry": {"type": "LineString", "coordinates": [[-70.8978, 42.517258], [-70.897818, 42.517314], [-70.897979, 42.517754], [-70.898067, 42.517997], [-70.89813, 42.518188], [-70.898166, 42.518333], [-70.898194, 42.518466], [-70.898237, 42.518652], [-70.898266, 42.518763], [-70.89833, 42.519057], [-70.898345, 42.519134], [-70.898364, 42.519237]]}, "properties": {"layer": "roads", "kind": "secondary"}}, {"type": "Feature", "geometry": {"type": "Polygon", "coordinates": [[[-70.904685, 42.522578], [-70.90457, 42.522667], [-70.904396, 42.522758], [-70.904225, 42.522844], [-70.904057, 42.52294], [-70.90365, 42.523072], [-70.903078, 42.523306], [-70.901626, 42.523821], [-70.901431, 42.523912], [-70.901265, 42.523981], [-70.901003, 42.524046], [-70.90111, 42.523995], [-70.901167, 42.523965], [-70.9013, 42.523882], [-70.90146, 42.523791], [-70.901605, 42.523718], [-70.901731, 42.523658], [-70.901824, 42.523618], [-70.901939, 42.523574], [-70.902116, 42.523511], [-70.902233, 42.523473], [-70.902389, 42.523429], [-70.90255, 42.523385], [-70.902623, 42.523364], [-70.902675, 42.523343], [-70.90271, 42.523325], [-70.902862, 42.523243], [-70.902944, 42.523209], [-70.903175, 42.523129], [-70.903383, 42.523069], [-70.903722, 42.522991], [-70.90374, 42.522987], [-70.90387, 42.522959], [-70.903894, 42.52295], [-70.903916, 42.522941], [-70.903932, 42.522935], [-70.903965, 42.522914], [-70.904016, 42.522883], [-70.904092, 42.52282], [-70.904163, 42.522729], [-70.904229, 42.522656], [-70.904307, 42.522592], [-70.904378, 42.522537], [-70.904479, 42.522483], [-70.904599, 42.522427], [-70.904709, 42.522366], [-70.904816, 42.522303], [-70.904927, 42.522235], [-70.905021, 42.522173], [-70.905091, 42.522126], [-70.905278, 42.521977], [-70.905018, 42.522257], [-70.904685, 42.522578]]]}, "properties": {"layer": "green", "kind": "wetland"}}, {"type": "Feature", "geometry": {"type": "LineString", "coordinates": [[-70.906111, 42.521444], [-70.906169, 42.521472], [-70.906291, 42.52153], [-70.906327, 42.521547], [-70.906376, 42.521571], [-70.906596, 42.521676], [-70.906676, 42.521726], [-70.90674, 42.521778], [-70.906791, 42.521828], [-70.907376, 42.522547]]}, "properties": {"layer": "roads", "kind": "residential"}}, {"type": "Feature", "geometry": {"type": "LineString", "coordinates": [[-70.905956, 42.521159], [-70.905638, 42.521395]]}, "properties": {"layer": "water", "kind": "river"}}, {"type": "Feature", "geometry": {"type": "LineString", "coordinates": [[-70.905638, 42.521395], [-70.905553, 42.521475], [-70.905522, 42.521536], [-70.905517, 42.521588], [-70.905576, 42.521704], [-70.90558, 42.521754], [-70.905564, 42.521805], [-70.90545, 42.521952], [-70.905269, 42.522113], [-70.904985, 42.522385], [-70.904783, 42.522583], [-70.904595, 42.522735], [-70.904374, 42.522859], [-70.904103, 42.522991], [-70.903788, 42.523115], [-70.903201, 42.523333], [-70.902642, 42.523538], [-70.901905, 42.523811], [-70.901316, 42.524043], [-70.90067, 42.524296], [-70.900139, 42.524494], [-70.899724, 42.524653]]}, "properties": {"layer": "water", "kind": "river"}}, {"type": "Feature", "geometry": {"type": "LineString", "coordinates": [[-70.907426, 42.52132], [-70.907386, 42.521288], [-70.907336, 42.52127], [-70.907282, 42.521262], [-70.907098, 42.521271], [-70.906923, 42.521288], [-70.906843, 42.521302], [-70.906768, 42.521321], [-70.906444, 42.521425], [-70.906409, 42.521441], [-70.906377, 42.521468], [-70.906291, 42.52153]]}, "properties": {"layer": "roads", "kind": "residential"}}, {"type": "Feature", "geometry": {"type": "LineString", "coordinates": [[-70.899895, 42.523655], [-70.899953, 42.523633], [-70.900212, 42.523533], [-70.90094, 42.523255], [-70.901339, 42.523103], [-70.902246, 42.522756], [-70.902448, 42.522675], [-70.902632, 42.522597], [-70.902814, 42.522521], [-70.903227, 42.522346], [-70.903454, 42.52225], [-70.903666, 42.522161], [-70.903802, 42.522101], [-70.903937, 42.522037], [-70.904088, 42.521964], [-70.904149, 42.521935], [-70.904266, 42.521879], [-70.905443, 42.521321], [-70.905506, 42.521291], [-70.905581, 42.521251], [-70.90563, 42.521214]]}, "properties": {"layer": "roads", "kind": "primary"}}, {"type": "Feature", "geometry": {"type": "Polygon", "coordinates": [[[-70.895144, 42.521811], [-70.895145, 42.521821], [-70.895584, 42.521783], [-70.895603, 42.521899], [-70.895362, 42.52192], [-70.895132, 42.52194], [-70.895134, 42.521956], [-70.895099, 42.521959], [-70.895077, 42.521817], [-70.895144, 42.521811]]]}, "properties": {"layer": "buildings", "kind": "building"}}, {"type": "Feature", "geometry": {"type": "Polygon", "coordinates": [[[-70.895567, 42.517252], [-70.895332, 42.517405], [-70.895352, 42.517422], [-70.895311, 42.517449], [-70.895229, 42.517443], [-70.895082, 42.51732], [-70.895569, 42.517001], [-70.895605, 42.517031], [-70.895579, 42.517178], [-70.895523, 42.517215], [-70.895567, 42.517252]]]}, "properties": {"layer": "buildings", "kind": "building"}}, {"type": "Feature", "geometry": {"type": "Polygon", "coordinates": [[[-70.895697, 42.516469], [-70.895673, 42.51664], [-70.8955, 42.516627], [-70.895483, 42.516748], [-70.895454, 42.516746], [-70.895599, 42.516879], [-70.895394, 42.517003], [-70.895266, 42.516887], [-70.895363, 42.516844], [-70.895191, 42.516619], [-70.895273, 42.516581], [-70.89535, 42.516583], [-70.895351, 42.516556], [-70.895697, 42.516469]]]}, "properties": {"layer": "buildings", "kind": "building"}}, {"type": "Feature", "geometry": {"type": "Polygon", "coordinates": [[[-70.895075, 42.523323], [-70.895095, 42.523321], [-70.895086, 42.523276], [-70.895591, 42.523223], [-70.8956, 42.523268], [-70.89576, 42.523251], [-70.895777, 42.52334], [-70.895545, 42.523364], [-70.895549, 42.523383], [-70.89552, 42.523386], [-70.895516, 42.523367], [-70.895378, 42.523382], [-70.895381, 42.5234], [-70.895352, 42.523404], [-70.895348, 42.523385], [-70.89521, 42.523399], [-70.895213, 42.523418], [-70.895185, 42.523421], [-70.895182, 42.523402], [-70.895112, 42.52341], [-70.895106, 42.523378], [-70.895086, 42.52338], [-70.895075, 42.523323]]]}, "properties": {"layer": "buildings", "kind": "building"}}, {"type": "Feature", "geometry": {"type": "Polygon", "coordinates": [[[-70.895592, 42.515822], [-70.89554, 42.516118], [-70.895323, 42.516098], [-70.895375, 42.515802], [-70.895592, 42.515822]]]}, "properties": {"layer": "buildings", "kind": "building"}}, {"type": "Feature", "geometry": {"type": "Polygon", "coordinates": [[[-70.895627, 42.517572], [-70.895563, 42.51785], [-70.895492, 42.51784], [-70.895474, 42.517816], [-70.895504, 42.517688], [-70.895589, 42.517568], [-70.895627, 42.517572]]]}, "properties": {"layer": "buildings", "kind": "building"}}, {"type": "Feature", "geometry": {"type": "Polygon", "coordinates": [[[-70.895713, 42.52243], [-70.895454, 42.522467], [-70.89537, 42.521933], [-70.895617, 42.521912], [-70.895676, 42.522287], [-70.895691, 42.522286], [-70.895707, 42.522389], [-70.895713, 42.52243]]]}, "properties": {"layer": "buildings", "kind": "building"}}, {"type": "Feature", "geometry": {"type": "Polygon", "coordinates": [[[-70.895782, 42.515336], [-70.895768, 42.515421], [-70.895756, 42.51542], [-70.89574, 42.515519], [-70.89563, 42.51551], [-70.895659, 42.515326], [-70.895782, 42.515336]]]}, "properties": {"layer": "buildings", "kind": "building"}}, {"type": "Feature", "geometry": {"type": "Polygon", "coordinates": [[[-70.895818, 42.515542], [-70.8958, 42.515643], [-70.895647, 42.515629], [-70.895665, 42.515527], [-70.895818, 42.515542]]]}, "properties": {"layer": "buildings", "kind": "building"}}, {"type": "Feature", "geometry": {"type": "Polygon", "coordinates": [[[-70.895895, 42.518439], [-70.895883, 42.518531], [-70.895765, 42.518522], [-70.895778, 42.51843], [-70.895895, 42.518439]]]}, "properties": {"layer": "buildings", "kind": "building"}}, {"type": "Feature", "geometry": {"type": "Polygon", "coordinates": [[[-70.896003, 42.520604], [-70.896093, 42.520604], [-70.896088, 42.52069], [-70.895995, 42.520688], [-70.895991, 42.520767], [-70.895707, 42.520759], [-70.895696, 42.520659], [-70.895685, 42.520558], [-70.895703, 42.520538], [-70.895994, 42.520531], [-70.896007, 42.52054], [-70.896003, 42.520604]]]}, "properties": {"layer": "buildings", "kind": "building"}}, {"type": "Feature", "geometry": {"type": "Polygon", "coordinates": [[[-70.895934, 42.522298], [-70.895902, 42.522036], [-70.895886, 42.522034], [-70.89587, 42.521772], [-70.895857, 42.521772], [-70.895812, 42.521513], [-70.896099, 42.521512], [-70.896099, 42.521521], [-70.89617, 42.521522], [-70.896168, 42.521681], [-70.896383, 42.521682], [-70.896383, 42.521626], [-70.896324, 42.521626], [-70.896324, 42.521635], [-70.896183, 42.521634], [-70.896184, 42.521522], [-70.896768, 42.521525], [-70.896766, 42.521712], [-70.896744, 42.521712], [-70.896743, 42.521788], [-70.896672, 42.521787], [-70.896672, 42.521797], [-70.896592, 42.521797], [-70.896592, 42.521814], [-70.896482, 42.521813], [-70.896482, 42.521825], [-70.896414, 42.521825], [-70.896414, 42.521836], [-70.896373, 42.521836], [-70.896374, 42.521791], [-70.896235, 42.52179], [-70.896239, 42.52183], [-70.896302, 42.521827], [-70.896335, 42.522057], [-70.896355, 42.52206], [-70.896358, 42.522051], [-70.896511, 42.522072], [-70.896442, 42.522304], [-70.896278, 42.522271], [-70.895934, 42.522298]]]}, "properties": {"layer": "buildings", "kind": "building"}}, {"type": "Feature", "geometry": {"type": "Polygon", "coordinates": [[[-70.896058, 42.520234], [-70.896014, 42.520232], [-70.896025, 42.520076], [-70.896169, 42.520081], [-70.89617, 42.520063], [-70.896529, 42.520076], [-70.89652, 42.520209], [-70.896445, 42.520206], [-70.896442, 42.520249], [-70.896157, 42.520238], [-70.896157, 42.52023], [-70.896059, 42.520226], [-70.896058, 42.520234]]]}, "properties": {"layer": "buildings", "kind": "building"}}, {"type": "Feature", "geometry": {"type": "Polygon", "coordinates": [[[-70.896348, 42.517784], [-70.896323, 42.517947], [-70.89622, 42.517938], [-70.896219, 42.517946], [-70.8962, 42.517956], [-70.896192, 42.51796], [-70.896181, 42.517959], [-70.896168, 42.518042], [-70.896041, 42.518032], [-70.896084, 42.517762], [-70.896348, 42.517784]]]}, "properties": {"layer": "buildings", "kind": "building"}}, {"type": "Feature", "geometry": {"type": "Polygon", "coordinates": [[[-70.896252, 42.51659], [-70.896247, 42.516643], [-70.896213, 42.516642], [-70.896218, 42.516588], [-70.896252, 42.51659]]]}, "properties": {"layer": "buildings", "kind": "building"}}, {"type": "Feature", "geometry": {"type": "Polygon", "coordinates": [[[-70.89637, 42.516777], [-70.896303, 42.517138], [-70.896133, 42.517121], [-70.8962, 42.51676], [-70.89637, 42.516777]]]}, "properties": {"layer": "buildings", "kind": "building"}}, {"type": "Feature", "geometry": {"type": "Polygon", "coordinates": [[[-70.896232, 42.522402], [-70.896269, 42.522401], [-70.896291, 42.522405], [-70.896311, 42.522412], [-70.896335, 42.522425], [-70.896353, 42.522443], [-70.896362, 42.522458], [-70.896367, 42.522474], [-70.896367, 42.52249], [-70.896364, 42.522506], [-70.896356, 42.522522], [-70.896344, 42.522536], [-70.896328, 42.522548], [-70.89631, 42.522557], [-70.89629, 42.522564], [-70.896271, 42.522568], [-70.896213, 42.522566], [-70.896214, 42.52253], [-70.896167, 42.522529], [-70.896173, 42.522577], [-70.895994, 42.522593], [-70.895984, 42.522536], [-70.895961, 42.522398], [-70.896144, 42.522381], [-70.896146, 42.522393], [-70.89623, 42.52239], [-70.896232, 42.522402]]]}, "properties": {"layer": "buildings", "kind": "building"}}, {"type": "Feature", "geometry": {"type": "Polygon", "coordinates": [[[-70.89642, 42.518797], [-70.896418, 42.518787], [-70.896432, 42.518711], [-70.896531, 42.518706], [-70.896541, 42.518811], [-70.896444, 42.518815], [-70.896426, 42.518805], [-70.89642, 42.518797]]]}, "properties": {"layer": "buildings", "kind": "building"}}, {"type": "Feature", "geometry": {"type": "Polygon", "coordinates": [[[-70.896441, 42.523455], [-70.896233, 42.52347], [-70.896194, 42.523172], [-70.896403, 42.523157], [-70.896429, 42.523354], [-70.896518, 42.523348], [-70.896493, 42.523151], [-70.896563, 42.523146], [-70.89656, 42.523126], [-70.896626, 42.523122], [-70.896629, 42.52314], [-70.896693, 42.523136], [-70.896723, 42.523368], [-70.896755, 42.523366], [-70.896783, 42.523581], [-70.896724, 42.523585], [-70.896729, 42.523618], [-70.896564, 42.52363], [-70.896557, 42.523575], [-70.896493, 42.523579], [-70.896473, 42.523428], [-70.896438, 42.523431], [-70.896441, 42.523455]]]}, "properties": {"layer": "buildings", "kind": "building"}}, {"type": "Feature", "geometry": {"type": "Polygon", "coordinates": [[[-70.896497, 42.518898], [-70.896512, 42.519078], [-70.89654, 42.519079], [-70.896516, 42.519156], [-70.896496, 42.519152], [-70.896489, 42.519174], [-70.896337, 42.519148], [-70.896347, 42.519115], [-70.896325, 42.519111], [-70.896395, 42.518905], [-70.896497, 42.518898]]]}, "properties": {"layer": "buildings", "kind": "building"}}, {"type": "Feature", "geometry": {"type": "Polygon", "coordinates": [[[-70.896476, 42.515963], [-70.896528, 42.515549], [-70.896539, 42.515549], [-70.896554, 42.515429], [-70.896806, 42.515447], [-70.896794, 42.515539], [-70.89681, 42.51554], [-70.896807, 42.515568], [-70.896791, 42.515567], [-70.896785, 42.515608], [-70.896802, 42.515609], [-70.896788, 42.515723], [-70.896771, 42.515722], [-70.89675, 42.515888], [-70.896767, 42.515889], [-70.896755, 42.515981], [-70.896682, 42.515976], [-70.896679, 42.516001], [-70.896558, 42.515993], [-70.896561, 42.515968], [-70.896476, 42.515963]]]}, "properties": {"layer": "buildings", "kind": "building"}}, {"type": "Feature", "geometry": {"type": "Polygon", "coordinates": [[[-70.896589, 42.518412], [-70.896524, 42.518403], [-70.896538, 42.518346], [-70.896556, 42.518349], [-70.896606, 42.518154], [-70.896592, 42.518153], [-70.896606, 42.518095], [-70.89672, 42.51811], [-70.896709, 42.518169], [-70.89675, 42.518174], [-70.8967, 42.518369], [-70.896731, 42.518374], [-70.896719, 42.518421], [-70.896592, 42.518403], [-70.896589, 42.518412]]]}, "properties": {"layer": "buildings", "kind": "building"}}, {"type": "Feature", "geometry": {"type": "Polygon", "coordinates": [[[-70.896791, 42.52066], [-70.896782, 42.520757], [-70.896597, 42.520747], [-70.896607, 42.52065], [-70.896791, 42.52066]]]}, "properties": {"layer": "buildings", "kind": "building"}}, {"type": "Feature", "geometry": {"type": "Polygon", "coordinates": [[[-70.896708, 42.518093], [-70.896589, 42.518079], [-70.896615, 42.517963], [-70.89667, 42.51793], [-70.896718, 42.51798], [-70.896706, 42.518038], [-70.896719, 42.518039], [-70.896708, 42.518093]]]}, "properties": {"layer": "buildings", "kind": "building"}}, {"type": "Feature", "geometry": {"type": "Polygon", "coordinates": [[[-70.89667, 42.51766], [-70.896699, 42.517644], [-70.896787, 42.51773], [-70.896726, 42.517764], [-70.896626, 42.517667], [-70.896658, 42.517649], [-70.89667, 42.51766]]]}, "properties": {"layer": "buildings", "kind": "building"}}, {"type": "Feature", "geometry": {"type": "Polygon", "coordinates": [[[-70.896821, 42.51746], [-70.896812, 42.517566], [-70.896709, 42.517561], [-70.896703, 42.517632], [-70.89662, 42.517629], [-70.896635, 42.517451], [-70.896821, 42.51746]]]}, "properties": {"layer": "buildings", "kind": "building"}}, {"type": "Feature", "geometry": {"type": "Polygon", "coordinates": [[[-70.896114, 42.522739], [-70.896485, 42.522725], [-70.896479, 42.522624], [-70.896658, 42.522618], [-70.896667, 42.522752], [-70.896698, 42.522751], [-70.8967, 42.522777], [-70.896669, 42.522778], [-70.896674, 42.522856], [-70.896508, 42.522862], [-70.896509, 42.522878], [-70.896123, 42.522892], [-70.896121, 42.522864], [-70.89608, 42.522865], [-70.896074, 42.522769], [-70.896116, 42.522768], [-70.896114, 42.522739]]]}, "properties": {"layer": "buildings", "kind": "building"}}, {"type": "Feature", "geometry": {"type": "Polygon", "coordinates": [[[-70.896596, 42.52215], [-70.896599, 42.522117], [-70.896563, 42.522115], [-70.896571, 42.522038], [-70.896712, 42.522046], [-70.896696, 42.522197], [-70.896565, 42.522189], [-70.896569, 42.522148], [-70.896596, 42.52215]]]}, "properties": {"layer": "buildings", "kind": "building"}}, {"type": "Feature", "geometry": {"type": "Polygon", "coordinates": [[[-70.896993, 42.517944], [-70.897018, 42.517931], [-70.897034, 42.517948], [-70.897012, 42.51796], [-70.897015, 42.518007], [-70.896891, 42.518034], [-70.896811, 42.517966], [-70.8968, 42.517972], [-70.896734, 42.517903], [-70.896879, 42.517826], [-70.896993, 42.517944]]]}, "properties": {"layer": "buildings", "kind": "building"}}, {"type": "Feature", "geometry": {"type": "Polygon", "coordinates": [[[-70.89682, 42.519723], [-70.89674, 42.51972], [-70.896733, 42.51981], [-70.896565, 42.519804], [-70.896564, 42.519812], [-70.896353, 42.519804], [-70.896361, 42.519684], [-70.896346, 42.519684], [-70.896357, 42.519532], [-70.896372, 42.519533], [-70.896382, 42.51941], [-70.896593, 42.519418], [-70.896592, 42.519431], [-70.896761, 42.519438], [-70.896755, 42.51952], [-70.896834, 42.519523], [-70.89682, 42.519723]]]}, "properties": {"layer": "buildings", "kind": "building"}}, {"type": "Feature", "geometry": {"type": "Polygon", "coordinates": [[[-70.896952, 42.519084], [-70.897012, 42.519086], [-70.897008, 42.519185], [-70.896754, 42.519179], [-70.896759, 42.519064], [-70.896952, 42.519084]]]}, "properties": {"layer": "buildings", "kind": "building"}}, {"type": "Feature", "geometry": {"type": "Polygon", "coordinates": [[[-70.896503, 42.518557], [-70.896525, 42.518473], [-70.896539, 42.518475], [-70.896549, 42.518436], [-70.896597, 42.518443], [-70.896589, 42.518469], [-70.89676, 42.518495], [-70.896774, 42.518446], [-70.896856, 42.518456], [-70.896851, 42.51848], [-70.896866, 42.518538], [-70.896872, 42.518551], [-70.89687, 42.518564], [-70.896861, 42.518575], [-70.896843, 42.518584], [-70.896828, 42.518585], [-70.896792, 42.51858], [-70.896786, 42.518605], [-70.896564, 42.518573], [-70.896557, 42.518599], [-70.896507, 42.518592], [-70.896516, 42.518559], [-70.896503, 42.518557]]]}, "properties": {"layer": "buildings", "kind": "building"}}, {"type": "Feature", "geometry": {"type": "Polygon", "coordinates": [[[-70.896994, 42.516356], [-70.896876, 42.516422], [-70.89681, 42.516357], [-70.896928, 42.516292], [-70.896994, 42.516356]]]}, "properties": {"layer": "buildings", "kind": "building"}}, {"type": "Feature", "geometry": {"type": "Polygon", "coordinates": [[[-70.896966, 42.517623], [-70.896823, 42.517701], [-70.896758, 42.517635], [-70.8969, 42.517557], [-70.896966, 42.517623]]]}, "properties": {"layer": "buildings", "kind": "building"}}, {"type": "Feature", "geometry": {"type": "Polygon", "coordinates": [[[-70.896835, 42.518985], [-70.896748, 42.518991], [-70.896737, 42.518878], [-70.896825, 42.518873], [-70.896835, 42.518985]]]}, "properties": {"layer": "buildings", "kind": "building"}}, {"type": "Feature", "geometry": {"type": "Polygon", "coordinates": [[[-70.896834, 42.516984], [-70.896793, 42.516982], [-70.896788, 42.517043], [-70.89668, 42.517038], [-70.896689, 42.516931], [-70.896791, 42.516935], [-70.89679, 42.516945], [-70.896837, 42.516947], [-70.896834, 42.516984]]]}, "properties": {"layer": "buildings", "kind": "building"}}, {"type": "Feature", "geometry": {"type": "Polygon", "coordinates": [[[-70.896852, 42.516457], [-70.89685, 42.51648], [-70.896895, 42.516482], [-70.896892, 42.516518], [-70.896845, 42.516516], [-70.896844, 42.516529], [-70.896725, 42.516523], [-70.896731, 42.516451], [-70.896852, 42.516457]]]}, "properties": {"layer": "buildings", "kind": "building"}}, {"type": "Feature", "geometry": {"type": "Polygon", "coordinates": [[[-70.897027, 42.521521], [-70.897027, 42.521636], [-70.896846, 42.521636], [-70.896845, 42.521521], [-70.897027, 42.521521]]]}, "properties": {"layer": "buildings", "kind": "building"}}, {"type": "Feature", "geometry": {"type": "Polygon", "coordinates": [[[-70.896706, 42.522556], [-70.896721, 42.522447], [-70.896765, 42.52245], [-70.896767, 42.522438], [-70.896848, 42.522444], [-70.896846, 42.522457], [-70.896893, 42.522461], [-70.896878, 42.522572], [-70.896853, 42.52257], [-70.896844, 42.522642], [-70.896722, 42.522633], [-70.896732, 42.522558], [-70.896706, 42.522556]]]}, "properties": {"layer": "buildings", "kind": "building"}}, {"type": "Feature", "geometry": {"type": "Polygon", "coordinates": [[[-70.896856, 42.518718], [-70.896837, 42.518719], [-70.896839, 42.518744], [-70.896881, 42.518741], [-70.896885, 42.518785], [-70.896692, 42.518795], [-70.896686, 42.518727], [-70.896651, 42.518729], [-70.896648, 42.518694], [-70.896853, 42.518684], [-70.896856, 42.518718]]]}, "properties": {"layer": "buildings", "kind": "building"}}, {"type": "Feature", "geometry": {"type": "Polygon", "coordinates": [[[-70.897116, 42.517528], [-70.897024, 42.517576], [-70.896917, 42.517463], [-70.897008, 42.517415], [-70.897116, 42.517528]]]}, "properties": {"layer": "buildings", "kind": "building"}}, {"type": "Feature", "geometry": {"type": "Polygon", "coordinates": [[[-70.896926, 42.516682], [-70.896919, 42.516766], [-70.896715, 42.516757], [-70.896722, 42.516673], [-70.896926, 42.516682]]]}, "properties": {"layer": "buildings", "kind": "building"}}, {"type": "Feature", "geometry": {"type": "Polygon", "coordinates": [[[-70.896986, 42.520922], [-70.896986, 42.520903], [-70.896923, 42.520904], [-70.896921, 42.52081], [-70.897079, 42.520808], [-70.89708, 42.520866], [-70.897268, 42.520864], [-70.897267, 42.520802], [-70.89729, 42.520802], [-70.897289, 42.520766], [-70.897379, 42.520764], [-70.897379, 42.52074], [-70.89755, 42.520738], [-70.897552, 42.520807], [-70.897382, 42.52081], [-70.897383, 42.520858], [-70.897553, 42.520856], [-70.897557, 42.521024], [-70.897088, 42.521031], [-70.897088, 42.521009], [-70.897021, 42.52101], [-70.89702, 42.520969], [-70.896988, 42.52097], [-70.896987, 42.520943], [-70.896973, 42.520943], [-70.896973, 42.520923], [-70.896986, 42.520922]]]}, "properties": {"layer": "buildings", "kind": "building"}}, {"type": "Feature", "geometry": {"type": "Polygon", "coordinates": [[[-70.897235, 42.5222], [-70.897236, 42.522182], [-70.897222, 42.522171], [-70.897187, 42.522169], [-70.897171, 42.522185], [-70.897147, 42.522185], [-70.897131, 42.52217], [-70.897078, 42.522169], [-70.897068, 42.522178], [-70.89704, 42.522177], [-70.897029, 42.522165], [-70.897029, 42.522154], [-70.89699, 42.522155], [-70.896973, 42.522166], [-70.896972, 42.522181], [-70.896988, 42.522192], [-70.896989, 42.522203], [-70.896965, 42.522217], [-70.896962, 42.522245], [-70.896998, 42.522246], [-70.896988, 42.522315], [-70.896939, 42.522312], [-70.896928, 42.52232], [-70.8969, 42.522319], [-70.896893, 42.522307], [-70.89684, 42.522304], [-70.896856, 42.522148], [-70.896891, 42.52215], [-70.896899, 42.522072], [-70.896957, 42.522075], [-70.896959, 42.52206], [-70.897296, 42.522079], [-70.897295, 42.522095], [-70.897335, 42.522097], [-70.897327, 42.522175], [-70.897352, 42.522177], [-70.897334, 42.522344], [-70.897275, 42.52234], [-70.897267, 42.522347], [-70.897239, 42.522346], [-70.897227, 42.522333], [-70.897179, 42.52233], [-70.89719, 42.522262], [-70.897225, 42.522265], [-70.89723, 42.522235], [-70.897216, 42.522226], [-70.897218, 42.522209], [-70.897235, 42.5222]]]}, "properties": {"layer": "buildings", "kind": "building"}}, {"type": "Feature", "geometry": {"type": "Polygon", "coordinates": [[[-70.897068, 42.517002], [-70.896959, 42.517017], [-70.896966, 42.517042], [-70.896915, 42.517049], [-70.896901, 42.516995], [-70.896951, 42.516988], [-70.896926, 42.516891], [-70.897036, 42.516876], [-70.897068, 42.517002]]]}, "properties": {"layer": "buildings", "kind": "building"}}, {"type": "Feature", "geometry": {"type": "Polygon", "coordinates": [[[-70.896753, 42.520228], [-70.896765, 42.520114], [-70.896726, 42.520112], [-70.896732, 42.52006], [-70.896978, 42.520074], [-70.896952, 42.520327], [-70.89672, 42.520314], [-70.896729, 42.520226], [-70.896753, 42.520228]]]}, "properties": {"layer": "buildings", "kind": "building"}}, {"type": "Feature", "geometry": {"type": "Polygon", "coordinates": [[[-70.897033, 42.516744], [-70.896959, 42.516756], [-70.896941, 42.516695], [-70.897015, 42.516683], [-70.897033, 42.516744]]]}, "properties": {"layer": "buildings", "kind": "building"}}, {"type": "Feature", "geometry": {"type": "Polygon", "coordinates": [[[-70.896963, 42.518416], [-70.896879, 42.518433], [-70.896859, 42.518381], [-70.896941, 42.518366], [-70.896963, 42.518416]]]}, "properties": {"layer": "buildings", "kind": "building"}}, {"type": "Feature", "geometry": {"type": "Polygon", "coordinates": [[[-70.896793, 42.516563], [-70.896794, 42.516554], [-70.896864, 42.516559], [-70.896863, 42.516568], [-70.896968, 42.516575], [-70.896958, 42.516662], [-70.896724, 42.516647], [-70.896734, 42.516559], [-70.896793, 42.516563]]]}, "properties": {"layer": "buildings", "kind": "building"}}, {"type": "Feature", "geometry": {"type": "Polygon", "coordinates": [[[-70.897008, 42.518944], [-70.896936, 42.518948], [-70.896944, 42.519018], [-70.896887, 42.519021], [-70.89688, 42.518955], [-70.896897, 42.518954], [-70.896888, 42.518867], [-70.896999, 42.51886], [-70.897008, 42.518944]]]}, "properties": {"layer": "buildings", "kind": "building"}}, {"type": "Feature", "geometry": {"type": "Polygon", "coordinates": [[[-70.897031, 42.520468], [-70.897014, 42.520604], [-70.897037, 42.520606], [-70.89702, 42.520736], [-70.89689, 42.520727], [-70.896907, 42.5206], [-70.896885, 42.520598], [-70.896902, 42.52046], [-70.897031, 42.520468]]]}, "properties": {"layer": "buildings", "kind": "building"}}, {"type": "Feature", "geometry": {"type": "Polygon", "coordinates": [[[-70.897101, 42.52247], [-70.897087, 42.522571], [-70.897015, 42.522565], [-70.897021, 42.522525], [-70.896949, 42.52252], [-70.896957, 42.522459], [-70.897101, 42.52247]]]}, "properties": {"layer": "buildings", "kind": "building"}}, {"type": "Feature", "geometry": {"type": "Polygon", "coordinates": [[[-70.897173, 42.516726], [-70.89706, 42.516744], [-70.897028, 42.516632], [-70.897141, 42.516614], [-70.897173, 42.516726]]]}, "properties": {"layer": "buildings", "kind": "building"}}, {"type": "Feature", "geometry": {"type": "Polygon", "coordinates": [[[-70.897041, 42.522844], [-70.897028, 42.522933], [-70.896874, 42.522921], [-70.896887, 42.522833], [-70.897041, 42.522844]]]}, "properties": {"layer": "buildings", "kind": "building"}}, {"type": "Feature", "geometry": {"type": "Polygon", "coordinates": [[[-70.897133, 42.518745], [-70.897042, 42.518749], [-70.897043, 42.518767], [-70.896916, 42.518774], [-70.896908, 42.518694], [-70.897033, 42.518687], [-70.897031, 42.518668], [-70.897125, 42.518663], [-70.897133, 42.518745]]]}, "properties": {"layer": "buildings", "kind": "building"}}, {"type": "Feature", "geometry": {"type": "Polygon", "coordinates": [[[-70.897052, 42.519074], [-70.896975, 42.519076], [-70.896973, 42.519027], [-70.897049, 42.519025], [-70.897052, 42.519074]]]}, "properties": {"layer": "buildings", "kind": "building"}}, {"type": "Feature", "geometry": {"type": "Polygon", "coordinates": [[[-70.897118, 42.518853], [-70.897124, 42.518943], [-70.897109, 42.518943], [-70.897111, 42.518977], [-70.897134, 42.518976], [-70.89714, 42.519073], [-70.897064, 42.519076], [-70.897049, 42.518856], [-70.897118, 42.518853]]]}, "properties": {"layer": "buildings", "kind": "building"}}, {"type": "Feature", "geometry": {"type": "Polygon", "coordinates": [[[-70.897251, 42.516992], [-70.897148, 42.517012], [-70.897099, 42.516871], [-70.897202, 42.516852], [-70.897251, 42.516992]]]}, "properties": {"layer": "buildings", "kind": "building"}}, {"type": "Feature", "geometry": {"type": "Polygon", "coordinates": [[[-70.897279, 42.517355], [-70.897243, 42.517374], [-70.8973, 42.517433], [-70.897207, 42.517481], [-70.897099, 42.517367], [-70.897226, 42.5173], [-70.897279, 42.517355]]]}, "properties": {"layer": "buildings", "kind": "building"}}, {"type": "Feature", "geometry": {"type": "Polygon", "coordinates": [[[-70.897084, 42.521074], [-70.897084, 42.521143], [-70.897099, 42.521143], [-70.897099, 42.521303], [-70.897038, 42.521303], [-70.897038, 42.521394], [-70.896891, 42.521394], [-70.896891, 42.521073], [-70.897084, 42.521074]]]}, "properties": {"layer": "buildings", "kind": "building"}}, {"type": "Feature", "geometry": {"type": "Polygon", "coordinates": [[[-70.897132, 42.516325], [-70.897101, 42.516341], [-70.897159, 42.516403], [-70.897106, 42.51643], [-70.896964, 42.51628], [-70.897048, 42.516236], [-70.897132, 42.516325]]]}, "properties": {"layer": "buildings", "kind": "building"}}, {"type": "Feature", "geometry": {"type": "Polygon", "coordinates": [[[-70.897275, 42.517752], [-70.897182, 42.517798], [-70.897108, 42.517716], [-70.897201, 42.51767], [-70.897275, 42.517752]]]}, "properties": {"layer": "buildings", "kind": "building"}}, {"type": "Feature", "geometry": {"type": "Polygon", "coordinates": [[[-70.897299, 42.522495], [-70.897261, 42.522668], [-70.897087, 42.522647], [-70.897125, 42.522474], [-70.897299, 42.522495]]]}, "properties": {"layer": "buildings", "kind": "building"}}, {"type": "Feature", "geometry": {"type": "Polygon", "coordinates": [[[-70.897474, 42.515627], [-70.89746, 42.515754], [-70.897378, 42.515807], [-70.897218, 42.515911], [-70.89722, 42.515897], [-70.897153, 42.515893], [-70.897186, 42.515609], [-70.897474, 42.515627]]]}, "properties": {"layer": "buildings", "kind": "building"}}, {"type": "Feature", "geometry": {"type": "Polygon", "coordinates": [[[-70.897325, 42.519073], [-70.897191, 42.519075], [-70.897189, 42.519009], [-70.897323, 42.519007], [-70.897325, 42.519073]]]}, "properties": {"layer": "buildings", "kind": "building"}}, {"type": "Feature", "geometry": {"type": "Polygon", "coordinates": [[[-70.897217, 42.522819], [-70.897196, 42.522937], [-70.897125, 42.52293], [-70.897137, 42.522866], [-70.897104, 42.522863], [-70.897114, 42.522809], [-70.897217, 42.522819]]]}, "properties": {"layer": "buildings", "kind": "building"}}, {"type": "Feature", "geometry": {"type": "Polygon", "coordinates": [[[-70.897236, 42.522704], [-70.897227, 42.52274], [-70.897158, 42.52273], [-70.897167, 42.522694], [-70.897236, 42.522704]]]}, "properties": {"layer": "buildings", "kind": "building"}}, {"type": "Feature", "geometry": {"type": "Polygon", "coordinates": [[[-70.897333, 42.516815], [-70.897343, 42.516853], [-70.897365, 42.51685], [-70.897376, 42.516889], [-70.897366, 42.516891], [-70.897373, 42.516917], [-70.897262, 42.516935], [-70.897232, 42.516831], [-70.897333, 42.516815]]]}, "properties": {"layer": "buildings", "kind": "building"}}, {"type": "Feature", "geometry": {"type": "Polygon", "coordinates": [[[-70.897067, 42.521606], [-70.897068, 42.521519], [-70.897236, 42.52152], [-70.897235, 42.521658], [-70.89705, 42.521657], [-70.897051, 42.521606], [-70.897067, 42.521606]]]}, "properties": {"layer": "buildings", "kind": "building"}}, {"type": "Feature", "geometry": {"type": "Polygon", "coordinates": [[[-70.897419, 42.518171], [-70.897264, 42.518191], [-70.897243, 42.518112], [-70.897399, 42.518091], [-70.897419, 42.518171]]]}, "properties": {"layer": "buildings", "kind": "building"}}, {"type": "Feature", "geometry": {"type": "Polygon", "coordinates": [[[-70.896908, 42.517059], [-70.897075, 42.517043], [-70.897103, 42.517131], [-70.897201, 42.517107], [-70.897245, 42.517155], [-70.896939, 42.517313], [-70.896895, 42.517267], [-70.896664, 42.517261], [-70.896675, 42.517053], [-70.896908, 42.517059]]]}, "properties": {"layer": "buildings", "kind": "building"}}, {"type": "Feature", "geometry": {"type": "Polygon", "coordinates": [[[-70.89725, 42.517874], [-70.897252, 42.517885], [-70.897318, 42.517875], [-70.897315, 42.517863], [-70.897353, 42.517857], [-70.897357, 42.51787], [-70.897408, 42.517862], [-70.897434, 42.517955], [-70.897195, 42.517991], [-70.897169, 42.517898], [-70.897219, 42.51789], [-70.897216, 42.517879], [-70.89725, 42.517874]]]}, "properties": {"layer": "buildings", "kind": "building"}}, {"type": "Feature", "geometry": {"type": "Polygon", "coordinates": [[[-70.897265, 42.516153], [-70.89727, 42.516166], [-70.897326, 42.516155], [-70.897357, 42.516237], [-70.89722, 42.516265], [-70.897189, 42.516183], [-70.897241, 42.516172], [-70.897236, 42.516159], [-70.897265, 42.516153]]]}, "properties": {"layer": "buildings", "kind": "building"}}, {"type": "Feature", "geometry": {"type": "Polygon", "coordinates": [[[-70.897319, 42.52276], [-70.897294, 42.522881], [-70.897324, 42.522885], [-70.897311, 42.522949], [-70.897212, 42.522938], [-70.897249, 42.522752], [-70.897319, 42.52276]]]}, "properties": {"layer": "buildings", "kind": "building"}}, {"type": "Feature", "geometry": {"type": "Polygon", "coordinates": [[[-70.897288, 42.51919], [-70.897279, 42.519192], [-70.897042, 42.51919], [-70.897043, 42.519102], [-70.897322, 42.519102], [-70.897322, 42.519161], [-70.897309, 42.519178], [-70.897288, 42.51919]]]}, "properties": {"layer": "buildings", "kind": "building"}}, {"type": "Feature", "geometry": {"type": "Polygon", "coordinates": [[[-70.897418, 42.518465], [-70.897319, 42.518478], [-70.897306, 42.518419], [-70.897317, 42.518417], [-70.897301, 42.518345], [-70.897389, 42.518334], [-70.897418, 42.518465]]]}, "properties": {"layer": "buildings", "kind": "building"}}, {"type": "Feature", "geometry": {"type": "Polygon", "coordinates": [[[-70.897316, 42.519411], [-70.897335, 42.519413], [-70.897321, 42.519555], [-70.897363, 42.519558], [-70.897358, 42.519613], [-70.897371, 42.519613], [-70.897347, 42.519855], [-70.897297, 42.519887], [-70.896967, 42.519869], [-70.897014, 42.519395], [-70.897221, 42.519406], [-70.897223, 42.519388], [-70.897318, 42.519393], [-70.897316, 42.519411]]]}, "properties": {"layer": "buildings", "kind": "building"}}, {"type": "Feature", "geometry": {"type": "Polygon", "coordinates": [[[-70.897481, 42.516559], [-70.897396, 42.516575], [-70.897399, 42.516584], [-70.89735, 42.516593], [-70.897329, 42.516534], [-70.897463, 42.516509], [-70.897481, 42.516559]]]}, "properties": {"layer": "buildings", "kind": "building"}}, {"type": "Feature", "geometry": {"type": "Polygon", "coordinates": [[[-70.897341, 42.518901], [-70.897267, 42.518904], [-70.897272, 42.518956], [-70.897202, 42.51896], [-70.897192, 42.518854], [-70.897336, 42.518847], [-70.897341, 42.518901]]]}, "properties": {"layer": "buildings", "kind": "building"}}, {"type": "Feature", "geometry": {"type": "Polygon", "coordinates": [[[-70.897349, 42.516703], [-70.897214, 42.516722], [-70.897181, 42.516595], [-70.897316, 42.516576], [-70.897349, 42.516703]]]}, "properties": {"layer": "buildings", "kind": "building"}}, {"type": "Feature", "geometry": {"type": "Polygon", "coordinates": [[[-70.897533, 42.520517], [-70.897534, 42.520618], [-70.89735, 42.520618], [-70.89735, 42.520574], [-70.897307, 42.520574], [-70.897306, 42.520517], [-70.897533, 42.520517]]]}, "properties": {"layer": "buildings", "kind": "building"}}, {"type": "Feature", "geometry": {"type": "Polygon", "coordinates": [[[-70.897516, 42.520386], [-70.897517, 42.520478], [-70.897099, 42.520482], [-70.897094, 42.520182], [-70.89731, 42.520199], [-70.897303, 42.520358], [-70.897352, 42.520388], [-70.897516, 42.520386]]]}, "properties": {"layer": "buildings", "kind": "building"}}, {"type": "Feature", "geometry": {"type": "Polygon", "coordinates": [[[-70.897473, 42.517564], [-70.89746, 42.517571], [-70.897515, 42.51763], [-70.897476, 42.51765], [-70.897491, 42.517666], [-70.897457, 42.517684], [-70.897353, 42.517574], [-70.89744, 42.517529], [-70.897473, 42.517564]]]}, "properties": {"layer": "buildings", "kind": "building"}}, {"type": "Feature", "geometry": {"type": "Polygon", "coordinates": [[[-70.897386, 42.518073], [-70.897221, 42.518093], [-70.897204, 42.518018], [-70.897369, 42.517998], [-70.897386, 42.518073]]]}, "properties": {"layer": "buildings", "kind": "building"}}, {"type": "Feature", "geometry": {"type": "Polygon", "coordinates": [[[-70.897377, 42.518743], [-70.897313, 42.518744], [-70.897307, 42.518627], [-70.897372, 42.518625], [-70.897377, 42.518743]]]}, "properties": {"layer": "buildings", "kind": "building"}}, {"type": "Feature", "geometry": {"type": "Polygon", "coordinates": [[[-70.89738, 42.516343], [-70.897289, 42.516362], [-70.897269, 42.516312], [-70.89736, 42.516292], [-70.89738, 42.516343]]]}, "properties": {"layer": "buildings", "kind": "building"}}, {"type": "Feature", "geometry": {"type": "Polygon", "coordinates": [[[-70.897446, 42.517151], [-70.897366, 42.51719], [-70.897325, 42.517147], [-70.897284, 42.517058], [-70.89739, 42.51703], [-70.897446, 42.517151]]]}, "properties": {"layer": "buildings", "kind": "building"}}, {"type": "Feature", "geometry": {"type": "Polygon", "coordinates": [[[-70.897524, 42.516674], [-70.897397, 42.516698], [-70.89737, 42.516617], [-70.897497, 42.516593], [-70.897524, 42.516674]]]}, "properties": {"layer": "buildings", "kind": "building"}}, {"type": "Feature", "geometry": {"type": "Polygon", "coordinates": [[[-70.897409, 42.522843], [-70.89742, 42.522769], [-70.897465, 42.522773], [-70.897454, 42.522848], [-70.89744, 42.522847], [-70.897425, 42.522949], [-70.897383, 42.522946], [-70.897398, 42.522842], [-70.897409, 42.522843]]]}, "properties": {"layer": "buildings", "kind": "building"}}, {"type": "Feature", "geometry": {"type": "Polygon", "coordinates": [[[-70.897415, 42.51893], [-70.897412, 42.518845], [-70.897548, 42.518843], [-70.897551, 42.51893], [-70.897533, 42.518931], [-70.897533, 42.51895], [-70.897478, 42.518951], [-70.897477, 42.518929], [-70.897415, 42.51893]]]}, "properties": {"layer": "buildings", "kind": "building"}}, {"type": "Feature", "geometry": {"type": "Polygon", "coordinates": [[[-70.897605, 42.516979], [-70.897446, 42.51701], [-70.897418, 42.516931], [-70.897576, 42.5169], [-70.897605, 42.516979]]]}, "properties": {"layer": "buildings", "kind": "building"}}, {"type": "Feature", "geometry": {"type": "Polygon", "coordinates": [[[-70.897387, 42.522619], [-70.897344, 42.522615], [-70.897364, 42.522504], [-70.897514, 42.522519], [-70.897484, 42.522684], [-70.897415, 42.522677], [-70.897432, 42.522581], [-70.897394, 42.522578], [-70.897387, 42.522619]]]}, "properties": {"layer": "buildings", "kind": "building"}}, {"type": "Feature", "geometry": {"type": "Polygon", "coordinates": [[[-70.897447, 42.516475], [-70.897286, 42.516507], [-70.897253, 42.516414], [-70.897414, 42.516383], [-70.897447, 42.516475]]]}, "properties": {"layer": "buildings", "kind": "building"}}, {"type": "Feature", "geometry": {"type": "Polygon", "coordinates": [[[-70.897467, 42.521522], [-70.897464, 42.521656], [-70.89741, 42.521656], [-70.89741, 42.521671], [-70.897289, 42.52167], [-70.897293, 42.52152], [-70.897467, 42.521522]]]}, "properties": {"layer": "buildings", "kind": "building"}}, {"type": "Feature", "geometry": {"type": "Polygon", "coordinates": [[[-70.897539, 42.518499], [-70.897539, 42.51853], [-70.897576, 42.51853], [-70.897576, 42.518582], [-70.897473, 42.518582], [-70.897473, 42.5185], [-70.897539, 42.518499]]]}, "properties": {"layer": "buildings", "kind": "building"}}, {"type": "Feature", "geometry": {"type": "Polygon", "coordinates": [[[-70.89744, 42.51864], [-70.897437, 42.518597], [-70.897472, 42.518595], [-70.897481, 42.518741], [-70.89742, 42.518743], [-70.897414, 42.518641], [-70.89744, 42.51864]]]}, "properties": {"layer": "buildings", "kind": "building"}}, {"type": "Feature", "geometry": {"type": "Polygon", "coordinates": [[[-70.897581, 42.517744], [-70.897525, 42.517753], [-70.897531, 42.517775], [-70.897498, 42.51778], [-70.897486, 42.517739], [-70.897576, 42.517725], [-70.897581, 42.517744]]]}, "properties": {"layer": "buildings", "kind": "building"}}, {"type": "Feature", "geometry": {"type": "Polygon", "coordinates": [[[-70.897497, 42.51736], [-70.897393, 42.517414], [-70.897274, 42.517288], [-70.897378, 42.517234], [-70.897497, 42.51736]]]}, "properties": {"layer": "buildings", "kind": "building"}}, {"type": "Feature", "geometry": {"type": "Polygon", "coordinates": [[[-70.897502, 42.518987], [-70.897499, 42.519087], [-70.897398, 42.519085], [-70.897402, 42.518985], [-70.897502, 42.518987]]]}, "properties": {"layer": "buildings", "kind": "building"}}, {"type": "Feature", "geometry": {"type": "Polygon", "coordinates": [[[-70.897671, 42.517102], [-70.897534, 42.517132], [-70.897498, 42.517039], [-70.897635, 42.517009], [-70.897671, 42.517102]]]}, "properties": {"layer": "buildings", "kind": "building"}}, {"type": "Feature", "geometry": {"type": "Polygon", "coordinates": [[[-70.897545, 42.51715], [-70.897676, 42.517127], [-70.897715, 42.517244], [-70.897598, 42.517302], [-70.897578, 42.517243], [-70.897559, 42.517246], [-70.897545, 42.517204], [-70.897562, 42.517201], [-70.897545, 42.51715]]]}, "properties": {"layer": "buildings", "kind": "building"}}, {"type": "Feature", "geometry": {"type": "Polygon", "coordinates": [[[-70.897562, 42.522846], [-70.89759, 42.522847], [-70.897589, 42.52289], [-70.897552, 42.522889], [-70.89755, 42.522946], [-70.897483, 42.522945], [-70.897485, 42.522886], [-70.897464, 42.522885], [-70.897466, 42.522819], [-70.897563, 42.522821], [-70.897562, 42.522846]]]}, "properties": {"layer": "buildings", "kind": "building"}}, {"type": "Feature", "geometry": {"type": "Polygon", "coordinates": [[[-70.897556, 42.521054], [-70.897566, 42.521388], [-70.897325, 42.521392], [-70.897331, 42.521057], [-70.897556, 42.521054]]]}, "properties": {"layer": "buildings", "kind": "building"}}, {"type": "Feature", "geometry": {"type": "Polygon", "coordinates": [[[-70.897583, 42.517508], [-70.897566, 42.517516], [-70.897598, 42.5176], [-70.897528, 42.517618], [-70.897464, 42.517516], [-70.897566, 42.517461], [-70.897583, 42.517508]]]}, "properties": {"layer": "buildings", "kind": "building"}}, {"type": "Feature", "geometry": {"type": "Polygon", "coordinates": [[[-70.897579, 42.516827], [-70.897559, 42.51683], [-70.89757, 42.516864], [-70.897418, 42.516893], [-70.897393, 42.516822], [-70.89747, 42.516807], [-70.897465, 42.516793], [-70.897506, 42.516785], [-70.897511, 42.516799], [-70.897565, 42.516789], [-70.897579, 42.516827]]]}, "properties": {"layer": "buildings", "kind": "building"}}, {"type": "Feature", "geometry": {"type": "Polygon", "coordinates": [[[-70.897662, 42.516257], [-70.897666, 42.516267], [-70.897696, 42.516261], [-70.897722, 42.516333], [-70.897572, 42.516363], [-70.897545, 42.516292], [-70.897625, 42.516276], [-70.897621, 42.516265], [-70.897662, 42.516257]]]}, "properties": {"layer": "buildings", "kind": "building"}}, {"type": "Feature", "geometry": {"type": "Polygon", "coordinates": [[[-70.897659, 42.51617], [-70.897673, 42.516167], [-70.897691, 42.516215], [-70.897607, 42.516233], [-70.897596, 42.516205], [-70.897617, 42.516201], [-70.897609, 42.516182], [-70.897523, 42.5162], [-70.897503, 42.516148], [-70.897639, 42.51612], [-70.897659, 42.51617]]]}, "properties": {"layer": "buildings", "kind": "building"}}, {"type": "Feature", "geometry": {"type": "Polygon", "coordinates": [[[-70.897621, 42.519156], [-70.89762, 42.519133], [-70.897605, 42.519127], [-70.897601, 42.519118], [-70.897605, 42.519106], [-70.897617, 42.5191], [-70.89777, 42.519093], [-70.897778, 42.519184], [-70.897624, 42.519191], [-70.897623, 42.519176], [-70.897614, 42.519173], [-70.89761, 42.519167], [-70.897613, 42.51916], [-70.897621, 42.519156]]]}, "properties": {"layer": "buildings", "kind": "building"}}, {"type": "Feature", "geometry": {"type": "Polygon", "coordinates": [[[-70.897622, 42.517671], [-70.897612, 42.517645], [-70.897635, 42.51764], [-70.897624, 42.517609], [-70.897799, 42.517573], [-70.897827, 42.517647], [-70.897651, 42.517683], [-70.897645, 42.517666], [-70.897622, 42.517671]]]}, "properties": {"layer": "buildings", "kind": "building"}}, {"type": "Feature", "geometry": {"type": "Polygon", "coordinates": [[[-70.897808, 42.520735], [-70.897644, 42.520739], [-70.897641, 42.520669], [-70.897805, 42.520665], [-70.897808, 42.520735]]]}, "properties": {"layer": "buildings", "kind": "building"}}, {"type": "Feature", "geometry": {"type": "Polygon", "coordinates": [[[-70.897673, 42.516151], [-70.897655, 42.516097], [-70.897772, 42.516076], [-70.897809, 42.516185], [-70.897705, 42.516205], [-70.897687, 42.516149], [-70.897673, 42.516151]]]}, "properties": {"layer": "buildings", "kind": "building"}}, {"type": "Feature", "geometry": {"type": "Polygon", "coordinates": [[[-70.897785, 42.517454], [-70.897619, 42.51749], [-70.897603, 42.517449], [-70.897648, 42.51744], [-70.89764, 42.517421], [-70.897671, 42.517414], [-70.897665, 42.517397], [-70.897756, 42.517378], [-70.897785, 42.517454]]]}, "properties": {"layer": "buildings", "kind": "building"}}, {"type": "Feature", "geometry": {"type": "Polygon", "coordinates": [[[-70.897687, 42.518626], [-70.897689, 42.518733], [-70.897572, 42.518734], [-70.897571, 42.518627], [-70.897687, 42.518626]]]}, "properties": {"layer": "buildings", "kind": "building"}}, {"type": "Feature", "geometry": {"type": "Polygon", "coordinates": [[[-70.89769, 42.522543], [-70.897666, 42.522686], [-70.897518, 42.522672], [-70.897543, 42.52253], [-70.89769, 42.522543]]]}, "properties": {"layer": "buildings", "kind": "building"}}, {"type": "Feature", "geometry": {"type": "Polygon", "coordinates": [[[-70.897819, 42.518213], [-70.897784, 42.518219], [-70.897787, 42.51823], [-70.89771, 42.518242], [-70.897698, 42.518203], [-70.897719, 42.518199], [-70.897714, 42.518179], [-70.897805, 42.518165], [-70.897819, 42.518213]]]}, "properties": {"layer": "buildings", "kind": "building"}}, {"type": "Feature", "geometry": {"type": "Polygon", "coordinates": [[[-70.897772, 42.516625], [-70.897701, 42.516634], [-70.897704, 42.516647], [-70.897669, 42.516651], [-70.897641, 42.516536], [-70.897746, 42.516522], [-70.897772, 42.516625]]]}, "properties": {"layer": "buildings", "kind": "building"}}, {"type": "Feature", "geometry": {"type": "Polygon", "coordinates": [[[-70.897881, 42.516381], [-70.897915, 42.516373], [-70.897922, 42.51639], [-70.897842, 42.516408], [-70.897835, 42.51639], [-70.897705, 42.51642], [-70.897691, 42.516386], [-70.897819, 42.516357], [-70.897828, 42.516378], [-70.897875, 42.516367], [-70.897881, 42.516381]]]}, "properties": {"layer": "buildings", "kind": "building"}}, {"type": "Feature", "geometry": {"type": "Polygon", "coordinates": [[[-70.897709, 42.517835], [-70.897683, 42.517761], [-70.897829, 42.517733], [-70.897867, 42.517842], [-70.897742, 42.517866], [-70.89773, 42.517831], [-70.897709, 42.517835]]]}, "properties": {"layer": "buildings", "kind": "building"}}, {"type": "Feature", "geometry": {"type": "Polygon", "coordinates": [[[-70.897733, 42.522798], [-70.897721, 42.522863], [-70.897866, 42.522861], [-70.897864, 42.52296], [-70.897704, 42.522959], [-70.897704, 42.522916], [-70.897658, 42.522916], [-70.897682, 42.522792], [-70.897733, 42.522798]]]}, "properties": {"layer": "buildings", "kind": "building"}}, {"type": "Feature", "geometry": {"type": "Polygon", "coordinates": [[[-70.897733, 42.518953], [-70.897578, 42.518959], [-70.897569, 42.518844], [-70.897724, 42.518837], [-70.897733, 42.518953]]]}, "properties": {"layer": "buildings", "kind": "building"}}, {"type": "Feature", "geometry": {"type": "Polygon", "coordinates": [[[-70.89768, 42.520417], [-70.89768, 42.520395], [-70.897728, 42.520395], [-70.897728, 42.520417], [-70.897717, 42.520417], [-70.897717, 42.520463], [-70.89763, 42.520463], [-70.89763, 42.520417], [-70.89768, 42.520417]]]}, "properties": {"layer": "buildings", "kind": "building"}}, {"type": "Feature", "geometry": {"type": "Polygon", "coordinates": [[[-70.897926, 42.51681], [-70.897751, 42.516836], [-70.897731, 42.516761], [-70.897907, 42.516736], [-70.897926, 42.51681]]]}, "properties": {"layer": "buildings", "kind": "building"}}, {"type": "Feature", "geometry": {"type": "Polygon", "coordinates": [[[-70.897812, 42.517552], [-70.897637, 42.517588], [-70.897609, 42.517513], [-70.897784, 42.517477], [-70.897812, 42.517552]]]}, "properties": {"layer": "buildings", "kind": "building"}}, {"type": "Feature", "geometry": {"type": "Polygon", "coordinates": [[[-70.897897, 42.518745], [-70.897788, 42.518747], [-70.897784, 42.518649], [-70.897893, 42.518647], [-70.897897, 42.518745]]]}, "properties": {"layer": "buildings", "kind": "building"}}, {"type": "Feature", "geometry": {"type": "Polygon", "coordinates": [[[-70.89789, 42.518246], [-70.897891, 42.518285], [-70.897798, 42.518286], [-70.897798, 42.518277], [-70.897769, 42.518277], [-70.897769, 42.518248], [-70.89789, 42.518246]]]}, "properties": {"layer": "buildings", "kind": "building"}}, {"type": "Feature", "geometry": {"type": "Polygon", "coordinates": [[[-70.89786, 42.518355], [-70.897799, 42.518358], [-70.897796, 42.518319], [-70.897857, 42.518317], [-70.89786, 42.518355]]]}, "properties": {"layer": "buildings", "kind": "building"}}, {"type": "Feature", "geometry": {"type": "Polygon", "coordinates": [[[-70.897819, 42.516468], [-70.897756, 42.51648], [-70.897761, 42.516492], [-70.89763, 42.516517], [-70.897612, 42.516464], [-70.897806, 42.516428], [-70.897819, 42.516468]]]}, "properties": {"layer": "buildings", "kind": "building"}}, {"type": "Feature", "geometry": {"type": "Polygon", "coordinates": [[[-70.897911, 42.516604], [-70.897845, 42.516614], [-70.897848, 42.516625], [-70.897809, 42.516631], [-70.897776, 42.516519], [-70.89788, 42.516502], [-70.897911, 42.516604]]]}, "properties": {"layer": "buildings", "kind": "building"}}, {"type": "Feature", "geometry": {"type": "Polygon", "coordinates": [[[-70.897811, 42.517049], [-70.897797, 42.516999], [-70.897815, 42.516996], [-70.897813, 42.516986], [-70.897974, 42.51696], [-70.897994, 42.51703], [-70.897834, 42.517056], [-70.897831, 42.517045], [-70.897811, 42.517049]]]}, "properties": {"layer": "buildings", "kind": "building"}}, {"type": "Feature", "geometry": {"type": "Polygon", "coordinates": [[[-70.897834, 42.520568], [-70.897627, 42.520553], [-70.897633, 42.520503], [-70.897775, 42.520513], [-70.897774, 42.520521], [-70.89784, 42.520526], [-70.897834, 42.520568]]]}, "properties": {"layer": "buildings", "kind": "building"}}, {"type": "Feature", "geometry": {"type": "Polygon", "coordinates": [[[-70.897835, 42.516257], [-70.897761, 42.516271], [-70.897741, 42.516211], [-70.897815, 42.516197], [-70.897835, 42.516257]]]}, "properties": {"layer": "buildings", "kind": "building"}}, {"type": "Feature", "geometry": {"type": "Polygon", "coordinates": [[[-70.897842, 42.522224], [-70.897837, 42.522319], [-70.897779, 42.522317], [-70.897784, 42.522222], [-70.897842, 42.522224]]]}, "properties": {"layer": "buildings", "kind": "building"}}, {"type": "Feature", "geometry": {"type": "Polygon", "coordinates": [[[-70.897869, 42.519026], [-70.897841, 42.519027], [-70.897849, 42.519112], [-70.897792, 42.519115], [-70.897765, 42.518842], [-70.89785, 42.518838], [-70.897869, 42.519026]]]}, "properties": {"layer": "buildings", "kind": "building"}}, {"type": "Feature", "geometry": {"type": "Polygon", "coordinates": [[[-70.897918, 42.518028], [-70.897963, 42.518019], [-70.897987, 42.518088], [-70.897817, 42.518121], [-70.897792, 42.518051], [-70.897859, 42.518039], [-70.897856, 42.51803], [-70.897915, 42.518019], [-70.897918, 42.518028]]]}, "properties": {"layer": "buildings", "kind": "building"}}, {"type": "Feature", "geometry": {"type": "Polygon", "coordinates": [[[-70.89791, 42.519925], [-70.897834, 42.519915], [-70.897835, 42.519923], [-70.897676, 42.519904], [-70.897657, 42.519593], [-70.897813, 42.519588], [-70.897823, 42.519742], [-70.897906, 42.519739], [-70.897902, 42.519676], [-70.897875, 42.519677], [-70.897872, 42.519642], [-70.8979, 42.519641], [-70.897897, 42.519589], [-70.898261, 42.519576], [-70.898282, 42.519921], [-70.897971, 42.519931], [-70.897971, 42.519923], [-70.89791, 42.519925]]]}, "properties": {"layer": "buildings", "kind": "building"}}, {"type": "Feature", "geometry": {"type": "Polygon", "coordinates": [[[-70.897872, 42.517906], [-70.897876, 42.517916], [-70.897923, 42.517907], [-70.897946, 42.517975], [-70.897774, 42.518008], [-70.89775, 42.517941], [-70.897819, 42.517927], [-70.897815, 42.517917], [-70.897872, 42.517906]]]}, "properties": {"layer": "buildings", "kind": "building"}}, {"type": "Feature", "geometry": {"type": "Polygon", "coordinates": [[[-70.89789, 42.518608], [-70.897813, 42.518611], [-70.89781, 42.518565], [-70.897887, 42.518562], [-70.89789, 42.518608]]]}, "properties": {"layer": "buildings", "kind": "building"}}, {"type": "Feature", "geometry": {"type": "Polygon", "coordinates": [[[-70.89797, 42.522802], [-70.897965, 42.522859], [-70.897993, 42.522861], [-70.897985, 42.522957], [-70.897884, 42.522953], [-70.897897, 42.522799], [-70.89797, 42.522802]]]}, "properties": {"layer": "buildings", "kind": "building"}}, {"type": "Feature", "geometry": {"type": "Polygon", "coordinates": [[[-70.897903, 42.522678], [-70.897914, 42.522679], [-70.897905, 42.522741], [-70.897839, 42.522736], [-70.897847, 42.52268], [-70.897783, 42.522674], [-70.897789, 42.522633], [-70.897812, 42.522635], [-70.897824, 42.522562], [-70.89792, 42.52257], [-70.897903, 42.522678]]]}, "properties": {"layer": "buildings", "kind": "building"}}, {"type": "Feature", "geometry": {"type": "Polygon", "coordinates": [[[-70.898102, 42.51833], [-70.897951, 42.51835], [-70.897933, 42.518276], [-70.898084, 42.518256], [-70.898102, 42.51833]]]}, "properties": {"layer": "buildings", "kind": "building"}}, {"type": "Feature", "geometry": {"type": "Polygon", "coordinates": [[[-70.898102, 42.520259], [-70.898091, 42.520392], [-70.897937, 42.520385], [-70.897948, 42.520252], [-70.898102, 42.520259]]]}, "properties": {"layer": "buildings", "kind": "building"}}, {"type": "Feature", "geometry": {"type": "Polygon", "coordinates": [[[-70.898176, 42.517382], [-70.897963, 42.517414], [-70.897927, 42.517281], [-70.89814, 42.51725], [-70.898176, 42.517382]]]}, "properties": {"layer": "buildings", "kind": "building"}}, {"type": "Feature", "geometry": {"type": "Polygon", "coordinates": [[[-70.898463, 42.515503], [-70.898256, 42.515634], [-70.898329, 42.515697], [-70.898188, 42.515786], [-70.898113, 42.51572], [-70.897963, 42.515815], [-70.897867, 42.515731], [-70.898363, 42.515417], [-70.898463, 42.515503]]]}, "properties": {"layer": "buildings", "kind": "building"}}, {"type": "Feature", "geometry": {"type": "Polygon", "coordinates": [[[-70.897893, 42.522365], [-70.897893, 42.522338], [-70.897913, 42.522337], [-70.897912, 42.522269], [-70.897964, 42.522269], [-70.897965, 42.522432], [-70.89787, 42.522432], [-70.897869, 42.522365], [-70.897893, 42.522365]]]}, "properties": {"layer": "buildings", "kind": "building"}}, {"type": "Feature", "geometry": {"type": "Polygon", "coordinates": [[[-70.898035, 42.516016], [-70.898052, 42.516153], [-70.897965, 42.516159], [-70.897958, 42.516101], [-70.897931, 42.516102], [-70.897938, 42.516161], [-70.897847, 42.516167], [-70.89783, 42.51603], [-70.898035, 42.516016]]]}, "properties": {"layer": "buildings", "kind": "building"}}, {"type": "Feature", "geometry": {"type": "Polygon", "coordinates": [[[-70.897984, 42.516898], [-70.897963, 42.516902], [-70.897969, 42.51692], [-70.897779, 42.516955], [-70.89775, 42.516867], [-70.897961, 42.516829], [-70.897984, 42.516898]]]}, "properties": {"layer": "buildings", "kind": "building"}}, {"type": "Feature", "geometry": {"type": "Polygon", "coordinates": [[[-70.89809, 42.516793], [-70.898002, 42.516805], [-70.897992, 42.516766], [-70.898081, 42.516754], [-70.89809, 42.516793]]]}, "properties": {"layer": "buildings", "kind": "building"}}, {"type": "Feature", "geometry": {"type": "Polygon", "coordinates": [[[-70.898037, 42.516568], [-70.897938, 42.516586], [-70.897911, 42.516506], [-70.89801, 42.516488], [-70.898037, 42.516568]]]}, "properties": {"layer": "buildings", "kind": "building"}}, {"type": "Feature", "geometry": {"type": "Polygon", "coordinates": [[[-70.898008, 42.518967], [-70.898231, 42.518959], [-70.898235, 42.519021], [-70.89818, 42.519023], [-70.898181, 42.519037], [-70.898122, 42.519039], [-70.898118, 42.518984], [-70.898089, 42.518985], [-70.898091, 42.519006], [-70.898011, 42.519009], [-70.898008, 42.518967]]]}, "properties": {"layer": "buildings", "kind": "building"}}, {"type": "Feature", "geometry": {"type": "Polygon", "coordinates": [[[-70.898027, 42.518451], [-70.898027, 42.51846], [-70.897855, 42.518464], [-70.897853, 42.518436], [-70.897894, 42.518434], [-70.897893, 42.518407], [-70.897986, 42.518405], [-70.897985, 42.518378], [-70.898023, 42.518377], [-70.89809, 42.518363], [-70.898093, 42.518402], [-70.898112, 42.518401], [-70.898114, 42.518427], [-70.898103, 42.518428], [-70.898105, 42.518449], [-70.898117, 42.518448], [-70.898124, 42.518538], [-70.898008, 42.518543], [-70.898004, 42.518489], [-70.898051, 42.518487], [-70.898049, 42.518451], [-70.898027, 42.518451]]]}, "properties": {"layer": "buildings", "kind": "building"}}, {"type": "Feature", "geometry": {"type": "Polygon", "coordinates": [[[-70.898028, 42.51715], [-70.897863, 42.517172], [-70.897842, 42.517086], [-70.898007, 42.517063], [-70.898028, 42.51715]]]}, "properties": {"layer": "buildings", "kind": "building"}}, {"type": "Feature", "geometry": {"type": "Polygon", "coordinates": [[[-70.898043, 42.516512], [-70.898021, 42.516451], [-70.898203, 42.516416], [-70.89822, 42.516465], [-70.898207, 42.516467], [-70.89822, 42.516506], [-70.898235, 42.516503], [-70.898254, 42.516556], [-70.898072, 42.516591], [-70.898049, 42.516528], [-70.898127, 42.516513], [-70.898121, 42.516497], [-70.898043, 42.516512]]]}, "properties": {"layer": "buildings", "kind": "building"}}, {"type": "Feature", "geometry": {"type": "Polygon", "coordinates": [[[-70.898058, 42.518204], [-70.897942, 42.518222], [-70.89792, 42.518144], [-70.898036, 42.518126], [-70.898058, 42.518204]]]}, "properties": {"layer": "buildings", "kind": "building"}}, {"type": "Feature", "geometry": {"type": "Polygon", "coordinates": [[[-70.898015, 42.518934], [-70.898009, 42.51886], [-70.898066, 42.518858], [-70.898064, 42.518831], [-70.898197, 42.518825], [-70.898207, 42.518943], [-70.898068, 42.518949], [-70.898067, 42.518932], [-70.898015, 42.518934]]]}, "properties": {"layer": "buildings", "kind": "building"}}, {"type": "Feature", "geometry": {"type": "Polygon", "coordinates": [[[-70.898039, 42.518664], [-70.898042, 42.518704], [-70.898065, 42.518704], [-70.898067, 42.518737], [-70.897954, 42.518741], [-70.897952, 42.518709], [-70.897982, 42.518708], [-70.897979, 42.518666], [-70.898039, 42.518664]]]}, "properties": {"layer": "buildings", "kind": "building"}}, {"type": "Feature", "geometry": {"type": "Polygon", "coordinates": [[[-70.89812, 42.517089], [-70.898058, 42.517098], [-70.898043, 42.517037], [-70.898105, 42.517028], [-70.89812, 42.517089]]]}, "properties": {"layer": "buildings", "kind": "building"}}, {"type": "Feature", "geometry": {"type": "Polygon", "coordinates": [[[-70.898252, 42.517102], [-70.898149, 42.517115], [-70.898121, 42.516995], [-70.898224, 42.516982], [-70.898252, 42.517102]]]}, "properties": {"layer": "buildings", "kind": "building"}}, {"type": "Feature", "geometry": {"type": "Polygon", "coordinates": [[[-70.89813, 42.522551], [-70.898118, 42.522665], [-70.897962, 42.522656], [-70.897973, 42.522542], [-70.89813, 42.522551]]]}, "properties": {"layer": "buildings", "kind": "building"}}, {"type": "Feature", "geometry": {"type": "Polygon", "coordinates": [[[-70.898221, 42.522763], [-70.898224, 42.522793], [-70.898303, 42.522789], [-70.898308, 42.522831], [-70.89829, 42.522832], [-70.898298, 42.522915], [-70.898144, 42.522923], [-70.898129, 42.522768], [-70.898221, 42.522763]]]}, "properties": {"layer": "buildings", "kind": "building"}}, {"type": "Feature", "geometry": {"type": "Polygon", "coordinates": [[[-70.897924, 42.522238], [-70.897912, 42.522024], [-70.898079, 42.522018], [-70.898139, 42.52202], [-70.898154, 42.522151], [-70.898163, 42.52215], [-70.898161, 42.522029], [-70.898302, 42.522022], [-70.898348, 42.52202], [-70.89855, 42.52201], [-70.898551, 42.522019], [-70.898552, 42.522058], [-70.898589, 42.522084], [-70.898593, 42.522115], [-70.898556, 42.522143], [-70.898558, 42.522155], [-70.898563, 42.522185], [-70.898495, 42.522189], [-70.898496, 42.522202], [-70.898427, 42.522205], [-70.898427, 42.522212], [-70.898218, 42.522222], [-70.898219, 42.52224], [-70.898109, 42.522244], [-70.898107, 42.522228], [-70.898063, 42.522231], [-70.897924, 42.522238]]]}, "properties": {"layer": "buildings", "kind": "building"}}, {"type": "Feature", "geometry": {"type": "Polygon", "coordinates": [[[-70.898153, 42.5205], [-70.898218, 42.520498], [-70.898217, 42.520477], [-70.898345, 42.520473], [-70.898351, 42.520583], [-70.8982, 42.520588], [-70.898199, 42.52057], [-70.898131, 42.520572], [-70.898129, 42.520531], [-70.898154, 42.52053], [-70.898153, 42.5205]]]}, "properties": {"layer": "buildings", "kind": "building"}}, {"type": "Feature", "geometry": {"type": "Polygon", "coordinates": [[[-70.898204, 42.51729], [-70.898159, 42.517295], [-70.898149, 42.517247], [-70.898194, 42.517242], [-70.898204, 42.51729]]]}, "properties": {"layer": "buildings", "kind": "building"}}, {"type": "Feature", "geometry": {"type": "Polygon", "coordinates": [[[-70.898193, 42.5206], [-70.898187, 42.520652], [-70.898051, 42.520643], [-70.898057, 42.520592], [-70.898193, 42.5206]]]}, "properties": {"layer": "buildings", "kind": "building"}}, {"type": "Feature", "geometry": {"type": "Polygon", "coordinates": [[[-70.898445, 42.516132], [-70.898412, 42.51614], [-70.898425, 42.516167], [-70.898275, 42.5162], [-70.898196, 42.516016], [-70.898199, 42.516007], [-70.898206, 42.515999], [-70.898224, 42.515991], [-70.898376, 42.515984], [-70.898445, 42.516132]]]}, "properties": {"layer": "buildings", "kind": "building"}}, {"type": "Feature", "geometry": {"type": "Polygon", "coordinates": [[[-70.898064, 42.518691], [-70.898053, 42.518655], [-70.898171, 42.518635], [-70.898202, 42.518732], [-70.898114, 42.518747], [-70.898094, 42.518686], [-70.898064, 42.518691]]]}, "properties": {"layer": "buildings", "kind": "building"}}, {"type": "Feature", "geometry": {"type": "Polygon", "coordinates": [[[-70.898227, 42.516789], [-70.898131, 42.516802], [-70.898106, 42.516698], [-70.898202, 42.516686], [-70.898227, 42.516789]]]}, "properties": {"layer": "buildings", "kind": "building"}}, {"type": "Feature", "geometry": {"type": "Polygon", "coordinates": [[[-70.898321, 42.522658], [-70.89828, 42.522654], [-70.898269, 42.522729], [-70.898216, 42.522725], [-70.89822, 42.522699], [-70.89815, 42.522694], [-70.898157, 42.522644], [-70.898146, 42.522643], [-70.89816, 42.522545], [-70.898336, 42.522559], [-70.898321, 42.522658]]]}, "properties": {"layer": "buildings", "kind": "building"}}, {"type": "Feature", "geometry": {"type": "Polygon", "coordinates": [[[-70.898191, 42.517501], [-70.898201, 42.517542], [-70.898213, 42.517541], [-70.898223, 42.517576], [-70.898211, 42.517578], [-70.898222, 42.51762], [-70.89809, 42.517639], [-70.89806, 42.517519], [-70.898191, 42.517501]]]}, "properties": {"layer": "buildings", "kind": "building"}}, {"type": "Feature", "geometry": {"type": "Polygon", "coordinates": [[[-70.898232, 42.517382], [-70.898189, 42.517387], [-70.898176, 42.517324], [-70.898218, 42.517319], [-70.898232, 42.517382]]]}, "properties": {"layer": "buildings", "kind": "building"}}, {"type": "Feature", "geometry": {"type": "Polygon", "coordinates": [[[-70.898368, 42.516797], [-70.89827, 42.516811], [-70.898238, 42.516689], [-70.898336, 42.516675], [-70.898368, 42.516797]]]}, "properties": {"layer": "buildings", "kind": "building"}}, {"type": "Feature", "geometry": {"type": "Polygon", "coordinates": [[[-70.89806, 42.519096], [-70.898061, 42.519113], [-70.898122, 42.519112], [-70.89812, 42.519088], [-70.898236, 42.519085], [-70.898239, 42.51915], [-70.898001, 42.519157], [-70.897998, 42.519098], [-70.89806, 42.519096]]]}, "properties": {"layer": "buildings", "kind": "building"}}, {"type": "Feature", "geometry": {"type": "Polygon", "coordinates": [[[-70.898246, 42.517443], [-70.898197, 42.517447], [-70.898191, 42.517397], [-70.89824, 42.517394], [-70.898246, 42.517443]]]}, "properties": {"layer": "buildings", "kind": "building"}}, {"type": "Feature", "geometry": {"type": "Polygon", "coordinates": [[[-70.898263, 42.520372], [-70.898262, 42.520313], [-70.898383, 42.520305], [-70.898397, 42.520417], [-70.898268, 42.520418], [-70.898268, 42.520409], [-70.898176, 42.520404], [-70.898175, 42.520364], [-70.898263, 42.520372]]]}, "properties": {"layer": "buildings", "kind": "building"}}, {"type": "Feature", "geometry": {"type": "Polygon", "coordinates": [[[-70.898355, 42.517364], [-70.898261, 42.517379], [-70.898222, 42.517249], [-70.898271, 42.517241], [-70.898267, 42.517227], [-70.898313, 42.51722], [-70.898355, 42.517364]]]}, "properties": {"layer": "buildings", "kind": "building"}}, {"type": "Feature", "geometry": {"type": "Polygon", "coordinates": [[[-70.898353, 42.517882], [-70.898138, 42.517923], [-70.898121, 42.517873], [-70.898138, 42.51787], [-70.898124, 42.517828], [-70.898322, 42.517791], [-70.898353, 42.517882]]]}, "properties": {"layer": "buildings", "kind": "building"}}, {"type": "Feature", "geometry": {"type": "Polygon", "coordinates": [[[-70.898407, 42.517061], [-70.898324, 42.517069], [-70.898311, 42.51699], [-70.898394, 42.516983], [-70.898407, 42.517061]]]}, "properties": {"layer": "buildings", "kind": "building"}}, {"type": "Feature", "geometry": {"type": "Polygon", "coordinates": [[[-70.898449, 42.517622], [-70.89835, 42.517637], [-70.898327, 42.517555], [-70.898426, 42.51754], [-70.898449, 42.517622]]]}, "properties": {"layer": "buildings", "kind": "building"}}, {"type": "Feature", "geometry": {"type": "Polygon", "coordinates": [[[-70.898411, 42.517446], [-70.89834, 42.51746], [-70.898322, 42.517411], [-70.898393, 42.517397], [-70.898411, 42.517446]]]}, "properties": {"layer": "buildings", "kind": "building"}}, {"type": "Feature", "geometry": {"type": "Polygon", "coordinates": [[[-70.898421, 42.516352], [-70.898347, 42.516368], [-70.898334, 42.516331], [-70.898406, 42.516316], [-70.898421, 42.516352]]]}, "properties": {"layer": "buildings", "kind": "building"}}, {"type": "Feature", "geometry": {"type": "Polygon", "coordinates": [[[-70.898524, 42.522572], [-70.898517, 42.522643], [-70.898537, 42.522644], [-70.898528, 42.522725], [-70.898458, 42.522721], [-70.898466, 42.52264], [-70.898398, 42.522636], [-70.898406, 42.522565], [-70.898524, 42.522572]]]}, "properties": {"layer": "buildings", "kind": "building"}}, {"type": "Feature", "geometry": {"type": "Polygon", "coordinates": [[[-70.898531, 42.514912], [-70.89847, 42.514951], [-70.898585, 42.515052], [-70.897995, 42.515425], [-70.897761, 42.515222], [-70.898414, 42.51481], [-70.898531, 42.514912]]]}, "properties": {"layer": "buildings", "kind": "building"}}, {"type": "Feature", "geometry": {"type": "Polygon", "coordinates": [[[-70.898396, 42.517279], [-70.898377, 42.517282], [-70.898359, 42.517215], [-70.898506, 42.517193], [-70.898552, 42.517363], [-70.898419, 42.517383], [-70.898415, 42.517368], [-70.898399, 42.51737], [-70.898387, 42.517326], [-70.898408, 42.517323], [-70.898396, 42.517279]]]}, "properties": {"layer": "buildings", "kind": "building"}}, {"type": "Feature", "geometry": {"type": "Polygon", "coordinates": [[[-70.89855, 42.516775], [-70.898438, 42.516792], [-70.898415, 42.516706], [-70.89843, 42.516704], [-70.898418, 42.516662], [-70.898515, 42.516647], [-70.89855, 42.516775]]]}, "properties": {"layer": "buildings", "kind": "building"}}, {"type": "Feature", "geometry": {"type": "Polygon", "coordinates": [[[-70.89842, 42.517948], [-70.898356, 42.517957], [-70.898343, 42.517907], [-70.898407, 42.517898], [-70.89842, 42.517948]]]}, "properties": {"layer": "buildings", "kind": "building"}}, {"type": "Feature", "geometry": {"type": "Polygon", "coordinates": [[[-70.898292, 42.520681], [-70.898406, 42.520674], [-70.898413, 42.520732], [-70.898424, 42.520732], [-70.898431, 42.520797], [-70.898307, 42.520805], [-70.898302, 42.520764], [-70.898222, 42.520769], [-70.898219, 42.520741], [-70.898299, 42.520736], [-70.898292, 42.520681]]]}, "properties": {"layer": "buildings", "kind": "building"}}, {"type": "Feature", "geometry": {"type": "Polygon", "coordinates": [[[-70.89844, 42.516238], [-70.898475, 42.51623], [-70.898488, 42.51626], [-70.898451, 42.516269], [-70.898457, 42.516283], [-70.898316, 42.516315], [-70.898288, 42.516249], [-70.89843, 42.516216], [-70.89844, 42.516238]]]}, "properties": {"layer": "buildings", "kind": "building"}}, {"type": "Feature", "geometry": {"type": "Polygon", "coordinates": [[[-70.898517, 42.516496], [-70.8984, 42.516515], [-70.898364, 42.51639], [-70.898481, 42.516372], [-70.898517, 42.516496]]]}, "properties": {"layer": "buildings", "kind": "building"}}, {"type": "Feature", "geometry": {"type": "Polygon", "coordinates": [[[-70.898608, 42.519382], [-70.89861, 42.519406], [-70.898708, 42.519403], [-70.898712, 42.519453], [-70.898623, 42.519456], [-70.898625, 42.519495], [-70.898512, 42.5195], [-70.89851, 42.519475], [-70.898492, 42.519476], [-70.898491, 42.519466], [-70.898509, 42.519466], [-70.898508, 42.519444], [-70.898491, 42.519445], [-70.89849, 42.519435], [-70.898506, 42.519434], [-70.898505, 42.519416], [-70.898485, 42.519416], [-70.898484, 42.519407], [-70.898504, 42.519406], [-70.898502, 42.519378], [-70.898483, 42.519378], [-70.898482, 42.51937], [-70.898499, 42.519369], [-70.898496, 42.519334], [-70.898533, 42.519333], [-70.898533, 42.519325], [-70.898552, 42.519324], [-70.898556, 42.519383], [-70.898578, 42.519382], [-70.898578, 42.519371], [-70.898594, 42.519371], [-70.898595, 42.519382], [-70.898608, 42.519382]]]}, "properties": {"layer": "buildings", "kind": "building"}}, {"type": "Feature", "geometry": {"type": "Polygon", "coordinates": [[[-70.897954, 42.521375], [-70.897927, 42.521352], [-70.897926, 42.52133], [-70.897943, 42.521329], [-70.897932, 42.520849], [-70.897918, 42.52085], [-70.897918, 42.520832], [-70.897944, 42.520831], [-70.897944, 42.520843], [-70.898014, 42.520843], [-70.898014, 42.520851], [-70.898095, 42.52085], [-70.898094, 42.520838], [-70.898121, 42.520837], [-70.898121, 42.520856], [-70.898107, 42.520857], [-70.898117, 42.521283], [-70.898164, 42.521282], [-70.898162, 42.521157], [-70.898254, 42.521156], [-70.898253, 42.521109], [-70.898373, 42.521108], [-70.898373, 42.521092], [-70.898325, 42.521093], [-70.898309, 42.520976], [-70.898295, 42.520977], [-70.898296, 42.520986], [-70.898212, 42.520985], [-70.898177, 42.520974], [-70.898176, 42.520934], [-70.898195, 42.520934], [-70.898193, 42.520891], [-70.898273, 42.520889], [-70.898274, 42.520909], [-70.898298, 42.520908], [-70.898298, 42.520898], [-70.898454, 42.520893], [-70.898515, 42.521357], [-70.898495, 42.521371], [-70.898174, 42.521379], [-70.898174, 42.52137], [-70.897954, 42.521375]]]}, "properties": {"layer": "buildings", "kind": "building"}}, {"type": "Feature", "geometry": {"type": "Polygon", "coordinates": [[[-70.898427, 42.522774], [-70.898503, 42.52277], [-70.898507, 42.522809], [-70.898472, 42.522811], [-70.898482, 42.5229], [-70.898402, 42.522906], [-70.898391, 42.522812], [-70.898364, 42.522814], [-70.898358, 42.52276], [-70.898425, 42.522755], [-70.898427, 42.522774]]]}, "properties": {"layer": "buildings", "kind": "building"}}, {"type": "Feature", "geometry": {"type": "Polygon", "coordinates": [[[-70.898668, 42.515858], [-70.898189, 42.515887], [-70.898183, 42.515834], [-70.898488, 42.515816], [-70.898389, 42.515657], [-70.898506, 42.515584], [-70.898668, 42.515858]]]}, "properties": {"layer": "buildings", "kind": "building"}}, {"type": "Feature", "geometry": {"type": "Polygon", "coordinates": [[[-70.898562, 42.516209], [-70.898479, 42.516226], [-70.898458, 42.516171], [-70.898532, 42.516156], [-70.898562, 42.516209]]]}, "properties": {"layer": "buildings", "kind": "building"}}, {"type": "Feature", "geometry": {"type": "Polygon", "coordinates": [[[-70.898548, 42.518004], [-70.898451, 42.518018], [-70.898439, 42.517973], [-70.898536, 42.517958], [-70.898548, 42.518004]]]}, "properties": {"layer": "buildings", "kind": "building"}}, {"type": "Feature", "geometry": {"type": "Polygon", "coordinates": [[[-70.898457, 42.516903], [-70.898518, 42.516894], [-70.898524, 42.516913], [-70.898552, 42.516908], [-70.898593, 42.517059], [-70.898497, 42.517073], [-70.898492, 42.517052], [-70.898479, 42.517054], [-70.898443, 42.516924], [-70.898461, 42.516921], [-70.898457, 42.516903]]]}, "properties": {"layer": "buildings", "kind": "building"}}, {"type": "Feature", "geometry": {"type": "Polygon", "coordinates": [[[-70.898471, 42.518791], [-70.89853, 42.518776], [-70.898523, 42.518761], [-70.898619, 42.518736], [-70.898653, 42.518806], [-70.898642, 42.518809], [-70.898724, 42.518978], [-70.898665, 42.518993], [-70.898673, 42.519009], [-70.898579, 42.519033], [-70.898572, 42.519018], [-70.8985, 42.519037], [-70.898419, 42.518868], [-70.898407, 42.518871], [-70.898373, 42.518801], [-70.898464, 42.518777], [-70.898471, 42.518791]]]}, "properties": {"layer": "buildings", "kind": "building"}}, {"type": "Feature", "geometry": {"type": "Polygon", "coordinates": [[[-70.898549, 42.517769], [-70.89856, 42.517812], [-70.898572, 42.517811], [-70.898594, 42.517894], [-70.898488, 42.51791], [-70.898456, 42.517782], [-70.898549, 42.517769]]]}, "properties": {"layer": "buildings", "kind": "building"}}, {"type": "Feature", "geometry": {"type": "Polygon", "coordinates": [[[-70.89874, 42.516771], [-70.898591, 42.516794], [-70.898577, 42.516741], [-70.898725, 42.516719], [-70.89874, 42.516771]]]}, "properties": {"layer": "buildings", "kind": "building"}}, {"type": "Feature", "geometry": {"type": "Polygon", "coordinates": [[[-70.898629, 42.519754], [-70.89873, 42.519751], [-70.898737, 42.519868], [-70.898653, 42.519871], [-70.898654, 42.519887], [-70.89858, 42.519889], [-70.898576, 42.519825], [-70.89856, 42.519826], [-70.898557, 42.519773], [-70.89863, 42.519771], [-70.898629, 42.519754]]]}, "properties": {"layer": "buildings", "kind": "building"}}, {"type": "Feature", "geometry": {"type": "Polygon", "coordinates": [[[-70.898627, 42.517597], [-70.89851, 42.517616], [-70.898474, 42.517494], [-70.898591, 42.517477], [-70.898627, 42.517597]]]}, "properties": {"layer": "buildings", "kind": "building"}}, {"type": "Feature", "geometry": {"type": "Polygon", "coordinates": [[[-70.898613, 42.516886], [-70.89855, 42.516898], [-70.898534, 42.51685], [-70.898597, 42.516839], [-70.898613, 42.516886]]]}, "properties": {"layer": "buildings", "kind": "building"}}, {"type": "Feature", "geometry": {"type": "Polygon", "coordinates": [[[-70.8987, 42.51735], [-70.8986, 42.517365], [-70.898557, 42.5172], [-70.898657, 42.517186], [-70.8987, 42.51735]]]}, "properties": {"layer": "buildings", "kind": "building"}}, {"type": "Feature", "geometry": {"type": "Polygon", "coordinates": [[[-70.898758, 42.51787], [-70.898642, 42.517887], [-70.898601, 42.517728], [-70.898717, 42.517712], [-70.898758, 42.51787]]]}, "properties": {"layer": "buildings", "kind": "building"}}, {"type": "Feature", "geometry": {"type": "Polygon", "coordinates": [[[-70.898593, 42.522761], [-70.898587, 42.52269], [-70.8986, 42.522689], [-70.898598, 42.522673], [-70.898651, 42.522671], [-70.89866, 42.522787], [-70.898609, 42.522789], [-70.898606, 42.522761], [-70.898593, 42.522761]]]}, "properties": {"layer": "buildings", "kind": "building"}}, {"type": "Feature", "geometry": {"type": "Polygon", "coordinates": [[[-70.898719, 42.517988], [-70.898642, 42.517998], [-70.898628, 42.517941], [-70.898705, 42.51793], [-70.898719, 42.517988]]]}, "properties": {"layer": "buildings", "kind": "building"}}, {"type": "Feature", "geometry": {"type": "Polygon", "coordinates": [[[-70.898662, 42.516674], [-70.898561, 42.516688], [-70.898543, 42.51662], [-70.898644, 42.516605], [-70.898662, 42.516674]]]}, "properties": {"layer": "buildings", "kind": "building"}}, {"type": "Feature", "geometry": {"type": "Polygon", "coordinates": [[[-70.898763, 42.517577], [-70.898669, 42.517592], [-70.898646, 42.51751], [-70.89874, 42.517496], [-70.898763, 42.517577]]]}, "properties": {"layer": "buildings", "kind": "building"}}, {"type": "Feature", "geometry": {"type": "Polygon", "coordinates": [[[-70.898651, 42.516188], [-70.89858, 42.516213], [-70.89855, 42.516166], [-70.89862, 42.516141], [-70.898651, 42.516188]]]}, "properties": {"layer": "buildings", "kind": "building"}}, {"type": "Feature", "geometry": {"type": "Polygon", "coordinates": [[[-70.898622, 42.520194], [-70.898585, 42.520073], [-70.898787, 42.520039], [-70.898824, 42.520159], [-70.898749, 42.520172], [-70.898772, 42.520245], [-70.898679, 42.520261], [-70.898656, 42.520188], [-70.898622, 42.520194]]]}, "properties": {"layer": "buildings", "kind": "building"}}, {"type": "Feature", "geometry": {"type": "Polygon", "coordinates": [[[-70.898704, 42.519681], [-70.898668, 42.519683], [-70.898672, 42.519732], [-70.898529, 42.519737], [-70.898524, 42.51967], [-70.898667, 42.519664], [-70.898666, 42.519656], [-70.898702, 42.519655], [-70.898704, 42.519681]]]}, "properties": {"layer": "buildings", "kind": "building"}}, {"type": "Feature", "geometry": {"type": "Polygon", "coordinates": [[[-70.898516, 42.519632], [-70.898512, 42.519553], [-70.898672, 42.519549], [-70.898674, 42.519586], [-70.89873, 42.519585], [-70.898729, 42.51956], [-70.898754, 42.51956], [-70.898757, 42.519606], [-70.898696, 42.519608], [-70.898697, 42.519625], [-70.898676, 42.519626], [-70.898676, 42.519637], [-70.898629, 42.519639], [-70.898628, 42.519629], [-70.898516, 42.519632]]]}, "properties": {"layer": "buildings", "kind": "building"}}, {"type": "Feature", "geometry": {"type": "Polygon", "coordinates": [[[-70.898674, 42.516471], [-70.898563, 42.516487], [-70.898531, 42.516362], [-70.898643, 42.516346], [-70.898674, 42.516471]]]}, "properties": {"layer": "buildings", "kind": "building"}}, {"type": "Feature", "geometry": {"type": "Polygon", "coordinates": [[[-70.898717, 42.51595], [-70.898724, 42.515962], [-70.898735, 42.515958], [-70.898792, 42.516046], [-70.898671, 42.516089], [-70.898612, 42.515998], [-70.898685, 42.515972], [-70.898674, 42.515954], [-70.898717, 42.51595]]]}, "properties": {"layer": "buildings", "kind": "building"}}, {"type": "Feature", "geometry": {"type": "Polygon", "coordinates": [[[-70.898674, 42.52074], [-70.898672, 42.520727], [-70.898821, 42.520717], [-70.898824, 42.520741], [-70.898894, 42.520737], [-70.8989, 42.520792], [-70.898922, 42.52079], [-70.898925, 42.520821], [-70.898904, 42.520823], [-70.898906, 42.520842], [-70.898839, 42.520847], [-70.898841, 42.520862], [-70.898694, 42.520872], [-70.898692, 42.520859], [-70.898681, 42.520854], [-70.898676, 42.520845], [-70.898678, 42.520836], [-70.898686, 42.52083], [-70.898681, 42.520774], [-70.89867, 42.520767], [-70.898665, 42.520757], [-70.898666, 42.520749], [-70.898674, 42.52074]]]}, "properties": {"layer": "buildings", "kind": "building"}}, {"type": "Feature", "geometry": {"type": "Polygon", "coordinates": [[[-70.89878, 42.517019], [-70.898772, 42.517026], [-70.898763, 42.517029], [-70.898754, 42.517029], [-70.898746, 42.517025], [-70.89867, 42.517033], [-70.89864, 42.516899], [-70.898736, 42.516887], [-70.898739, 42.5169], [-70.898753, 42.516899], [-70.89878, 42.517019]]]}, "properties": {"layer": "buildings", "kind": "building"}}, {"type": "Feature", "geometry": {"type": "Polygon", "coordinates": [[[-70.89878, 42.517365], [-70.898733, 42.517369], [-70.898723, 42.517303], [-70.89877, 42.517299], [-70.89878, 42.517365]]]}, "properties": {"layer": "buildings", "kind": "building"}}, {"type": "Feature", "geometry": {"type": "Polygon", "coordinates": [[[-70.898901, 42.516702], [-70.898784, 42.51672], [-70.898751, 42.516604], [-70.898869, 42.516586], [-70.898901, 42.516702]]]}, "properties": {"layer": "buildings", "kind": "building"}}, {"type": "Feature", "geometry": {"type": "Polygon", "coordinates": [[[-70.898785, 42.518778], [-70.898715, 42.518695], [-70.89887, 42.518623], [-70.898931, 42.518695], [-70.898941, 42.51869], [-70.898987, 42.518744], [-70.899024, 42.518727], [-70.899093, 42.518808], [-70.898892, 42.518901], [-70.89882, 42.518816], [-70.898857, 42.518799], [-70.898824, 42.51876], [-70.898785, 42.518778]]]}, "properties": {"layer": "buildings", "kind": "building"}}, {"type": "Feature", "geometry": {"type": "Polygon", "coordinates": [[[-70.898581, 42.519281], [-70.898739, 42.519189], [-70.898781, 42.519228], [-70.898757, 42.519243], [-70.898855, 42.519334], [-70.898791, 42.519372], [-70.898771, 42.519353], [-70.898715, 42.519386], [-70.89864, 42.519315], [-70.898581, 42.519281]]]}, "properties": {"layer": "buildings", "kind": "building"}}, {"type": "Feature", "geometry": {"type": "Polygon", "coordinates": [[[-70.898879, 42.517691], [-70.898883, 42.517709], [-70.898896, 42.517707], [-70.89892, 42.517802], [-70.89886, 42.51781], [-70.898865, 42.517831], [-70.898811, 42.517838], [-70.898784, 42.517727], [-70.898802, 42.517725], [-70.898799, 42.517713], [-70.898821, 42.51771], [-70.898819, 42.517699], [-70.898879, 42.517691]]]}, "properties": {"layer": "buildings", "kind": "building"}}, {"type": "Feature", "geometry": {"type": "Polygon", "coordinates": [[[-70.89863, 42.516324], [-70.898615, 42.516297], [-70.898784, 42.516245], [-70.898815, 42.516301], [-70.898678, 42.516343], [-70.898661, 42.516314], [-70.89863, 42.516324]]]}, "properties": {"layer": "buildings", "kind": "building"}}, {"type": "Feature", "geometry": {"type": "Polygon", "coordinates": [[[-70.898815, 42.520893], [-70.898826, 42.52096], [-70.898883, 42.520955], [-70.89889, 42.520999], [-70.898812, 42.521006], [-70.898816, 42.521028], [-70.898712, 42.521036], [-70.898691, 42.520903], [-70.898815, 42.520893]]]}, "properties": {"layer": "buildings", "kind": "building"}}, {"type": "Feature", "geometry": {"type": "Polygon", "coordinates": [[[-70.898934, 42.519209], [-70.898839, 42.519254], [-70.898824, 42.519218], [-70.898835, 42.519214], [-70.898795, 42.519167], [-70.898869, 42.519133], [-70.898934, 42.519209]]]}, "properties": {"layer": "buildings", "kind": "building"}}, {"type": "Feature", "geometry": {"type": "Polygon", "coordinates": [[[-70.898756, 42.520463], [-70.898758, 42.52048], [-70.898835, 42.520475], [-70.898838, 42.520497], [-70.898888, 42.520494], [-70.898893, 42.520536], [-70.898627, 42.520553], [-70.898618, 42.520472], [-70.898756, 42.520463]]]}, "properties": {"layer": "buildings", "kind": "building"}}, {"type": "Feature", "geometry": {"type": "Polygon", "coordinates": [[[-70.8991, 42.522014], [-70.89886, 42.522031], [-70.898842, 42.521896], [-70.899082, 42.521879], [-70.8991, 42.522014]]]}, "properties": {"layer": "buildings", "kind": "building"}}, {"type": "Feature", "geometry": {"type": "Polygon", "coordinates": [[[-70.89871, 42.520595], [-70.898709, 42.520586], [-70.898785, 42.520581], [-70.898794, 42.520661], [-70.898874, 42.520656], [-70.898878, 42.520699], [-70.898654, 42.520712], [-70.898642, 42.520599], [-70.89871, 42.520595]]]}, "properties": {"layer": "buildings", "kind": "building"}}, {"type": "Feature", "geometry": {"type": "Polygon", "coordinates": [[[-70.898881, 42.516189], [-70.898723, 42.516242], [-70.898695, 42.516198], [-70.898709, 42.516193], [-70.898691, 42.516163], [-70.898835, 42.516115], [-70.898881, 42.516189]]]}, "properties": {"layer": "buildings", "kind": "building"}}, {"type": "Feature", "geometry": {"type": "Polygon", "coordinates": [[[-70.898913, 42.517556], [-70.898817, 42.517568], [-70.898793, 42.517457], [-70.898888, 42.517445], [-70.898913, 42.517556]]]}, "properties": {"layer": "buildings", "kind": "building"}}, {"type": "Feature", "geometry": {"type": "Polygon", "coordinates": [[[-70.898891, 42.519552], [-70.89889, 42.519605], [-70.898834, 42.519604], [-70.898835, 42.519551], [-70.898891, 42.519552]]]}, "properties": {"layer": "buildings", "kind": "building"}}, {"type": "Feature", "geometry": {"type": "Polygon", "coordinates": [[[-70.898987, 42.517943], [-70.898899, 42.517955], [-70.898885, 42.517902], [-70.898973, 42.51789], [-70.898987, 42.517943]]]}, "properties": {"layer": "buildings", "kind": "building"}}, {"type": "Feature", "geometry": {"type": "Polygon", "coordinates": [[[-70.899006, 42.516649], [-70.898921, 42.516661], [-70.8989, 42.516582], [-70.898985, 42.51657], [-70.899006, 42.516649]]]}, "properties": {"layer": "buildings", "kind": "building"}}, {"type": "Feature", "geometry": {"type": "Polygon", "coordinates": [[[-70.898965, 42.51699], [-70.898957, 42.516996], [-70.898943, 42.517], [-70.898932, 42.517], [-70.898922, 42.516996], [-70.898847, 42.517005], [-70.898816, 42.516875], [-70.898881, 42.516866], [-70.898884, 42.516877], [-70.898936, 42.51687], [-70.898965, 42.51699]]]}, "properties": {"layer": "buildings", "kind": "building"}}, {"type": "Feature", "geometry": {"type": "Polygon", "coordinates": [[[-70.899015, 42.521123], [-70.899005, 42.521127], [-70.899024, 42.521152], [-70.898967, 42.521176], [-70.898933, 42.521132], [-70.898948, 42.521126], [-70.898901, 42.521065], [-70.898859, 42.521067], [-70.898856, 42.521025], [-70.898937, 42.521022], [-70.899015, 42.521123]]]}, "properties": {"layer": "buildings", "kind": "building"}}, {"type": "Feature", "geometry": {"type": "Polygon", "coordinates": [[[-70.898952, 42.520322], [-70.898857, 42.520324], [-70.898854, 42.520259], [-70.898949, 42.520257], [-70.898952, 42.520322]]]}, "properties": {"layer": "buildings", "kind": "building"}}, {"type": "Feature", "geometry": {"type": "Polygon", "coordinates": [[[-70.899061, 42.517531], [-70.898956, 42.517546], [-70.898925, 42.517431], [-70.89903, 42.517415], [-70.899061, 42.517531]]]}, "properties": {"layer": "buildings", "kind": "building"}}, {"type": "Feature", "geometry": {"type": "Polygon", "coordinates": [[[-70.898948, 42.521755], [-70.89893, 42.521756], [-70.898902, 42.521757], [-70.89889, 42.521758], [-70.898896, 42.521807], [-70.89881, 42.521813], [-70.898804, 42.521762], [-70.898798, 42.52171], [-70.898942, 42.5217], [-70.898948, 42.521755]]]}, "properties": {"layer": "buildings", "kind": "building"}}, {"type": "Feature", "geometry": {"type": "Polygon", "coordinates": [[[-70.898972, 42.522402], [-70.898985, 42.522403], [-70.898997, 42.522407], [-70.899115, 42.522403], [-70.899126, 42.522483], [-70.898894, 42.522497], [-70.898886, 42.522424], [-70.898897, 42.522415], [-70.898946, 42.522412], [-70.898949, 42.52241], [-70.89896, 42.522404], [-70.898972, 42.522402]]]}, "properties": {"layer": "buildings", "kind": "building"}}, {"type": "Feature", "geometry": {"type": "Polygon", "coordinates": [[[-70.899193, 42.515996], [-70.899021, 42.516053], [-70.898975, 42.515978], [-70.899147, 42.51592], [-70.899193, 42.515996]]]}, "properties": {"layer": "buildings", "kind": "building"}}, {"type": "Feature", "geometry": {"type": "Polygon", "coordinates": [[[-70.899032, 42.519163], [-70.899013, 42.51917], [-70.899075, 42.519254], [-70.899021, 42.519276], [-70.898957, 42.519191], [-70.898978, 42.519182], [-70.898912, 42.519093], [-70.898964, 42.519072], [-70.899032, 42.519163]]]}, "properties": {"layer": "buildings", "kind": "building"}}, {"type": "Feature", "geometry": {"type": "Polygon", "coordinates": [[[-70.899006, 42.516429], [-70.898905, 42.51645], [-70.898877, 42.516376], [-70.898978, 42.516356], [-70.899006, 42.516429]]]}, "properties": {"layer": "buildings", "kind": "building"}}, {"type": "Feature", "geometry": {"type": "Polygon", "coordinates": [[[-70.898913, 42.521481], [-70.898916, 42.521499], [-70.898978, 42.521492], [-70.898999, 42.521596], [-70.898863, 42.521611], [-70.89882, 42.521616], [-70.898798, 42.521512], [-70.898871, 42.521504], [-70.898867, 42.521487], [-70.898884, 42.521485], [-70.898913, 42.521481]]]}, "properties": {"layer": "buildings", "kind": "building"}}, {"type": "Feature", "geometry": {"type": "Polygon", "coordinates": [[[-70.899012, 42.52006], [-70.898974, 42.520066], [-70.89899, 42.520117], [-70.898877, 42.520137], [-70.898839, 42.520015], [-70.898989, 42.519989], [-70.899012, 42.52006]]]}, "properties": {"layer": "buildings", "kind": "building"}}, {"type": "Feature", "geometry": {"type": "Polygon", "coordinates": [[[-70.899176, 42.515144], [-70.899305, 42.51528], [-70.899046, 42.515415], [-70.899079, 42.515449], [-70.898991, 42.515495], [-70.898984, 42.515488], [-70.898895, 42.515535], [-70.89874, 42.515372], [-70.899176, 42.515144]]]}, "properties": {"layer": "buildings", "kind": "building"}}, {"type": "Feature", "geometry": {"type": "Polygon", "coordinates": [[[-70.89917, 42.516739], [-70.898999, 42.516766], [-70.898978, 42.516693], [-70.899149, 42.516666], [-70.89917, 42.516739]]]}, "properties": {"layer": "buildings", "kind": "building"}}, {"type": "Feature", "geometry": {"type": "Polygon", "coordinates": [[[-70.899004, 42.521091], [-70.898939, 42.521001], [-70.899004, 42.520975], [-70.899049, 42.521036], [-70.899163, 42.520991], [-70.899227, 42.52108], [-70.899064, 42.521145], [-70.89902, 42.521084], [-70.899004, 42.521091]]]}, "properties": {"layer": "buildings", "kind": "building"}}, {"type": "Feature", "geometry": {"type": "Polygon", "coordinates": [[[-70.898971, 42.519644], [-70.898994, 42.519639], [-70.899015, 42.51969], [-70.899032, 42.519686], [-70.899038, 42.519701], [-70.89909, 42.51969], [-70.89912, 42.519765], [-70.899073, 42.519775], [-70.899083, 42.519798], [-70.898895, 42.519841], [-70.898848, 42.519727], [-70.898899, 42.519715], [-70.898887, 42.519685], [-70.898929, 42.519675], [-70.898899, 42.519602], [-70.898949, 42.51959], [-70.898971, 42.519644]]]}, "properties": {"layer": "buildings", "kind": "building"}}, {"type": "Feature", "geometry": {"type": "Polygon", "coordinates": [[[-70.899032, 42.517121], [-70.899093, 42.517114], [-70.899128, 42.517266], [-70.899116, 42.517267], [-70.89912, 42.517284], [-70.89904, 42.517294], [-70.899038, 42.51728], [-70.899022, 42.517282], [-70.898991, 42.517146], [-70.899036, 42.51714], [-70.899032, 42.517121]]]}, "properties": {"layer": "buildings", "kind": "building"}}, {"type": "Feature", "geometry": {"type": "Polygon", "coordinates": [[[-70.899026, 42.517662], [-70.899032, 42.517685], [-70.899045, 42.517683], [-70.899077, 42.517809], [-70.898983, 42.517822], [-70.898951, 42.517698], [-70.898964, 42.517697], [-70.898957, 42.517671], [-70.899026, 42.517662]]]}, "properties": {"layer": "buildings", "kind": "building"}}, {"type": "Feature", "geometry": {"type": "Polygon", "coordinates": [[[-70.899106, 42.520081], [-70.899079, 42.520083], [-70.899089, 42.52015], [-70.899036, 42.520154], [-70.89901, 42.519972], [-70.89909, 42.519966], [-70.899106, 42.520081]]]}, "properties": {"layer": "buildings", "kind": "building"}}, {"type": "Feature", "geometry": {"type": "Polygon", "coordinates": [[[-70.899037, 42.522025], [-70.899039, 42.522039], [-70.899133, 42.522035], [-70.899138, 42.522092], [-70.899033, 42.522097], [-70.899034, 42.522108], [-70.898845, 42.522118], [-70.898837, 42.522035], [-70.899037, 42.522025]]]}, "properties": {"layer": "buildings", "kind": "building"}}, {"type": "Feature", "geometry": {"type": "Polygon", "coordinates": [[[-70.89903, 42.522222], [-70.899029, 42.522207], [-70.899042, 42.522206], [-70.899038, 42.522167], [-70.899121, 42.522162], [-70.899131, 42.522258], [-70.899047, 42.522263], [-70.899043, 42.522222], [-70.89903, 42.522222]]]}, "properties": {"layer": "buildings", "kind": "building"}}, {"type": "Feature", "geometry": {"type": "Polygon", "coordinates": [[[-70.899194, 42.516152], [-70.899098, 42.516182], [-70.899051, 42.5161], [-70.899147, 42.51607], [-70.899194, 42.516152]]]}, "properties": {"layer": "buildings", "kind": "building"}}, {"type": "Feature", "geometry": {"type": "Polygon", "coordinates": [[[-70.899145, 42.519285], [-70.899058, 42.519313], [-70.899045, 42.519291], [-70.899095, 42.519274], [-70.899071, 42.519235], [-70.899108, 42.519223], [-70.899145, 42.519285]]]}, "properties": {"layer": "buildings", "kind": "building"}}, {"type": "Feature", "geometry": {"type": "Polygon", "coordinates": [[[-70.899151, 42.520203], [-70.899076, 42.520207], [-70.899071, 42.520167], [-70.899146, 42.520163], [-70.899151, 42.520203]]]}, "properties": {"layer": "buildings", "kind": "building"}}, {"type": "Feature", "geometry": {"type": "Polygon", "coordinates": [[[-70.899115, 42.516967], [-70.899016, 42.516983], [-70.898982, 42.516871], [-70.899081, 42.516854], [-70.899115, 42.516967]]]}, "properties": {"layer": "buildings", "kind": "building"}}, {"type": "Feature", "geometry": {"type": "Polygon", "coordinates": [[[-70.899082, 42.522357], [-70.899026, 42.522363], [-70.899025, 42.522354], [-70.898882, 42.522368], [-70.898875, 42.522325], [-70.899015, 42.522311], [-70.899017, 42.522323], [-70.899074, 42.522317], [-70.899082, 42.522357]]]}, "properties": {"layer": "buildings", "kind": "building"}}, {"type": "Feature", "geometry": {"type": "Polygon", "coordinates": [[[-70.899117, 42.516629], [-70.899036, 42.51664], [-70.899017, 42.516565], [-70.899098, 42.516554], [-70.899117, 42.516629]]]}, "properties": {"layer": "buildings", "kind": "building"}}, {"type": "Feature", "geometry": {"type": "Polygon", "coordinates": [[[-70.899212, 42.515653], [-70.899117, 42.515697], [-70.89897, 42.515522], [-70.899065, 42.515478], [-70.899212, 42.515653]]]}, "properties": {"layer": "buildings", "kind": "building"}}, {"type": "Feature", "geometry": {"type": "Polygon", "coordinates": [[[-70.899276, 42.519153], [-70.899279, 42.51917], [-70.899325, 42.519167], [-70.899333, 42.51922], [-70.89912, 42.519237], [-70.899114, 42.519195], [-70.899205, 42.519188], [-70.899201, 42.519159], [-70.899276, 42.519153]]]}, "properties": {"layer": "buildings", "kind": "building"}}, {"type": "Feature", "geometry": {"type": "Polygon", "coordinates": [[[-70.89921, 42.517182], [-70.899137, 42.517191], [-70.899123, 42.51713], [-70.899196, 42.517121], [-70.89921, 42.517182]]]}, "properties": {"layer": "buildings", "kind": "building"}}, {"type": "Feature", "geometry": {"type": "Polygon", "coordinates": [[[-70.899145, 42.521307], [-70.899187, 42.521376], [-70.899177, 42.52138], [-70.899187, 42.521406], [-70.899204, 42.521445], [-70.899198, 42.521446], [-70.899156, 42.521456], [-70.899135, 42.521412], [-70.899073, 42.521432], [-70.899063, 42.521436], [-70.899015, 42.521351], [-70.899145, 42.521307]]]}, "properties": {"layer": "buildings", "kind": "building"}}, {"type": "Feature", "geometry": {"type": "Polygon", "coordinates": [[[-70.899092, 42.517513], [-70.89907, 42.517418], [-70.899115, 42.517413], [-70.899117, 42.517421], [-70.89915, 42.517417], [-70.899152, 42.517426], [-70.899171, 42.517424], [-70.899188, 42.517499], [-70.899176, 42.517501], [-70.899178, 42.517511], [-70.89911, 42.517519], [-70.899108, 42.517511], [-70.899092, 42.517513]]]}, "properties": {"layer": "buildings", "kind": "building"}}, {"type": "Feature", "geometry": {"type": "Polygon", "coordinates": [[[-70.899216, 42.517791], [-70.89911, 42.517807], [-70.899073, 42.517678], [-70.899179, 42.517661], [-70.899216, 42.517791]]]}, "properties": {"layer": "buildings", "kind": "building"}}, {"type": "Feature", "geometry": {"type": "Polygon", "coordinates": [[[-70.899269, 42.521056], [-70.899194, 42.520958], [-70.899195, 42.520922], [-70.899175, 42.520896], [-70.899214, 42.52088], [-70.899189, 42.520848], [-70.899315, 42.520796], [-70.899359, 42.520853], [-70.899343, 42.520859], [-70.899439, 42.520986], [-70.899269, 42.521056]]]}, "properties": {"layer": "buildings", "kind": "building"}}, {"type": "Feature", "geometry": {"type": "Polygon", "coordinates": [[[-70.899211, 42.515479], [-70.899153, 42.515421], [-70.899324, 42.515328], [-70.899392, 42.515396], [-70.899239, 42.51548], [-70.899228, 42.515469], [-70.899211, 42.515479]]]}, "properties": {"layer": "buildings", "kind": "building"}}, {"type": "Feature", "geometry": {"type": "Polygon", "coordinates": [[[-70.899144, 42.51904], [-70.899105, 42.519], [-70.899249, 42.518924], [-70.899287, 42.518964], [-70.899301, 42.519023], [-70.899258, 42.519028], [-70.89926, 42.51904], [-70.899217, 42.519045], [-70.899208, 42.519007], [-70.899144, 42.51904]]]}, "properties": {"layer": "buildings", "kind": "building"}}, {"type": "Feature", "geometry": {"type": "Polygon", "coordinates": [[[-70.899337, 42.517491], [-70.899235, 42.517503], [-70.899218, 42.517424], [-70.89932, 42.517412], [-70.899337, 42.517491]]]}, "properties": {"layer": "buildings", "kind": "building"}}, {"type": "Feature", "geometry": {"type": "Polygon", "coordinates": [[[-70.899342, 42.519282], [-70.899225, 42.519293], [-70.899215, 42.519239], [-70.899333, 42.519228], [-70.899342, 42.519282]]]}, "properties": {"layer": "buildings", "kind": "building"}}, {"type": "Feature", "geometry": {"type": "Polygon", "coordinates": [[[-70.899357, 42.516345], [-70.899487, 42.516301], [-70.899519, 42.516353], [-70.899236, 42.516449], [-70.899184, 42.516365], [-70.899337, 42.516313], [-70.899357, 42.516345]]]}, "properties": {"layer": "buildings", "kind": "building"}}, {"type": "Feature", "geometry": {"type": "Polygon", "coordinates": [[[-70.899387, 42.517769], [-70.899273, 42.517784], [-70.899239, 42.517643], [-70.899353, 42.517628], [-70.899387, 42.517769]]]}, "properties": {"layer": "buildings", "kind": "building"}}, {"type": "Feature", "geometry": {"type": "Polygon", "coordinates": [[[-70.899359, 42.519403], [-70.899253, 42.51941], [-70.899254, 42.51942], [-70.89913, 42.519439], [-70.899118, 42.519396], [-70.899244, 42.519377], [-70.899242, 42.519345], [-70.89935, 42.519339], [-70.899359, 42.519403]]]}, "properties": {"layer": "buildings", "kind": "building"}}, {"type": "Feature", "geometry": {"type": "Polygon", "coordinates": [[[-70.899396, 42.521926], [-70.899474, 42.521921], [-70.899481, 42.521973], [-70.89932, 42.521984], [-70.899252, 42.521989], [-70.899243, 42.521929], [-70.899314, 42.521924], [-70.899395, 42.521918], [-70.899396, 42.521926]]]}, "properties": {"layer": "buildings", "kind": "building"}}, {"type": "Feature", "geometry": {"type": "Polygon", "coordinates": [[[-70.899315, 42.519123], [-70.899144, 42.519166], [-70.899132, 42.51914], [-70.899197, 42.519124], [-70.899188, 42.519104], [-70.899294, 42.519078], [-70.899315, 42.519123]]]}, "properties": {"layer": "buildings", "kind": "building"}}, {"type": "Feature", "geometry": {"type": "Polygon", "coordinates": [[[-70.899198, 42.516823], [-70.899224, 42.516863], [-70.899256, 42.516852], [-70.899303, 42.516926], [-70.899207, 42.516959], [-70.899135, 42.516845], [-70.899198, 42.516823]]]}, "properties": {"layer": "buildings", "kind": "building"}}, {"type": "Feature", "geometry": {"type": "Polygon", "coordinates": [[[-70.89931, 42.516283], [-70.899167, 42.516327], [-70.899124, 42.516252], [-70.899268, 42.516207], [-70.89931, 42.516283]]]}, "properties": {"layer": "buildings", "kind": "building"}}, {"type": "Feature", "geometry": {"type": "Polygon", "coordinates": [[[-70.899313, 42.517236], [-70.899233, 42.517258], [-70.899207, 42.517206], [-70.899287, 42.517184], [-70.899313, 42.517236]]]}, "properties": {"layer": "buildings", "kind": "building"}}, {"type": "Feature", "geometry": {"type": "Polygon", "coordinates": [[[-70.899386, 42.519676], [-70.899129, 42.51973], [-70.899074, 42.519585], [-70.89933, 42.519532], [-70.899386, 42.519676]]]}, "properties": {"layer": "buildings", "kind": "building"}}, {"type": "Feature", "geometry": {"type": "Polygon", "coordinates": [[[-70.899262, 42.523011], [-70.899195, 42.522932], [-70.899205, 42.522928], [-70.899161, 42.522876], [-70.899251, 42.522834], [-70.899383, 42.522991], [-70.899332, 42.523014], [-70.89931, 42.522989], [-70.899262, 42.523011]]]}, "properties": {"layer": "buildings", "kind": "building"}}, {"type": "Feature", "geometry": {"type": "Polygon", "coordinates": [[[-70.899408, 42.517373], [-70.899332, 42.517394], [-70.899316, 42.51736], [-70.899391, 42.51734], [-70.899408, 42.517373]]]}, "properties": {"layer": "buildings", "kind": "building"}}, {"type": "Feature", "geometry": {"type": "Polygon", "coordinates": [[[-70.899399, 42.516124], [-70.899347, 42.516153], [-70.899305, 42.516111], [-70.899357, 42.516082], [-70.899399, 42.516124]]]}, "properties": {"layer": "buildings", "kind": "building"}}, {"type": "Feature", "geometry": {"type": "Polygon", "coordinates": [[[-70.899352, 42.516187], [-70.899287, 42.516209], [-70.899262, 42.516167], [-70.899327, 42.516145], [-70.899352, 42.516187]]]}, "properties": {"layer": "buildings", "kind": "building"}}, {"type": "Feature", "geometry": {"type": "Polygon", "coordinates": [[[-70.899417, 42.522848], [-70.899452, 42.522915], [-70.899407, 42.522935], [-70.8993, 42.522801], [-70.899359, 42.522775], [-70.899417, 42.522848]]]}, "properties": {"layer": "buildings", "kind": "building"}}, {"type": "Feature", "geometry": {"type": "Polygon", "coordinates": [[[-70.899239, 42.519468], [-70.899237, 42.519442], [-70.89936, 42.519435], [-70.899366, 42.519506], [-70.899331, 42.519507], [-70.899332, 42.519517], [-70.899283, 42.519519], [-70.899282, 42.51951], [-70.899246, 42.519512], [-70.899248, 42.519526], [-70.899203, 42.519528], [-70.899197, 42.51947], [-70.899239, 42.519468]]]}, "properties": {"layer": "buildings", "kind": "building"}}, {"type": "Feature", "geometry": {"type": "Polygon", "coordinates": [[[-70.899043, 42.518582], [-70.89936, 42.518444], [-70.899395, 42.518488], [-70.899408, 42.518482], [-70.899444, 42.518528], [-70.899431, 42.518533], [-70.899461, 42.518572], [-70.89942, 42.51859], [-70.899425, 42.518597], [-70.899191, 42.518698], [-70.899185, 42.518691], [-70.899141, 42.51871], [-70.899111, 42.518673], [-70.899099, 42.518678], [-70.899057, 42.518624], [-70.899072, 42.518618], [-70.899043, 42.518582]]]}, "properties": {"layer": "buildings", "kind": "building"}}, {"type": "Feature", "geometry": {"type": "Polygon", "coordinates": [[[-70.899496, 42.516572], [-70.899461, 42.516583], [-70.899471, 42.516601], [-70.89937, 42.516635], [-70.899332, 42.516573], [-70.899469, 42.516527], [-70.899496, 42.516572]]]}, "properties": {"layer": "buildings", "kind": "building"}}, {"type": "Feature", "geometry": {"type": "Polygon", "coordinates": [[[-70.899428, 42.516073], [-70.899374, 42.516016], [-70.899476, 42.515964], [-70.89953, 42.516022], [-70.899518, 42.516028], [-70.899544, 42.516056], [-70.899473, 42.516092], [-70.899447, 42.516064], [-70.899428, 42.516073]]]}, "properties": {"layer": "buildings", "kind": "building"}}, {"type": "Feature", "geometry": {"type": "Polygon", "coordinates": [[[-70.899448, 42.518996], [-70.899426, 42.518911], [-70.899383, 42.518863], [-70.899474, 42.518818], [-70.899527, 42.518877], [-70.89947, 42.518905], [-70.899502, 42.518988], [-70.899448, 42.518996]]]}, "properties": {"layer": "buildings", "kind": "building"}}, {"type": "Feature", "geometry": {"type": "Polygon", "coordinates": [[[-70.899431, 42.517751], [-70.899399, 42.517606], [-70.899508, 42.517593], [-70.899537, 42.517733], [-70.899552, 42.517732], [-70.899557, 42.517757], [-70.899489, 42.517765], [-70.899485, 42.517745], [-70.899431, 42.517751]]]}, "properties": {"layer": "buildings", "kind": "building"}}, {"type": "Feature", "geometry": {"type": "Polygon", "coordinates": [[[-70.899502, 42.522068], [-70.899398, 42.52208], [-70.899384, 42.522011], [-70.899488, 42.521999], [-70.899502, 42.522068]]]}, "properties": {"layer": "buildings", "kind": "building"}}, {"type": "Feature", "geometry": {"type": "Polygon", "coordinates": [[[-70.899565, 42.519073], [-70.899539, 42.519075], [-70.899537, 42.519064], [-70.899523, 42.519065], [-70.899525, 42.519079], [-70.89942, 42.519087], [-70.89941, 42.519014], [-70.899515, 42.519006], [-70.89952, 42.519044], [-70.899561, 42.519041], [-70.899565, 42.519073]]]}, "properties": {"layer": "buildings", "kind": "building"}}, {"type": "Feature", "geometry": {"type": "Polygon", "coordinates": [[[-70.8993, 42.51709], [-70.899291, 42.51707], [-70.899411, 42.51705], [-70.89945, 42.517128], [-70.899333, 42.51715], [-70.899327, 42.517134], [-70.899232, 42.517157], [-70.899209, 42.517111], [-70.8993, 42.51709]]]}, "properties": {"layer": "buildings", "kind": "building"}}, {"type": "Feature", "geometry": {"type": "Polygon", "coordinates": [[[-70.89955, 42.520946], [-70.899486, 42.520969], [-70.899416, 42.520866], [-70.899479, 42.520842], [-70.89955, 42.520946]]]}, "properties": {"layer": "buildings", "kind": "building"}}, {"type": "Feature", "geometry": {"type": "Polygon", "coordinates": [[[-70.899487, 42.51549], [-70.899346, 42.515567], [-70.899287, 42.515507], [-70.899428, 42.515431], [-70.899487, 42.51549]]]}, "properties": {"layer": "buildings", "kind": "building"}}, {"type": "Feature", "geometry": {"type": "Polygon", "coordinates": [[[-70.899553, 42.519155], [-70.899522, 42.519158], [-70.899523, 42.519166], [-70.899448, 42.519173], [-70.899436, 42.519104], [-70.899542, 42.519094], [-70.899553, 42.519155]]]}, "properties": {"layer": "buildings", "kind": "building"}}, {"type": "Feature", "geometry": {"type": "Polygon", "coordinates": [[[-70.899381, 42.520505], [-70.899379, 42.520481], [-70.899402, 42.52048], [-70.899401, 42.520468], [-70.899537, 42.520457], [-70.899543, 42.520513], [-70.899528, 42.520514], [-70.899533, 42.520569], [-70.899473, 42.520572], [-70.899473, 42.520562], [-70.899436, 42.520564], [-70.89944, 42.520603], [-70.899319, 42.520609], [-70.899309, 42.520509], [-70.899381, 42.520505]]]}, "properties": {"layer": "buildings", "kind": "building"}}, {"type": "Feature", "geometry": {"type": "Polygon", "coordinates": [[[-70.899443, 42.520621], [-70.899449, 42.520664], [-70.899572, 42.520655], [-70.899579, 42.520704], [-70.8994, 42.520717], [-70.899388, 42.520626], [-70.899443, 42.520621]]]}, "properties": {"layer": "buildings", "kind": "building"}}, {"type": "Feature", "geometry": {"type": "Polygon", "coordinates": [[[-70.899602, 42.517432], [-70.8995, 42.517466], [-70.899447, 42.517379], [-70.899549, 42.517345], [-70.899602, 42.517432]]]}, "properties": {"layer": "buildings", "kind": "building"}}, {"type": "Feature", "geometry": {"type": "Polygon", "coordinates": [[[-70.899754, 42.519197], [-70.899688, 42.51921], [-70.899694, 42.519228], [-70.899471, 42.519273], [-70.899449, 42.519212], [-70.899671, 42.519167], [-70.899668, 42.519157], [-70.899734, 42.519144], [-70.899754, 42.519197]]]}, "properties": {"layer": "buildings", "kind": "building"}}, {"type": "Feature", "geometry": {"type": "Polygon", "coordinates": [[[-70.899335, 42.521668], [-70.899265, 42.521474], [-70.899342, 42.521458], [-70.899432, 42.521437], [-70.899496, 42.521422], [-70.899578, 42.521632], [-70.899618, 42.521737], [-70.89948, 42.521757], [-70.899436, 42.521763], [-70.899434, 42.521756], [-70.899289, 42.521774], [-70.899288, 42.521766], [-70.899285, 42.521753], [-70.89919, 42.521762], [-70.899174, 42.521696], [-70.899211, 42.521692], [-70.89921, 42.521686], [-70.899208, 42.521678], [-70.89927, 42.52167], [-70.899272, 42.521679], [-70.899299, 42.521675], [-70.899335, 42.521668]]]}, "properties": {"layer": "buildings", "kind": "building"}}, {"type": "Feature", "geometry": {"type": "Polygon", "coordinates": [[[-70.899723, 42.522895], [-70.899751, 42.522948], [-70.899523, 42.523053], [-70.899456, 42.522917], [-70.899492, 42.522908], [-70.89953, 42.522986], [-70.899558, 42.522971], [-70.899567, 42.522981], [-70.899687, 42.522923], [-70.899679, 42.522914], [-70.899723, 42.522895]]]}, "properties": {"layer": "buildings", "kind": "building"}}, {"type": "Feature", "geometry": {"type": "Polygon", "coordinates": [[[-70.899511, 42.516479], [-70.899313, 42.516549], [-70.899261, 42.516467], [-70.899459, 42.516397], [-70.899511, 42.516479]]]}, "properties": {"layer": "buildings", "kind": "building"}}, {"type": "Feature", "geometry": {"type": "Polygon", "coordinates": [[[-70.899645, 42.516775], [-70.899661, 42.51677], [-70.89969, 42.516817], [-70.899676, 42.516821], [-70.89969, 42.516846], [-70.89949, 42.516912], [-70.899434, 42.51682], [-70.899633, 42.516754], [-70.899645, 42.516775]]]}, "properties": {"layer": "buildings", "kind": "building"}}, {"type": "Feature", "geometry": {"type": "Polygon", "coordinates": [[[-70.899505, 42.52086], [-70.899491, 42.520752], [-70.89956, 42.520746], [-70.899569, 42.520811], [-70.899619, 42.520806], [-70.89964, 42.520912], [-70.899561, 42.520941], [-70.899549, 42.520856], [-70.899505, 42.52086]]]}, "properties": {"layer": "buildings", "kind": "building"}}, {"type": "Feature", "geometry": {"type": "Polygon", "coordinates": [[[-70.899583, 42.516262], [-70.899501, 42.516302], [-70.899417, 42.516208], [-70.899499, 42.516168], [-70.899583, 42.516262]]]}, "properties": {"layer": "buildings", "kind": "building"}}, {"type": "Feature", "geometry": {"type": "Polygon", "coordinates": [[[-70.899341, 42.517288], [-70.899314, 42.517245], [-70.899372, 42.517225], [-70.899365, 42.517213], [-70.899482, 42.517173], [-70.899532, 42.517252], [-70.899415, 42.517293], [-70.899399, 42.517268], [-70.899341, 42.517288]]]}, "properties": {"layer": "buildings", "kind": "building"}}, {"type": "Feature", "geometry": {"type": "Polygon", "coordinates": [[[-70.899673, 42.515665], [-70.899533, 42.515743], [-70.89947, 42.515681], [-70.89961, 42.515603], [-70.899673, 42.515665]]]}, "properties": {"layer": "buildings", "kind": "building"}}, {"type": "Feature", "geometry": {"type": "Polygon", "coordinates": [[[-70.899528, 42.519517], [-70.899514, 42.519484], [-70.899593, 42.519466], [-70.899617, 42.519521], [-70.899676, 42.519507], [-70.899704, 42.51957], [-70.899664, 42.51958], [-70.899673, 42.519602], [-70.899548, 42.519632], [-70.899521, 42.519571], [-70.899536, 42.519567], [-70.899516, 42.51952], [-70.899528, 42.519517]]]}, "properties": {"layer": "buildings", "kind": "building"}}, {"type": "Feature", "geometry": {"type": "Polygon", "coordinates": [[[-70.899632, 42.521876], [-70.899542, 42.521879], [-70.899538, 42.521819], [-70.899608, 42.521816], [-70.899628, 42.521815], [-70.899628, 42.521821], [-70.89963, 42.521851], [-70.899632, 42.521876]]]}, "properties": {"layer": "buildings", "kind": "building"}}, {"type": "Feature", "geometry": {"type": "Polygon", "coordinates": [[[-70.899686, 42.517685], [-70.899583, 42.5177], [-70.899551, 42.517582], [-70.899654, 42.517567], [-70.899686, 42.517685]]]}, "properties": {"layer": "buildings", "kind": "building"}}, {"type": "Feature", "geometry": {"type": "Polygon", "coordinates": [[[-70.899783, 42.519944], [-70.899601, 42.519979], [-70.899561, 42.519864], [-70.899742, 42.519829], [-70.899783, 42.519944]]]}, "properties": {"layer": "buildings", "kind": "building"}}, {"type": "Feature", "geometry": {"type": "Polygon", "coordinates": [[[-70.899459, 42.516633], [-70.899469, 42.516651], [-70.899569, 42.516619], [-70.899608, 42.516685], [-70.899431, 42.516742], [-70.899392, 42.516677], [-70.899426, 42.516665], [-70.899415, 42.516647], [-70.899459, 42.516633]]]}, "properties": {"layer": "buildings", "kind": "building"}}, {"type": "Feature", "geometry": {"type": "Polygon", "coordinates": [[[-70.899577, 42.515581], [-70.899439, 42.515658], [-70.899375, 42.515595], [-70.899514, 42.515518], [-70.899577, 42.515581]]]}, "properties": {"layer": "buildings", "kind": "building"}}, {"type": "Feature", "geometry": {"type": "Polygon", "coordinates": [[[-70.899613, 42.521967], [-70.899507, 42.521974], [-70.899501, 42.521925], [-70.899607, 42.521918], [-70.899613, 42.521967]]]}, "properties": {"layer": "buildings", "kind": "building"}}, {"type": "Feature", "geometry": {"type": "Polygon", "coordinates": [[[-70.899715, 42.515966], [-70.899614, 42.51602], [-70.899526, 42.51593], [-70.899627, 42.515876], [-70.899715, 42.515966]]]}, "properties": {"layer": "buildings", "kind": "building"}}, {"type": "Feature", "geometry": {"type": "Polygon", "coordinates": [[[-70.899404, 42.522528], [-70.899399, 42.522519], [-70.899378, 42.522525], [-70.899354, 42.522484], [-70.899375, 42.522477], [-70.89937, 42.522468], [-70.899385, 42.522464], [-70.899364, 42.522426], [-70.89943, 42.522405], [-70.899397, 42.522348], [-70.899467, 42.522325], [-70.89948, 42.522347], [-70.899495, 42.522342], [-70.899531, 42.522405], [-70.899548, 42.522399], [-70.899611, 42.522509], [-70.899442, 42.522562], [-70.899419, 42.522523], [-70.899404, 42.522528]]]}, "properties": {"layer": "buildings", "kind": "building"}}, {"type": "Feature", "geometry": {"type": "Polygon", "coordinates": [[[-70.899782, 42.51648], [-70.899677, 42.516526], [-70.899638, 42.516478], [-70.899743, 42.516432], [-70.899782, 42.51648]]]}, "properties": {"layer": "buildings", "kind": "building"}}, {"type": "Feature", "geometry": {"type": "Polygon", "coordinates": [[[-70.89976, 42.520432], [-70.8997, 42.520435], [-70.899693, 42.520372], [-70.899644, 42.520375], [-70.899639, 42.520331], [-70.899747, 42.520325], [-70.89976, 42.520432]]]}, "properties": {"layer": "buildings", "kind": "building"}}, {"type": "Feature", "geometry": {"type": "Polygon", "coordinates": [[[-70.899639, 42.522257], [-70.899652, 42.522323], [-70.899668, 42.522316], [-70.899764, 42.522435], [-70.899665, 42.522479], [-70.899595, 42.522391], [-70.899615, 42.522383], [-70.899589, 42.522351], [-70.899573, 42.522261], [-70.899639, 42.522257]]]}, "properties": {"layer": "buildings", "kind": "building"}}, {"type": "Feature", "geometry": {"type": "Polygon", "coordinates": [[[-70.899801, 42.51527], [-70.899658, 42.515346], [-70.899604, 42.51529], [-70.899747, 42.515214], [-70.899801, 42.51527]]]}, "properties": {"layer": "buildings", "kind": "building"}}, {"type": "Feature", "geometry": {"type": "Polygon", "coordinates": [[[-70.89983, 42.517189], [-70.899722, 42.517227], [-70.899671, 42.51715], [-70.899778, 42.517111], [-70.89983, 42.517189]]]}, "properties": {"layer": "buildings", "kind": "building"}}, {"type": "Feature", "geometry": {"type": "Polygon", "coordinates": [[[-70.899846, 42.517795], [-70.899685, 42.517819], [-70.899665, 42.517744], [-70.899825, 42.517719], [-70.899846, 42.517795]]]}, "properties": {"layer": "buildings", "kind": "building"}}, {"type": "Feature", "geometry": {"type": "Polygon", "coordinates": [[[-70.899686, 42.522816], [-70.89953, 42.522887], [-70.899444, 42.522784], [-70.8996, 42.522713], [-70.899686, 42.522816]]]}, "properties": {"layer": "buildings", "kind": "building"}}, {"type": "Feature", "geometry": {"type": "Polygon", "coordinates": [[[-70.899736, 42.518963], [-70.899703, 42.518978], [-70.899672, 42.51894], [-70.899704, 42.518925], [-70.899736, 42.518963]]]}, "properties": {"layer": "buildings", "kind": "building"}}, {"type": "Feature", "geometry": {"type": "Polygon", "coordinates": [[[-70.899758, 42.517063], [-70.899649, 42.5171], [-70.899602, 42.517024], [-70.899711, 42.516987], [-70.899758, 42.517063]]]}, "properties": {"layer": "buildings", "kind": "building"}}, {"type": "Feature", "geometry": {"type": "Polygon", "coordinates": [[[-70.899752, 42.516739], [-70.899684, 42.516766], [-70.899647, 42.516716], [-70.899715, 42.516689], [-70.899752, 42.516739]]]}, "properties": {"layer": "buildings", "kind": "building"}}, {"type": "Feature", "geometry": {"type": "Polygon", "coordinates": [[[-70.89996, 42.515431], [-70.899802, 42.515518], [-70.89974, 42.515457], [-70.899899, 42.51537], [-70.89996, 42.515431]]]}, "properties": {"layer": "buildings", "kind": "building"}}, {"type": "Feature", "geometry": {"type": "Polygon", "coordinates": [[[-70.899842, 42.522145], [-70.899752, 42.522149], [-70.899746, 42.522089], [-70.899836, 42.522084], [-70.899842, 42.522145]]]}, "properties": {"layer": "buildings", "kind": "building"}}, {"type": "Feature", "geometry": {"type": "Polygon", "coordinates": [[[-70.899753, 42.515748], [-70.899612, 42.515825], [-70.899549, 42.515761], [-70.89969, 42.515685], [-70.899753, 42.515748]]]}, "properties": {"layer": "buildings", "kind": "building"}}, {"type": "Feature", "geometry": {"type": "Polygon", "coordinates": [[[-70.899919, 42.522047], [-70.899706, 42.522059], [-70.8997, 42.522003], [-70.89977, 42.521999], [-70.899766, 42.521961], [-70.899909, 42.521953], [-70.899919, 42.522047]]]}, "properties": {"layer": "buildings", "kind": "building"}}, {"type": "Feature", "geometry": {"type": "Polygon", "coordinates": [[[-70.899737, 42.521259], [-70.899678, 42.521179], [-70.89973, 42.521158], [-70.899747, 42.521151], [-70.899764, 42.521144], [-70.899823, 42.52112], [-70.899924, 42.521257], [-70.89981, 42.521303], [-70.899768, 42.521246], [-70.899737, 42.521259]]]}, "properties": {"layer": "buildings", "kind": "building"}}, {"type": "Feature", "geometry": {"type": "Polygon", "coordinates": [[[-70.899793, 42.523023], [-70.899773, 42.522951], [-70.899787, 42.522949], [-70.899768, 42.522881], [-70.899868, 42.522866], [-70.89988, 42.52291], [-70.899893, 42.522908], [-70.899903, 42.522944], [-70.89989, 42.522946], [-70.89991, 42.523018], [-70.899833, 42.52303], [-70.89983, 42.523018], [-70.899793, 42.523023]]]}, "properties": {"layer": "buildings", "kind": "building"}}, {"type": "Feature", "geometry": {"type": "Polygon", "coordinates": [[[-70.899795, 42.518869], [-70.899723, 42.518902], [-70.89962, 42.518781], [-70.899752, 42.51872], [-70.899812, 42.51879], [-70.899736, 42.518826], [-70.899775, 42.518845], [-70.899795, 42.518869]]]}, "properties": {"layer": "buildings", "kind": "building"}}, {"type": "Feature", "geometry": {"type": "Polygon", "coordinates": [[[-70.899924, 42.520699], [-70.899902, 42.520708], [-70.899945, 42.520765], [-70.899787, 42.520829], [-70.8997, 42.520713], [-70.899747, 42.520694], [-70.899734, 42.520676], [-70.899778, 42.520657], [-70.89975, 42.52062], [-70.899822, 42.520591], [-70.899869, 42.520652], [-70.899884, 42.520646], [-70.899924, 42.520699]]]}, "properties": {"layer": "buildings", "kind": "building"}}, {"type": "Feature", "geometry": {"type": "Polygon", "coordinates": [[[-70.899865, 42.516113], [-70.899735, 42.516184], [-70.89967, 42.516119], [-70.8998, 42.516048], [-70.899865, 42.516113]]]}, "properties": {"layer": "buildings", "kind": "building"}}, {"type": "Feature", "geometry": {"type": "Polygon", "coordinates": [[[-70.899806, 42.519135], [-70.899736, 42.519143], [-70.899723, 42.519078], [-70.899793, 42.51907], [-70.899806, 42.519135]]]}, "properties": {"layer": "buildings", "kind": "building"}}, {"type": "Feature", "geometry": {"type": "Polygon", "coordinates": [[[-70.899955, 42.522362], [-70.899855, 42.522408], [-70.899807, 42.522352], [-70.899764, 42.522206], [-70.899822, 42.522203], [-70.899841, 42.522291], [-70.89988, 42.522273], [-70.899955, 42.522362]]]}, "properties": {"layer": "buildings", "kind": "building"}}, {"type": "Feature", "geometry": {"type": "Polygon", "coordinates": [[[-70.899877, 42.515349], [-70.899732, 42.515428], [-70.899674, 42.51537], [-70.899818, 42.515291], [-70.899877, 42.515349]]]}, "properties": {"layer": "buildings", "kind": "building"}}, {"type": "Feature", "geometry": {"type": "Polygon", "coordinates": [[[-70.90004, 42.516677], [-70.899957, 42.516722], [-70.899835, 42.5166], [-70.899919, 42.516554], [-70.90004, 42.516677]]]}, "properties": {"layer": "buildings", "kind": "building"}}, {"type": "Feature", "geometry": {"type": "Polygon", "coordinates": [[[-70.899797, 42.520106], [-70.899794, 42.520095], [-70.899751, 42.520103], [-70.89974, 42.52007], [-70.899714, 42.520075], [-70.899686, 42.519994], [-70.899784, 42.519976], [-70.899809, 42.520049], [-70.899931, 42.520026], [-70.899957, 42.5201], [-70.89984, 42.520122], [-70.899832, 42.5201], [-70.899797, 42.520106]]]}, "properties": {"layer": "buildings", "kind": "building"}}, {"type": "Feature", "geometry": {"type": "Polygon", "coordinates": [[[-70.899935, 42.516736], [-70.899848, 42.516784], [-70.899725, 42.516661], [-70.899812, 42.516613], [-70.899935, 42.516736]]]}, "properties": {"layer": "buildings", "kind": "building"}}, {"type": "Feature", "geometry": {"type": "Polygon", "coordinates": [[[-70.900048, 42.517432], [-70.899878, 42.51749], [-70.899828, 42.517409], [-70.899997, 42.517351], [-70.900048, 42.517432]]]}, "properties": {"layer": "buildings", "kind": "building"}}, {"type": "Feature", "geometry": {"type": "Polygon", "coordinates": [[[-70.899881, 42.515876], [-70.899762, 42.515939], [-70.899677, 42.515851], [-70.899796, 42.515788], [-70.899881, 42.515876]]]}, "properties": {"layer": "buildings", "kind": "building"}}, {"type": "Feature", "geometry": {"type": "Polygon", "coordinates": [[[-70.899955, 42.519494], [-70.899885, 42.519511], [-70.899901, 42.519549], [-70.899762, 42.519583], [-70.89972, 42.519488], [-70.899865, 42.519453], [-70.899861, 42.519444], [-70.899926, 42.519429], [-70.899955, 42.519494]]]}, "properties": {"layer": "buildings", "kind": "building"}}, {"type": "Feature", "geometry": {"type": "Polygon", "coordinates": [[[-70.900027, 42.516028], [-70.899901, 42.516094], [-70.89983, 42.516019], [-70.899956, 42.515954], [-70.900027, 42.516028]]]}, "properties": {"layer": "buildings", "kind": "building"}}, {"type": "Feature", "geometry": {"type": "Polygon", "coordinates": [[[-70.899882, 42.522811], [-70.899852, 42.52277], [-70.899869, 42.522763], [-70.899848, 42.522734], [-70.899889, 42.522717], [-70.89988, 42.522706], [-70.899916, 42.522691], [-70.899926, 42.522705], [-70.899945, 42.522697], [-70.900004, 42.522778], [-70.899902, 42.522819], [-70.899893, 42.522807], [-70.899882, 42.522811]]]}, "properties": {"layer": "buildings", "kind": "building"}}, {"type": "Feature", "geometry": {"type": "Polygon", "coordinates": [[[-70.900078, 42.519905], [-70.899905, 42.519942], [-70.899855, 42.519816], [-70.900028, 42.519778], [-70.900078, 42.519905]]]}, "properties": {"layer": "buildings", "kind": "building"}}, {"type": "Feature", "geometry": {"type": "Polygon", "coordinates": [[[-70.899966, 42.522592], [-70.899948, 42.5226], [-70.89999, 42.522652], [-70.899924, 42.522682], [-70.899835, 42.522572], [-70.899889, 42.522548], [-70.899879, 42.522535], [-70.899909, 42.522522], [-70.899966, 42.522592]]]}, "properties": {"layer": "buildings", "kind": "building"}}, {"type": "Feature", "geometry": {"type": "Polygon", "coordinates": [[[-70.899914, 42.517344], [-70.899812, 42.517377], [-70.899775, 42.517314], [-70.899877, 42.517281], [-70.899914, 42.517344]]]}, "properties": {"layer": "buildings", "kind": "building"}}, {"type": "Feature", "geometry": {"type": "Polygon", "coordinates": [[[-70.899956, 42.515659], [-70.899944, 42.515647], [-70.899946, 42.515633], [-70.900098, 42.515552], [-70.900157, 42.515612], [-70.899984, 42.515704], [-70.899946, 42.515665], [-70.899956, 42.515659]]]}, "properties": {"layer": "buildings", "kind": "building"}}, {"type": "Feature", "geometry": {"type": "Polygon", "coordinates": [[[-70.900022, 42.520008], [-70.899963, 42.520018], [-70.899942, 42.519952], [-70.900001, 42.519941], [-70.900022, 42.520008]]]}, "properties": {"layer": "buildings", "kind": "building"}}, {"type": "Feature", "geometry": {"type": "Polygon", "coordinates": [[[-70.899778, 42.516328], [-70.899753, 42.516303], [-70.899778, 42.516289], [-70.899753, 42.516264], [-70.899893, 42.516187], [-70.899923, 42.516217], [-70.899938, 42.516208], [-70.899959, 42.516229], [-70.899944, 42.516238], [-70.899967, 42.516261], [-70.899824, 42.516339], [-70.899801, 42.516316], [-70.899778, 42.516328]]]}, "properties": {"layer": "buildings", "kind": "building"}}, {"type": "Feature", "geometry": {"type": "Polygon", "coordinates": [[[-70.900023, 42.516222], [-70.899971, 42.516169], [-70.900052, 42.516124], [-70.900033, 42.516105], [-70.900079, 42.51608], [-70.900175, 42.516176], [-70.90007, 42.516234], [-70.900045, 42.51621], [-70.900023, 42.516222]]]}, "properties": {"layer": "buildings", "kind": "building"}}, {"type": "Feature", "geometry": {"type": "Polygon", "coordinates": [[[-70.900139, 42.517691], [-70.900112, 42.5177], [-70.900125, 42.517722], [-70.900003, 42.51776], [-70.899965, 42.517695], [-70.900114, 42.517648], [-70.900139, 42.517691]]]}, "properties": {"layer": "buildings", "kind": "building"}}, {"type": "Feature", "geometry": {"type": "Polygon", "coordinates": [[[-70.900193, 42.518837], [-70.900074, 42.518895], [-70.900014, 42.518827], [-70.900134, 42.51877], [-70.900193, 42.518837]]]}, "properties": {"layer": "buildings", "kind": "building"}}, {"type": "Feature", "geometry": {"type": "Polygon", "coordinates": [[[-70.900037, 42.515507], [-70.899878, 42.515595], [-70.899816, 42.515535], [-70.899975, 42.515446], [-70.900037, 42.515507]]]}, "properties": {"layer": "buildings", "kind": "building"}}, {"type": "Feature", "geometry": {"type": "Polygon", "coordinates": [[[-70.900216, 42.517366], [-70.90012, 42.517398], [-70.900037, 42.517263], [-70.900132, 42.51723], [-70.900216, 42.517366]]]}, "properties": {"layer": "buildings", "kind": "building"}}, {"type": "Feature", "geometry": {"type": "Polygon", "coordinates": [[[-70.900123, 42.516453], [-70.90006, 42.516486], [-70.899992, 42.516416], [-70.900055, 42.516382], [-70.900123, 42.516453]]]}, "properties": {"layer": "buildings", "kind": "building"}}, {"type": "Feature", "geometry": {"type": "Polygon", "coordinates": [[[-70.900063, 42.522493], [-70.900079, 42.522486], [-70.900096, 42.522507], [-70.90008, 42.522514], [-70.900101, 42.522538], [-70.900028, 42.522572], [-70.900082, 42.522645], [-70.900034, 42.522662], [-70.899977, 42.522578], [-70.900011, 42.522562], [-70.89996, 42.522503], [-70.90004, 42.522466], [-70.900063, 42.522493]]]}, "properties": {"layer": "buildings", "kind": "building"}}, {"type": "Feature", "geometry": {"type": "Polygon", "coordinates": [[[-70.900154, 42.516608], [-70.900069, 42.516656], [-70.899937, 42.516525], [-70.900023, 42.516478], [-70.900154, 42.516608]]]}, "properties": {"layer": "buildings", "kind": "building"}}, {"type": "Feature", "geometry": {"type": "Polygon", "coordinates": [[[-70.90008, 42.52051], [-70.900108, 42.520505], [-70.900127, 42.520565], [-70.900202, 42.520659], [-70.900036, 42.52073], [-70.899939, 42.520606], [-70.899922, 42.520507], [-70.900029, 42.520497], [-70.900016, 42.520421], [-70.900064, 42.520416], [-70.90008, 42.52051]]]}, "properties": {"layer": "buildings", "kind": "building"}}, {"type": "Feature", "geometry": {"type": "Polygon", "coordinates": [[[-70.900249, 42.516262], [-70.900112, 42.516338], [-70.900047, 42.516277], [-70.900186, 42.5162], [-70.900249, 42.516262]]]}, "properties": {"layer": "buildings", "kind": "building"}}, {"type": "Feature", "geometry": {"type": "Polygon", "coordinates": [[[-70.900175, 42.515722], [-70.900236, 42.515783], [-70.900115, 42.515841], [-70.900061, 42.515783], [-70.900131, 42.515747], [-70.900139, 42.515734], [-70.900156, 42.515727], [-70.900164, 42.515726], [-70.900175, 42.515722]]]}, "properties": {"layer": "buildings", "kind": "building"}}, {"type": "Feature", "geometry": {"type": "Polygon", "coordinates": [[[-70.900122, 42.517578], [-70.899955, 42.517636], [-70.899907, 42.517558], [-70.900074, 42.517501], [-70.900122, 42.517578]]]}, "properties": {"layer": "buildings", "kind": "building"}}, {"type": "Feature", "geometry": {"type": "Polygon", "coordinates": [[[-70.900185, 42.516497], [-70.900125, 42.516531], [-70.900079, 42.516487], [-70.900139, 42.516452], [-70.900185, 42.516497]]]}, "properties": {"layer": "buildings", "kind": "building"}}, {"type": "Feature", "geometry": {"type": "Polygon", "coordinates": [[[-70.899992, 42.521759], [-70.899986, 42.521678], [-70.90013, 42.521672], [-70.900132, 42.521699], [-70.900206, 42.521695], [-70.900211, 42.521762], [-70.900141, 42.521765], [-70.90014, 42.521752], [-70.899992, 42.521759]]]}, "properties": {"layer": "buildings", "kind": "building"}}, {"type": "Feature", "geometry": {"type": "Polygon", "coordinates": [[[-70.900047, 42.516902], [-70.900018, 42.516874], [-70.900042, 42.51686], [-70.900035, 42.516853], [-70.900134, 42.516798], [-70.900205, 42.516868], [-70.900105, 42.516924], [-70.90007, 42.51689], [-70.900047, 42.516902]]]}, "properties": {"layer": "buildings", "kind": "building"}}, {"type": "Feature", "geometry": {"type": "Polygon", "coordinates": [[[-70.900129, 42.517761], [-70.900146, 42.517789], [-70.900213, 42.517767], [-70.900244, 42.517817], [-70.900145, 42.51785], [-70.900139, 42.51784], [-70.900068, 42.517864], [-70.900026, 42.517796], [-70.900129, 42.517761]]]}, "properties": {"layer": "buildings", "kind": "building"}}, {"type": "Feature", "geometry": {"type": "Polygon", "coordinates": [[[-70.900206, 42.517938], [-70.900245, 42.517985], [-70.900297, 42.517961], [-70.900362, 42.51804], [-70.900239, 42.518096], [-70.900176, 42.51802], [-70.900191, 42.518013], [-70.90015, 42.517964], [-70.900206, 42.517938]]]}, "properties": {"layer": "buildings", "kind": "building"}}, {"type": "Feature", "geometry": {"type": "Polygon", "coordinates": [[[-70.900174, 42.521942], [-70.900223, 42.521938], [-70.90023, 42.522001], [-70.900177, 42.522004], [-70.900174, 42.521983], [-70.900025, 42.521993], [-70.900018, 42.521933], [-70.900171, 42.521923], [-70.900174, 42.521942]]]}, "properties": {"layer": "buildings", "kind": "building"}}, {"type": "Feature", "geometry": {"type": "Polygon", "coordinates": [[[-70.900239, 42.516513], [-70.900193, 42.516468], [-70.900359, 42.516375], [-70.900429, 42.516443], [-70.900291, 42.51652], [-70.900268, 42.516497], [-70.900239, 42.516513]]]}, "properties": {"layer": "buildings", "kind": "building"}}, {"type": "Feature", "geometry": {"type": "Polygon", "coordinates": [[[-70.900318, 42.515522], [-70.900196, 42.515587], [-70.900146, 42.515536], [-70.900268, 42.515471], [-70.900318, 42.515522]]]}, "properties": {"layer": "buildings", "kind": "building"}}, {"type": "Feature", "geometry": {"type": "Polygon", "coordinates": [[[-70.900385, 42.517309], [-70.900289, 42.517342], [-70.900206, 42.517208], [-70.900302, 42.517175], [-70.900385, 42.517309]]]}, "properties": {"layer": "buildings", "kind": "building"}}, {"type": "Feature", "geometry": {"type": "Polygon", "coordinates": [[[-70.90024, 42.522137], [-70.900206, 42.52215], [-70.900215, 42.522162], [-70.900193, 42.522171], [-70.900231, 42.522218], [-70.900104, 42.522275], [-70.900074, 42.522239], [-70.90005, 42.522249], [-70.900042, 42.522179], [-70.900219, 42.522107], [-70.90024, 42.522137]]]}, "properties": {"layer": "buildings", "kind": "building"}}, {"type": "Feature", "geometry": {"type": "Polygon", "coordinates": [[[-70.900339, 42.517557], [-70.900244, 42.517589], [-70.900159, 42.517453], [-70.900254, 42.517421], [-70.900339, 42.517557]]]}, "properties": {"layer": "buildings", "kind": "building"}}, {"type": "Feature", "geometry": {"type": "Polygon", "coordinates": [[[-70.900324, 42.520617], [-70.900249, 42.520626], [-70.90023, 42.520543], [-70.900247, 42.520541], [-70.900213, 42.520389], [-70.900272, 42.520381], [-70.900324, 42.520617]]]}, "properties": {"layer": "buildings", "kind": "building"}}, {"type": "Feature", "geometry": {"type": "Polygon", "coordinates": [[[-70.900472, 42.522046], [-70.900499, 42.52208], [-70.900356, 42.522143], [-70.900306, 42.522081], [-70.900273, 42.52208], [-70.900256, 42.522059], [-70.90027, 42.522035], [-70.900287, 42.522027], [-70.900251, 42.521982], [-70.900362, 42.521933], [-70.900394, 42.521972], [-70.900418, 42.521962], [-70.900482, 42.522042], [-70.900472, 42.522046]]]}, "properties": {"layer": "buildings", "kind": "building"}}, {"type": "Feature", "geometry": {"type": "Polygon", "coordinates": [[[-70.900256, 42.522504], [-70.900287, 42.522538], [-70.900186, 42.522586], [-70.90011, 42.522498], [-70.900126, 42.52249], [-70.900085, 42.522443], [-70.900205, 42.522387], [-70.900256, 42.522446], [-70.900241, 42.522452], [-70.900277, 42.522494], [-70.900256, 42.522504]]]}, "properties": {"layer": "buildings", "kind": "building"}}, {"type": "Feature", "geometry": {"type": "Polygon", "coordinates": [[[-70.900449, 42.516939], [-70.900284, 42.517024], [-70.900222, 42.516958], [-70.900388, 42.516874], [-70.900449, 42.516939]]]}, "properties": {"layer": "buildings", "kind": "building"}}, {"type": "Feature", "geometry": {"type": "Polygon", "coordinates": [[[-70.900378, 42.516757], [-70.900291, 42.516809], [-70.900226, 42.516748], [-70.900313, 42.516697], [-70.900378, 42.516757]]]}, "properties": {"layer": "buildings", "kind": "building"}}, {"type": "Feature", "geometry": {"type": "Polygon", "coordinates": [[[-70.900442, 42.522384], [-70.900317, 42.522441], [-70.900255, 42.522367], [-70.900379, 42.52231], [-70.900442, 42.522384]]]}, "properties": {"layer": "buildings", "kind": "building"}}, {"type": "Feature", "geometry": {"type": "Polygon", "coordinates": [[[-70.900172, 42.51932], [-70.900163, 42.519299], [-70.900224, 42.519284], [-70.900272, 42.519396], [-70.900292, 42.519392], [-70.900317, 42.51945], [-70.900152, 42.519489], [-70.900089, 42.51934], [-70.900172, 42.51932]]]}, "properties": {"layer": "buildings", "kind": "building"}}, {"type": "Feature", "geometry": {"type": "Polygon", "coordinates": [[[-70.900556, 42.517051], [-70.900391, 42.517137], [-70.900331, 42.517074], [-70.900496, 42.516988], [-70.900556, 42.517051]]]}, "properties": {"layer": "buildings", "kind": "building"}}, {"type": "Feature", "geometry": {"type": "Polygon", "coordinates": [[[-70.900305, 42.521161], [-70.900311, 42.521176], [-70.90021, 42.521199], [-70.900173, 42.521112], [-70.900203, 42.521105], [-70.900148, 42.520975], [-70.900331, 42.520933], [-70.900394, 42.521081], [-70.900371, 42.521087], [-70.900394, 42.521141], [-70.900305, 42.521161]]]}, "properties": {"layer": "buildings", "kind": "building"}}, {"type": "Feature", "geometry": {"type": "Polygon", "coordinates": [[[-70.900483, 42.519216], [-70.900424, 42.519229], [-70.900434, 42.519255], [-70.900257, 42.519296], [-70.90023, 42.519231], [-70.900343, 42.519205], [-70.900319, 42.519148], [-70.900442, 42.51912], [-70.900483, 42.519216]]]}, "properties": {"layer": "buildings", "kind": "building"}}, {"type": "Feature", "geometry": {"type": "Polygon", "coordinates": [[[-70.900367, 42.518559], [-70.900345, 42.518572], [-70.90036, 42.518585], [-70.900308, 42.518617], [-70.900354, 42.518658], [-70.900291, 42.518697], [-70.900231, 42.518645], [-70.900218, 42.518653], [-70.900127, 42.518574], [-70.900276, 42.51848], [-70.900367, 42.518559]]]}, "properties": {"layer": "buildings", "kind": "building"}}, {"type": "Feature", "geometry": {"type": "Polygon", "coordinates": [[[-70.900218, 42.519736], [-70.900369, 42.519698], [-70.90043, 42.519832], [-70.900417, 42.519835], [-70.900467, 42.519945], [-70.900384, 42.519966], [-70.900334, 42.519859], [-70.900171, 42.5199], [-70.900131, 42.51981], [-70.90024, 42.519783], [-70.900218, 42.519736]]]}, "properties": {"layer": "buildings", "kind": "building"}}, {"type": "Feature", "geometry": {"type": "Polygon", "coordinates": [[[-70.900593, 42.517928], [-70.900396, 42.518026], [-70.900322, 42.517945], [-70.90052, 42.517847], [-70.900593, 42.517928]]]}, "properties": {"layer": "buildings", "kind": "building"}}, {"type": "Feature", "geometry": {"type": "Polygon", "coordinates": [[[-70.9005, 42.517492], [-70.900405, 42.517523], [-70.900322, 42.517386], [-70.900417, 42.517355], [-70.9005, 42.517492]]]}, "properties": {"layer": "buildings", "kind": "building"}}, {"type": "Feature", "geometry": {"type": "Polygon", "coordinates": [[[-70.900388, 42.515927], [-70.900429, 42.515907], [-70.9005, 42.515986], [-70.900461, 42.516005], [-70.900474, 42.516019], [-70.900364, 42.516074], [-70.90027, 42.515971], [-70.900378, 42.515917], [-70.900388, 42.515927]]]}, "properties": {"layer": "buildings", "kind": "building"}}, {"type": "Feature", "geometry": {"type": "Polygon", "coordinates": [[[-70.900441, 42.523332], [-70.900256, 42.523357], [-70.900135, 42.522862], [-70.900321, 42.522837], [-70.900441, 42.523332]]]}, "properties": {"layer": "buildings", "kind": "building"}}, {"type": "Feature", "geometry": {"type": "Polygon", "coordinates": [[[-70.900497, 42.516833], [-70.90044, 42.516863], [-70.900392, 42.516814], [-70.90045, 42.516784], [-70.900497, 42.516833]]]}, "properties": {"layer": "buildings", "kind": "building"}}, {"type": "Feature", "geometry": {"type": "Polygon", "coordinates": [[[-70.900463, 42.51775], [-70.900364, 42.517784], [-70.900279, 42.517648], [-70.900377, 42.517614], [-70.900463, 42.51775]]]}, "properties": {"layer": "buildings", "kind": "building"}}, {"type": "Feature", "geometry": {"type": "Polygon", "coordinates": [[[-70.9004, 42.520514], [-70.900366, 42.520381], [-70.900565, 42.520353], [-70.900599, 42.520483], [-70.900533, 42.520492], [-70.900538, 42.520514], [-70.900475, 42.520523], [-70.90047, 42.520504], [-70.9004, 42.520514]]]}, "properties": {"layer": "buildings", "kind": "building"}}, {"type": "Feature", "geometry": {"type": "Polygon", "coordinates": [[[-70.900606, 42.516132], [-70.900479, 42.516203], [-70.900408, 42.516134], [-70.900535, 42.516063], [-70.900606, 42.516132]]]}, "properties": {"layer": "buildings", "kind": "building"}}, {"type": "Feature", "geometry": {"type": "Polygon", "coordinates": [[[-70.900573, 42.522329], [-70.900475, 42.522373], [-70.900412, 42.522296], [-70.90051, 42.522252], [-70.900573, 42.522329]]]}, "properties": {"layer": "buildings", "kind": "building"}}, {"type": "Feature", "geometry": {"type": "Polygon", "coordinates": [[[-70.900679, 42.516244], [-70.900579, 42.516302], [-70.900512, 42.516239], [-70.900613, 42.516181], [-70.900679, 42.516244]]]}, "properties": {"layer": "buildings", "kind": "building"}}, {"type": "Feature", "geometry": {"type": "Polygon", "coordinates": [[[-70.900351, 42.521239], [-70.900389, 42.521238], [-70.900388, 42.52123], [-70.900509, 42.521227], [-70.900518, 42.521402], [-70.90036, 42.521406], [-70.900358, 42.521378], [-70.900338, 42.521379], [-70.900336, 42.521346], [-70.900355, 42.521346], [-70.900351, 42.521239]]]}, "properties": {"layer": "buildings", "kind": "building"}}, {"type": "Feature", "geometry": {"type": "Polygon", "coordinates": [[[-70.900621, 42.515339], [-70.900523, 42.515363], [-70.900458, 42.515219], [-70.900556, 42.515195], [-70.900621, 42.515339]]]}, "properties": {"layer": "buildings", "kind": "building"}}, {"type": "Feature", "geometry": {"type": "Polygon", "coordinates": [[[-70.900427, 42.516632], [-70.900416, 42.516622], [-70.90048, 42.516583], [-70.900489, 42.516591], [-70.900532, 42.516565], [-70.900597, 42.516622], [-70.900549, 42.516651], [-70.900557, 42.516658], [-70.900496, 42.516695], [-70.900488, 42.516689], [-70.900441, 42.516717], [-70.900379, 42.516661], [-70.900427, 42.516632]]]}, "properties": {"layer": "buildings", "kind": "building"}}, {"type": "Feature", "geometry": {"type": "Polygon", "coordinates": [[[-70.900568, 42.519261], [-70.900561, 42.519244], [-70.900588, 42.519237], [-70.900563, 42.519178], [-70.900598, 42.519169], [-70.900624, 42.519229], [-70.900636, 42.519226], [-70.900649, 42.519258], [-70.900637, 42.51926], [-70.900654, 42.519298], [-70.900677, 42.519292], [-70.900706, 42.519359], [-70.900548, 42.519397], [-70.900496, 42.519278], [-70.900568, 42.519261]]]}, "properties": {"layer": "buildings", "kind": "building"}}, {"type": "Feature", "geometry": {"type": "Polygon", "coordinates": [[[-70.900662, 42.51901], [-70.900591, 42.519027], [-70.900566, 42.518971], [-70.900638, 42.518954], [-70.900662, 42.51901]]]}, "properties": {"layer": "buildings", "kind": "building"}}, {"type": "Feature", "geometry": {"type": "Polygon", "coordinates": [[[-70.900487, 42.520884], [-70.900481, 42.520791], [-70.90058, 42.520787], [-70.900595, 42.520962], [-70.900532, 42.520965], [-70.900525, 42.520882], [-70.900487, 42.520884]]]}, "properties": {"layer": "buildings", "kind": "building"}}, {"type": "Feature", "geometry": {"type": "Polygon", "coordinates": [[[-70.900608, 42.517673], [-70.900516, 42.517703], [-70.900435, 42.517567], [-70.900527, 42.517537], [-70.900608, 42.517673]]]}, "properties": {"layer": "buildings", "kind": "building"}}, {"type": "Feature", "geometry": {"type": "Polygon", "coordinates": [[[-70.900618, 42.520907], [-70.900612, 42.520824], [-70.900637, 42.520823], [-70.900631, 42.520743], [-70.900714, 42.52074], [-70.900732, 42.520989], [-70.900651, 42.520992], [-70.900645, 42.520906], [-70.900618, 42.520907]]]}, "properties": {"layer": "buildings", "kind": "building"}}, {"type": "Feature", "geometry": {"type": "Polygon", "coordinates": [[[-70.900533, 42.519628], [-70.900536, 42.519643], [-70.900604, 42.519636], [-70.900623, 42.519746], [-70.900603, 42.519748], [-70.900611, 42.519794], [-70.900528, 42.519802], [-70.900497, 42.519631], [-70.900533, 42.519628]]]}, "properties": {"layer": "buildings", "kind": "building"}}, {"type": "Feature", "geometry": {"type": "Polygon", "coordinates": [[[-70.900633, 42.522415], [-70.900571, 42.522443], [-70.90055, 42.522417], [-70.900611, 42.522389], [-70.900633, 42.522415]]]}, "properties": {"layer": "buildings", "kind": "building"}}, {"type": "Feature", "geometry": {"type": "Polygon", "coordinates": [[[-70.900633, 42.521451], [-70.900538, 42.521455], [-70.900534, 42.521401], [-70.900629, 42.521397], [-70.900633, 42.521451]]]}, "properties": {"layer": "buildings", "kind": "building"}}, {"type": "Feature", "geometry": {"type": "Polygon", "coordinates": [[[-70.900657, 42.520008], [-70.900575, 42.520015], [-70.90056, 42.519917], [-70.900629, 42.519911], [-70.900633, 42.51994], [-70.900647, 42.519939], [-70.900657, 42.520008]]]}, "properties": {"layer": "buildings", "kind": "building"}}, {"type": "Feature", "geometry": {"type": "Polygon", "coordinates": [[[-70.900797, 42.518937], [-70.900694, 42.518962], [-70.900654, 42.518871], [-70.900757, 42.518841], [-70.900797, 42.518937]]]}, "properties": {"layer": "buildings", "kind": "building"}}, {"type": "Feature", "geometry": {"type": "Polygon", "coordinates": [[[-70.900756, 42.521703], [-70.900658, 42.52171], [-70.90065, 42.521648], [-70.900748, 42.521641], [-70.900756, 42.521703]]]}, "properties": {"layer": "buildings", "kind": "building"}}, {"type": "Feature", "geometry": {"type": "Polygon", "coordinates": [[[-70.900904, 42.517775], [-70.900659, 42.517895], [-70.900589, 42.517816], [-70.900834, 42.517696], [-70.900904, 42.517775]]]}, "properties": {"layer": "buildings", "kind": "building"}}, {"type": "Feature", "geometry": {"type": "Polygon", "coordinates": [[[-70.900684, 42.520186], [-70.900571, 42.520192], [-70.900562, 42.520105], [-70.900578, 42.520104], [-70.900577, 42.520092], [-70.900619, 42.52009], [-70.900617, 42.52007], [-70.900672, 42.520067], [-70.900684, 42.520186]]]}, "properties": {"layer": "buildings", "kind": "building"}}, {"type": "Feature", "geometry": {"type": "Polygon", "coordinates": [[[-70.900819, 42.516306], [-70.900676, 42.516384], [-70.900609, 42.516316], [-70.900753, 42.516239], [-70.900819, 42.516306]]]}, "properties": {"layer": "buildings", "kind": "building"}}, {"type": "Feature", "geometry": {"type": "Polygon", "coordinates": [[[-70.900679, 42.516734], [-70.900614, 42.516768], [-70.900577, 42.516729], [-70.900643, 42.516695], [-70.900679, 42.516734]]]}, "properties": {"layer": "buildings", "kind": "building"}}, {"type": "Feature", "geometry": {"type": "Polygon", "coordinates": [[[-70.90068, 42.515722], [-70.900514, 42.515814], [-70.900425, 42.515726], [-70.900592, 42.515635], [-70.90068, 42.515722]]]}, "properties": {"layer": "buildings", "kind": "building"}}, {"type": "Feature", "geometry": {"type": "Polygon", "coordinates": [[[-70.900682, 42.517041], [-70.900625, 42.517067], [-70.900582, 42.517016], [-70.90064, 42.51699], [-70.900682, 42.517041]]]}, "properties": {"layer": "buildings", "kind": "building"}}, {"type": "Feature", "geometry": {"type": "Polygon", "coordinates": [[[-70.900718, 42.519176], [-70.900728, 42.519177], [-70.900692, 42.519087], [-70.900735, 42.519077], [-70.900779, 42.519187], [-70.900873, 42.519166], [-70.90088, 42.519151], [-70.900898, 42.519141], [-70.900919, 42.51914], [-70.900939, 42.519147], [-70.900942, 42.519149], [-70.900997, 42.519266], [-70.90074, 42.519326], [-70.900689, 42.519206], [-70.900688, 42.519197], [-70.900692, 42.519189], [-70.900706, 42.519179], [-70.900718, 42.519176]]]}, "properties": {"layer": "buildings", "kind": "building"}}, {"type": "Feature", "geometry": {"type": "Polygon", "coordinates": [[[-70.900785, 42.520047], [-70.900786, 42.52006], [-70.900833, 42.520057], [-70.90084, 42.520114], [-70.90073, 42.520121], [-70.900722, 42.520051], [-70.900785, 42.520047]]]}, "properties": {"layer": "buildings", "kind": "building"}}, {"type": "Feature", "geometry": {"type": "Polygon", "coordinates": [[[-70.900759, 42.515303], [-70.900723, 42.515313], [-70.90073, 42.515329], [-70.900671, 42.515345], [-70.900614, 42.515227], [-70.900709, 42.515201], [-70.900759, 42.515303]]]}, "properties": {"layer": "buildings", "kind": "building"}}, {"type": "Feature", "geometry": {"type": "Polygon", "coordinates": [[[-70.900734, 42.519825], [-70.900732, 42.519812], [-70.900714, 42.519813], [-70.9007, 42.51974], [-70.900823, 42.519727], [-70.900851, 42.519873], [-70.900781, 42.51988], [-70.90077, 42.519821], [-70.900734, 42.519825]]]}, "properties": {"layer": "buildings", "kind": "building"}}, {"type": "Feature", "geometry": {"type": "Polygon", "coordinates": [[[-70.900819, 42.520514], [-70.900739, 42.520515], [-70.900736, 42.520429], [-70.900799, 42.520428], [-70.9008, 42.520458], [-70.900817, 42.520457], [-70.900819, 42.520514]]]}, "properties": {"layer": "buildings", "kind": "building"}}, {"type": "Feature", "geometry": {"type": "Polygon", "coordinates": [[[-70.90074, 42.51763], [-70.900673, 42.517666], [-70.900648, 42.51764], [-70.900715, 42.517604], [-70.90074, 42.51763]]]}, "properties": {"layer": "buildings", "kind": "building"}}, {"type": "Feature", "geometry": {"type": "Polygon", "coordinates": [[[-70.900814, 42.521933], [-70.900762, 42.52187], [-70.900936, 42.521791], [-70.900945, 42.521801], [-70.900989, 42.521781], [-70.901053, 42.521858], [-70.900878, 42.521938], [-70.900857, 42.521913], [-70.900814, 42.521933]]]}, "properties": {"layer": "buildings", "kind": "building"}}, {"type": "Feature", "geometry": {"type": "Polygon", "coordinates": [[[-70.900872, 42.522479], [-70.900784, 42.522482], [-70.900781, 42.522425], [-70.900868, 42.522422], [-70.900872, 42.522479]]]}, "properties": {"layer": "buildings", "kind": "building"}}, {"type": "Feature", "geometry": {"type": "Polygon", "coordinates": [[[-70.900876, 42.520281], [-70.900782, 42.520287], [-70.900766, 42.520168], [-70.90086, 42.520161], [-70.900876, 42.520281]]]}, "properties": {"layer": "buildings", "kind": "building"}}, {"type": "Feature", "geometry": {"type": "Polygon", "coordinates": [[[-70.900814, 42.516355], [-70.900894, 42.516432], [-70.900798, 42.516487], [-70.900791, 42.516479], [-70.900769, 42.516491], [-70.900697, 42.516422], [-70.900814, 42.516355]]]}, "properties": {"layer": "buildings", "kind": "building"}}, {"type": "Feature", "geometry": {"type": "Polygon", "coordinates": [[[-70.900871, 42.515393], [-70.900797, 42.515247], [-70.900908, 42.515216], [-70.900983, 42.515362], [-70.90094, 42.515374], [-70.900948, 42.51539], [-70.900891, 42.515406], [-70.900883, 42.515389], [-70.900871, 42.515393]]]}, "properties": {"layer": "buildings", "kind": "building"}}, {"type": "Feature", "geometry": {"type": "Polygon", "coordinates": [[[-70.900843, 42.515461], [-70.900773, 42.515477], [-70.900734, 42.515386], [-70.900805, 42.51537], [-70.900843, 42.515461]]]}, "properties": {"layer": "buildings", "kind": "building"}}, {"type": "Feature", "geometry": {"type": "Polygon", "coordinates": [[[-70.900815, 42.522197], [-70.900797, 42.522206], [-70.900813, 42.522224], [-70.900711, 42.522273], [-70.900687, 42.522245], [-70.900708, 42.522235], [-70.900661, 42.522182], [-70.900759, 42.522134], [-70.900815, 42.522197]]]}, "properties": {"layer": "buildings", "kind": "building"}}, {"type": "Feature", "geometry": {"type": "Polygon", "coordinates": [[[-70.900851, 42.521315], [-70.900763, 42.521318], [-70.900758, 42.521219], [-70.900846, 42.521216], [-70.900851, 42.521315]]]}, "properties": {"layer": "buildings", "kind": "building"}}, {"type": "Feature", "geometry": {"type": "Polygon", "coordinates": [[[-70.900884, 42.520403], [-70.900908, 42.5204], [-70.9009, 42.520358], [-70.900962, 42.520352], [-70.900991, 42.52051], [-70.900903, 42.520519], [-70.900894, 42.520474], [-70.900872, 42.520476], [-70.900866, 42.520443], [-70.900891, 42.52044], [-70.900884, 42.520403]]]}, "properties": {"layer": "buildings", "kind": "building"}}, {"type": "Feature", "geometry": {"type": "Polygon", "coordinates": [[[-70.900881, 42.520345], [-70.900836, 42.520348], [-70.900832, 42.520311], [-70.900877, 42.520308], [-70.900881, 42.520345]]]}, "properties": {"layer": "buildings", "kind": "building"}}, {"type": "Feature", "geometry": {"type": "Polygon", "coordinates": [[[-70.900885, 42.517057], [-70.900921, 42.517095], [-70.901032, 42.517036], [-70.90107, 42.517076], [-70.900831, 42.517202], [-70.900794, 42.517164], [-70.900868, 42.517124], [-70.900831, 42.517086], [-70.900885, 42.517057]]]}, "properties": {"layer": "buildings", "kind": "building"}}, {"type": "Feature", "geometry": {"type": "Polygon", "coordinates": [[[-70.900826, 42.516542], [-70.900798, 42.516515], [-70.900938, 42.516436], [-70.900947, 42.516445], [-70.900967, 42.516434], [-70.901002, 42.516467], [-70.900987, 42.516476], [-70.901009, 42.516497], [-70.900922, 42.516546], [-70.900938, 42.516561], [-70.900892, 42.516587], [-70.900839, 42.516535], [-70.900826, 42.516542]]]}, "properties": {"layer": "buildings", "kind": "building"}}, {"type": "Feature", "geometry": {"type": "Polygon", "coordinates": [[[-70.900912, 42.520854], [-70.900898, 42.520855], [-70.900903, 42.520904], [-70.900856, 42.520907], [-70.900851, 42.52086], [-70.900868, 42.520859], [-70.900865, 42.52083], [-70.900745, 42.520838], [-70.900733, 42.52073], [-70.900897, 42.520719], [-70.900912, 42.520854]]]}, "properties": {"layer": "buildings", "kind": "building"}}, {"type": "Feature", "geometry": {"type": "Polygon", "coordinates": [[[-70.900991, 42.520978], [-70.900916, 42.520982], [-70.900914, 42.520955], [-70.900988, 42.520951], [-70.900991, 42.520978]]]}, "properties": {"layer": "buildings", "kind": "building"}}, {"type": "Feature", "geometry": {"type": "Polygon", "coordinates": [[[-70.90114, 42.517144], [-70.901007, 42.517217], [-70.900947, 42.517157], [-70.901081, 42.517085], [-70.90114, 42.517144]]]}, "properties": {"layer": "buildings", "kind": "building"}}, {"type": "Feature", "geometry": {"type": "Polygon", "coordinates": [[[-70.901014, 42.52081], [-70.900954, 42.520811], [-70.900951, 42.520729], [-70.90101, 42.520728], [-70.901014, 42.52081]]]}, "properties": {"layer": "buildings", "kind": "building"}}, {"type": "Feature", "geometry": {"type": "Polygon", "coordinates": [[[-70.901061, 42.517347], [-70.901003, 42.517376], [-70.900964, 42.517332], [-70.901022, 42.517304], [-70.901061, 42.517347]]]}, "properties": {"layer": "buildings", "kind": "building"}}, {"type": "Feature", "geometry": {"type": "Polygon", "coordinates": [[[-70.90102, 42.518925], [-70.900922, 42.518953], [-70.900869, 42.518851], [-70.900966, 42.518824], [-70.90102, 42.518925]]]}, "properties": {"layer": "buildings", "kind": "building"}}, {"type": "Feature", "geometry": {"type": "Polygon", "coordinates": [[[-70.900946, 42.519762], [-70.900967, 42.51985], [-70.901041, 42.519841], [-70.901049, 42.519871], [-70.900929, 42.519886], [-70.9009, 42.519768], [-70.900946, 42.519762]]]}, "properties": {"layer": "buildings", "kind": "building"}}, {"type": "Feature", "geometry": {"type": "Polygon", "coordinates": [[[-70.900974, 42.521671], [-70.900902, 42.521673], [-70.900901, 42.521643], [-70.900972, 42.521642], [-70.900974, 42.521671]]]}, "properties": {"layer": "buildings", "kind": "building"}}, {"type": "Feature", "geometry": {"type": "Polygon", "coordinates": [[[-70.900993, 42.521516], [-70.900698, 42.521524], [-70.900694, 42.521459], [-70.900755, 42.521457], [-70.900755, 42.521444], [-70.900987, 42.521436], [-70.900993, 42.521516]]]}, "properties": {"layer": "buildings", "kind": "building"}}, {"type": "Feature", "geometry": {"type": "Polygon", "coordinates": [[[-70.901094, 42.518962], [-70.900996, 42.518987], [-70.90098, 42.518953], [-70.901077, 42.518927], [-70.901094, 42.518962]]]}, "properties": {"layer": "buildings", "kind": "building"}}, {"type": "Feature", "geometry": {"type": "Polygon", "coordinates": [[[-70.900939, 42.517612], [-70.900894, 42.517564], [-70.900993, 42.517513], [-70.901108, 42.517636], [-70.900996, 42.517694], [-70.900926, 42.517619], [-70.900939, 42.517612]]]}, "properties": {"layer": "buildings", "kind": "building"}}, {"type": "Feature", "geometry": {"type": "Polygon", "coordinates": [[[-70.900827, 42.519693], [-70.900794, 42.519583], [-70.900992, 42.51955], [-70.901, 42.519579], [-70.900987, 42.519581], [-70.900997, 42.519617], [-70.901014, 42.519614], [-70.901028, 42.51966], [-70.900978, 42.519669], [-70.900991, 42.519713], [-70.900888, 42.51973], [-70.900875, 42.519686], [-70.900827, 42.519693]]]}, "properties": {"layer": "buildings", "kind": "building"}}, {"type": "Feature", "geometry": {"type": "Polygon", "coordinates": [[[-70.900932, 42.522191], [-70.900857, 42.5221], [-70.900926, 42.522069], [-70.900999, 42.522159], [-70.901016, 42.522151], [-70.901044, 42.522186], [-70.900995, 42.522208], [-70.901005, 42.522279], [-70.900972, 42.52228], [-70.900939, 42.522233], [-70.900982, 42.522214], [-70.900955, 42.522181], [-70.900932, 42.522191]]]}, "properties": {"layer": "buildings", "kind": "building"}}, {"type": "Feature", "geometry": {"type": "Polygon", "coordinates": [[[-70.90114, 42.520878], [-70.901085, 42.520881], [-70.901088, 42.520912], [-70.901034, 42.520915], [-70.901017, 42.520741], [-70.901072, 42.520738], [-70.901135, 42.520735], [-70.90114, 42.520782], [-70.901147, 42.520856], [-70.901138, 42.520856], [-70.901139, 42.520867], [-70.90114, 42.520878]]]}, "properties": {"layer": "buildings", "kind": "building"}}, {"type": "Feature", "geometry": {"type": "Polygon", "coordinates": [[[-70.900981, 42.521584], [-70.900982, 42.521598], [-70.901025, 42.521597], [-70.901026, 42.521632], [-70.90093, 42.521635], [-70.900927, 42.521586], [-70.900981, 42.521584]]]}, "properties": {"layer": "buildings", "kind": "building"}}, {"type": "Feature", "geometry": {"type": "Polygon", "coordinates": [[[-70.901028, 42.518238], [-70.901049, 42.518231], [-70.90112, 42.518338], [-70.901101, 42.518345], [-70.901131, 42.518392], [-70.901038, 42.518425], [-70.900922, 42.51825], [-70.901014, 42.518217], [-70.901028, 42.518238]]]}, "properties": {"layer": "buildings", "kind": "building"}}, {"type": "Feature", "geometry": {"type": "Polygon", "coordinates": [[[-70.901071, 42.51663], [-70.900961, 42.516689], [-70.90092, 42.516648], [-70.90103, 42.516588], [-70.901071, 42.51663]]]}, "properties": {"layer": "buildings", "kind": "building"}}, {"type": "Feature", "geometry": {"type": "Polygon", "coordinates": [[[-70.901083, 42.515793], [-70.901094, 42.515806], [-70.90107, 42.515818], [-70.901058, 42.515804], [-70.901032, 42.515816], [-70.900984, 42.515758], [-70.901112, 42.515699], [-70.90115, 42.515745], [-70.901165, 42.515738], [-70.901175, 42.51575], [-70.901083, 42.515793]]]}, "properties": {"layer": "buildings", "kind": "building"}}, {"type": "Feature", "geometry": {"type": "Polygon", "coordinates": [[[-70.901232, 42.517228], [-70.901097, 42.517306], [-70.901032, 42.517245], [-70.901167, 42.517167], [-70.901232, 42.517228]]]}, "properties": {"layer": "buildings", "kind": "building"}}, {"type": "Feature", "geometry": {"type": "Polygon", "coordinates": [[[-70.901146, 42.517441], [-70.901096, 42.517469], [-70.901038, 42.517412], [-70.901088, 42.517384], [-70.901146, 42.517441]]]}, "properties": {"layer": "buildings", "kind": "building"}}, {"type": "Feature", "geometry": {"type": "Polygon", "coordinates": [[[-70.901223, 42.52164], [-70.901054, 42.521651], [-70.901044, 42.52157], [-70.901213, 42.521559], [-70.901223, 42.52164]]]}, "properties": {"layer": "buildings", "kind": "building"}}, {"type": "Feature", "geometry": {"type": "Polygon", "coordinates": [[[-70.901047, 42.520359], [-70.901056, 42.520402], [-70.901074, 42.5204], [-70.901095, 42.520496], [-70.901, 42.520507], [-70.900971, 42.520368], [-70.901047, 42.520359]]]}, "properties": {"layer": "buildings", "kind": "building"}}, {"type": "Feature", "geometry": {"type": "Polygon", "coordinates": [[[-70.901143, 42.515518], [-70.901087, 42.515538], [-70.901062, 42.515499], [-70.901118, 42.51548], [-70.901143, 42.515518]]]}, "properties": {"layer": "buildings", "kind": "building"}}, {"type": "Feature", "geometry": {"type": "Polygon", "coordinates": [[[-70.901159, 42.51531], [-70.901069, 42.515342], [-70.90101, 42.515253], [-70.901099, 42.51522], [-70.901159, 42.51531]]]}, "properties": {"layer": "buildings", "kind": "building"}}, {"type": "Feature", "geometry": {"type": "Polygon", "coordinates": [[[-70.901092, 42.515655], [-70.901024, 42.515684], [-70.900985, 42.515635], [-70.901053, 42.515605], [-70.901092, 42.515655]]]}, "properties": {"layer": "buildings", "kind": "building"}}, {"type": "Feature", "geometry": {"type": "Polygon", "coordinates": [[[-70.90094, 42.520146], [-70.900905, 42.520032], [-70.901073, 42.520004], [-70.901114, 42.520136], [-70.900985, 42.520158], [-70.900979, 42.520139], [-70.90094, 42.520146]]]}, "properties": {"layer": "buildings", "kind": "building"}}, {"type": "Feature", "geometry": {"type": "Polygon", "coordinates": [[[-70.901256, 42.520497], [-70.901118, 42.520514], [-70.901092, 42.5204], [-70.90123, 42.520382], [-70.901256, 42.520497]]]}, "properties": {"layer": "buildings", "kind": "building"}}, {"type": "Feature", "geometry": {"type": "Polygon", "coordinates": [[[-70.901291, 42.522493], [-70.901129, 42.522496], [-70.901127, 42.52244], [-70.90114, 42.522439], [-70.901138, 42.522397], [-70.901287, 42.522394], [-70.901291, 42.522493]]]}, "properties": {"layer": "buildings", "kind": "building"}}, {"type": "Feature", "geometry": {"type": "Polygon", "coordinates": [[[-70.901018, 42.522119], [-70.900957, 42.522048], [-70.901088, 42.521986], [-70.901107, 42.522008], [-70.901107, 42.52204], [-70.901083, 42.522051], [-70.901111, 42.522084], [-70.901123, 42.522078], [-70.901134, 42.522129], [-70.901093, 42.522148], [-70.901054, 42.522102], [-70.901018, 42.522119]]]}, "properties": {"layer": "buildings", "kind": "building"}}, {"type": "Feature", "geometry": {"type": "Polygon", "coordinates": [[[-70.901136, 42.516704], [-70.901064, 42.516744], [-70.900999, 42.516681], [-70.901071, 42.51664], [-70.901136, 42.516704]]]}, "properties": {"layer": "buildings", "kind": "building"}}, {"type": "Feature", "geometry": {"type": "Polygon", "coordinates": [[[-70.901279, 42.522332], [-70.901142, 42.522336], [-70.901143, 42.522346], [-70.901073, 42.522348], [-70.901072, 42.522315], [-70.901139, 42.522313], [-70.901137, 42.522283], [-70.901276, 42.52228], [-70.901279, 42.522332]]]}, "properties": {"layer": "buildings", "kind": "building"}}, {"type": "Feature", "geometry": {"type": "Polygon", "coordinates": [[[-70.901187, 42.519672], [-70.901164, 42.519613], [-70.901185, 42.519608], [-70.901148, 42.51951], [-70.901245, 42.519489], [-70.901323, 42.519693], [-70.901244, 42.51971], [-70.901226, 42.519664], [-70.901187, 42.519672]]]}, "properties": {"layer": "buildings", "kind": "building"}}, {"type": "Feature", "geometry": {"type": "Polygon", "coordinates": [[[-70.901156, 42.521066], [-70.900958, 42.521077], [-70.900953, 42.521023], [-70.901025, 42.521019], [-70.901022, 42.520994], [-70.901149, 42.520987], [-70.901156, 42.521066]]]}, "properties": {"layer": "buildings", "kind": "building"}}, {"type": "Feature", "geometry": {"type": "Polygon", "coordinates": [[[-70.901046, 42.52029], [-70.901049, 42.520304], [-70.900983, 42.520313], [-70.900956, 42.520207], [-70.901107, 42.520186], [-70.901113, 42.52021], [-70.90115, 42.520205], [-70.901164, 42.520256], [-70.901076, 42.520269], [-70.90108, 42.520285], [-70.901046, 42.52029]]]}, "properties": {"layer": "buildings", "kind": "building"}}, {"type": "Feature", "geometry": {"type": "Polygon", "coordinates": [[[-70.901153, 42.521344], [-70.900968, 42.521351], [-70.900962, 42.521262], [-70.901147, 42.521255], [-70.901153, 42.521344]]]}, "properties": {"layer": "buildings", "kind": "building"}}, {"type": "Feature", "geometry": {"type": "Polygon", "coordinates": [[[-70.90117, 42.522044], [-70.901177, 42.522091], [-70.901134, 42.522092], [-70.901134, 42.522052], [-70.901108, 42.521981], [-70.901223, 42.521936], [-70.901249, 42.521973], [-70.901231, 42.52198], [-70.901254, 42.522012], [-70.90117, 42.522044]]]}, "properties": {"layer": "buildings", "kind": "building"}}, {"type": "Feature", "geometry": {"type": "Polygon", "coordinates": [[[-70.901265, 42.522239], [-70.90119, 42.52224], [-70.901186, 42.52216], [-70.901262, 42.522158], [-70.901265, 42.522239]]]}, "properties": {"layer": "buildings", "kind": "building"}}, {"type": "Feature", "geometry": {"type": "Polygon", "coordinates": [[[-70.901101, 42.521752], [-70.90108, 42.521753], [-70.90108, 42.521719], [-70.9011, 42.521718], [-70.9011, 42.521702], [-70.901224, 42.5217], [-70.901226, 42.521783], [-70.901188, 42.521783], [-70.901188, 42.521799], [-70.901137, 42.521823], [-70.901101, 42.521784], [-70.901101, 42.521752]]]}, "properties": {"layer": "buildings", "kind": "building"}}, {"type": "Feature", "geometry": {"type": "Polygon", "coordinates": [[[-70.901314, 42.519903], [-70.901217, 42.519917], [-70.901196, 42.519833], [-70.901293, 42.519819], [-70.901314, 42.519903]]]}, "properties": {"layer": "buildings", "kind": "building"}}, {"type": "Feature", "geometry": {"type": "Polygon", "coordinates": [[[-70.901255, 42.515372], [-70.901211, 42.515386], [-70.901176, 42.515326], [-70.90122, 42.515312], [-70.901255, 42.515372]]]}, "properties": {"layer": "buildings", "kind": "building"}}, {"type": "Feature", "geometry": {"type": "Polygon", "coordinates": [[[-70.90139, 42.518751], [-70.901248, 42.518785], [-70.901209, 42.518696], [-70.901351, 42.518662], [-70.90139, 42.518751]]]}, "properties": {"layer": "buildings", "kind": "building"}}, {"type": "Feature", "geometry": {"type": "Polygon", "coordinates": [[[-70.901312, 42.516776], [-70.901363, 42.516827], [-70.901306, 42.516858], [-70.901312, 42.516865], [-70.901228, 42.516911], [-70.901128, 42.516813], [-70.901253, 42.516743], [-70.901269, 42.516759], [-70.901316, 42.516732], [-70.901343, 42.516759], [-70.901312, 42.516776]]]}, "properties": {"layer": "buildings", "kind": "building"}}, {"type": "Feature", "geometry": {"type": "Polygon", "coordinates": [[[-70.901164, 42.519145], [-70.901149, 42.519108], [-70.901216, 42.519092], [-70.901245, 42.519161], [-70.901266, 42.519156], [-70.901293, 42.519219], [-70.901124, 42.519258], [-70.901084, 42.519163], [-70.901164, 42.519145]]]}, "properties": {"layer": "buildings", "kind": "building"}}, {"type": "Feature", "geometry": {"type": "Polygon", "coordinates": [[[-70.901285, 42.520858], [-70.901273, 42.520749], [-70.901428, 42.52074], [-70.90144, 42.520846], [-70.901422, 42.520847], [-70.901423, 42.520862], [-70.901319, 42.520868], [-70.901318, 42.520856], [-70.901285, 42.520858]]]}, "properties": {"layer": "buildings", "kind": "building"}}, {"type": "Feature", "geometry": {"type": "Polygon", "coordinates": [[[-70.901465, 42.521133], [-70.901295, 42.521142], [-70.901288, 42.521064], [-70.901458, 42.521055], [-70.901465, 42.521133]]]}, "properties": {"layer": "buildings", "kind": "building"}}, {"type": "Feature", "geometry": {"type": "Polygon", "coordinates": [[[-70.901299, 42.517363], [-70.90132, 42.517352], [-70.901374, 42.517412], [-70.90139, 42.517404], [-70.901438, 42.517458], [-70.901291, 42.51753], [-70.901241, 42.517474], [-70.901266, 42.517462], [-70.901214, 42.517404], [-70.901229, 42.517397], [-70.901181, 42.517344], [-70.901251, 42.51731], [-70.901299, 42.517363]]]}, "properties": {"layer": "buildings", "kind": "building"}}, {"type": "Feature", "geometry": {"type": "Polygon", "coordinates": [[[-70.9013, 42.51805], [-70.901264, 42.51801], [-70.901274, 42.518005], [-70.901248, 42.517976], [-70.901376, 42.517912], [-70.901405, 42.517943], [-70.90142, 42.517936], [-70.901447, 42.517966], [-70.901432, 42.517974], [-70.901464, 42.518008], [-70.901335, 42.518073], [-70.90131, 42.518045], [-70.9013, 42.51805]]]}, "properties": {"layer": "buildings", "kind": "building"}}, {"type": "Feature", "geometry": {"type": "Polygon", "coordinates": [[[-70.901325, 42.515793], [-70.901258, 42.515824], [-70.901235, 42.515797], [-70.901302, 42.515766], [-70.901325, 42.515793]]]}, "properties": {"layer": "buildings", "kind": "building"}}, {"type": "Feature", "geometry": {"type": "Polygon", "coordinates": [[[-70.9015, 42.516989], [-70.901342, 42.517074], [-70.901283, 42.517013], [-70.901442, 42.516929], [-70.9015, 42.516989]]]}, "properties": {"layer": "buildings", "kind": "building"}}, {"type": "Feature", "geometry": {"type": "Polygon", "coordinates": [[[-70.901563, 42.517038], [-70.901513, 42.517066], [-70.901532, 42.517085], [-70.90148, 42.517114], [-70.90146, 42.517095], [-70.901398, 42.51713], [-70.901353, 42.517086], [-70.901468, 42.517022], [-70.901477, 42.51703], [-70.901526, 42.517002], [-70.901563, 42.517038]]]}, "properties": {"layer": "buildings", "kind": "building"}}, {"type": "Feature", "geometry": {"type": "Polygon", "coordinates": [[[-70.901516, 42.520006], [-70.901527, 42.520054], [-70.901503, 42.520057], [-70.901507, 42.520073], [-70.901363, 42.520092], [-70.901357, 42.520069], [-70.90132, 42.520073], [-70.901293, 42.51996], [-70.901465, 42.519937], [-70.901468, 42.519949], [-70.901531, 42.519941], [-70.901546, 42.520002], [-70.901516, 42.520006]]]}, "properties": {"layer": "buildings", "kind": "building"}}, {"type": "Feature", "geometry": {"type": "Polygon", "coordinates": [[[-70.901324, 42.521542], [-70.901321, 42.521492], [-70.90138, 42.52149], [-70.901379, 42.521477], [-70.901453, 42.521474], [-70.901459, 42.521579], [-70.901381, 42.521581], [-70.901379, 42.52154], [-70.901324, 42.521542]]]}, "properties": {"layer": "buildings", "kind": "building"}}, {"type": "Feature", "geometry": {"type": "Polygon", "coordinates": [[[-70.901665, 42.522688], [-70.901388, 42.522694], [-70.901385, 42.522604], [-70.901662, 42.522598], [-70.901665, 42.522688]]]}, "properties": {"layer": "buildings", "kind": "building"}}, {"type": "Feature", "geometry": {"type": "Polygon", "coordinates": [[[-70.901436, 42.519754], [-70.901358, 42.519766], [-70.901323, 42.519647], [-70.9014, 42.519634], [-70.901436, 42.519754]]]}, "properties": {"layer": "buildings", "kind": "building"}}, {"type": "Feature", "geometry": {"type": "Polygon", "coordinates": [[[-70.901496, 42.515527], [-70.901411, 42.515426], [-70.901504, 42.515383], [-70.901589, 42.515485], [-70.90157, 42.515493], [-70.901589, 42.515515], [-70.901525, 42.515544], [-70.901507, 42.515523], [-70.901496, 42.515527]]]}, "properties": {"layer": "buildings", "kind": "building"}}, {"type": "Feature", "geometry": {"type": "Polygon", "coordinates": [[[-70.901416, 42.515678], [-70.901253, 42.515749], [-70.901194, 42.515675], [-70.901357, 42.515604], [-70.901416, 42.515678]]]}, "properties": {"layer": "buildings", "kind": "building"}}, {"type": "Feature", "geometry": {"type": "Polygon", "coordinates": [[[-70.901421, 42.520325], [-70.901449, 42.520321], [-70.901456, 42.520351], [-70.901513, 42.520344], [-70.901548, 42.520487], [-70.901378, 42.52051], [-70.901335, 42.520335], [-70.901355, 42.520333], [-70.901349, 42.520309], [-70.901415, 42.5203], [-70.901421, 42.520325]]]}, "properties": {"layer": "buildings", "kind": "building"}}, {"type": "Feature", "geometry": {"type": "Polygon", "coordinates": [[[-70.901601, 42.519542], [-70.901424, 42.519581], [-70.901375, 42.519461], [-70.901553, 42.519422], [-70.901601, 42.519542]]]}, "properties": {"layer": "buildings", "kind": "building"}}, {"type": "Feature", "geometry": {"type": "Polygon", "coordinates": [[[-70.901361, 42.516401], [-70.901389, 42.516387], [-70.90143, 42.516429], [-70.901276, 42.516511], [-70.901223, 42.516455], [-70.901349, 42.516388], [-70.901361, 42.516401]]]}, "properties": {"layer": "buildings", "kind": "building"}}, {"type": "Feature", "geometry": {"type": "Polygon", "coordinates": [[[-70.901417, 42.520934], [-70.901419, 42.520952], [-70.901437, 42.520952], [-70.90144, 42.520999], [-70.901284, 42.521004], [-70.90128, 42.520939], [-70.901417, 42.520934]]]}, "properties": {"layer": "buildings", "kind": "building"}}, {"type": "Feature", "geometry": {"type": "Polygon", "coordinates": [[[-70.901491, 42.522419], [-70.90149, 42.522463], [-70.901511, 42.522463], [-70.901511, 42.522511], [-70.901439, 42.52251], [-70.901439, 42.52246], [-70.901349, 42.52246], [-70.90135, 42.522419], [-70.901491, 42.522419]]]}, "properties": {"layer": "buildings", "kind": "building"}}, {"type": "Feature", "geometry": {"type": "Polygon", "coordinates": [[[-70.901373, 42.520142], [-70.901384, 42.520195], [-70.901443, 42.520188], [-70.90145, 42.520222], [-70.901419, 42.520226], [-70.901421, 42.520235], [-70.901298, 42.52025], [-70.901277, 42.520154], [-70.901373, 42.520142]]]}, "properties": {"layer": "buildings", "kind": "building"}}, {"type": "Feature", "geometry": {"type": "Polygon", "coordinates": [[[-70.901425, 42.521297], [-70.901448, 42.521295], [-70.901449, 42.521309], [-70.901558, 42.521303], [-70.901562, 42.521348], [-70.901306, 42.521361], [-70.9013, 42.521304], [-70.90133, 42.521302], [-70.901325, 42.521254], [-70.90142, 42.521249], [-70.901425, 42.521297]]]}, "properties": {"layer": "buildings", "kind": "building"}}, {"type": "Feature", "geometry": {"type": "Polygon", "coordinates": [[[-70.901559, 42.517832], [-70.901641, 42.517926], [-70.901594, 42.517948], [-70.901569, 42.517919], [-70.901539, 42.517933], [-70.901561, 42.517959], [-70.901528, 42.517975], [-70.901449, 42.517884], [-70.901559, 42.517832]]]}, "properties": {"layer": "buildings", "kind": "building"}}, {"type": "Feature", "geometry": {"type": "Polygon", "coordinates": [[[-70.901455, 42.521679], [-70.901352, 42.521726], [-70.901327, 42.521714], [-70.901322, 42.521593], [-70.901452, 42.521591], [-70.901455, 42.521679]]]}, "properties": {"layer": "buildings", "kind": "building"}}, {"type": "Feature", "geometry": {"type": "Polygon", "coordinates": [[[-70.901494, 42.521419], [-70.901462, 42.52142], [-70.901465, 42.521462], [-70.901314, 42.521468], [-70.901309, 42.521393], [-70.901492, 42.521386], [-70.901494, 42.521419]]]}, "properties": {"layer": "buildings", "kind": "building"}}, {"type": "Feature", "geometry": {"type": "Polygon", "coordinates": [[[-70.901478, 42.522317], [-70.9014, 42.522318], [-70.901398, 42.522249], [-70.901476, 42.522247], [-70.901478, 42.522317]]]}, "properties": {"layer": "buildings", "kind": "building"}}, {"type": "Feature", "geometry": {"type": "Polygon", "coordinates": [[[-70.90154, 42.518264], [-70.901454, 42.518296], [-70.901395, 42.518209], [-70.901481, 42.518177], [-70.90154, 42.518264]]]}, "properties": {"layer": "buildings", "kind": "building"}}, {"type": "Feature", "geometry": {"type": "Polygon", "coordinates": [[[-70.901432, 42.516189], [-70.901413, 42.516168], [-70.901469, 42.516141], [-70.901481, 42.516155], [-70.901492, 42.51615], [-70.901506, 42.516166], [-70.901453, 42.516191], [-70.901446, 42.516183], [-70.901432, 42.516189]]]}, "properties": {"layer": "buildings", "kind": "building"}}, {"type": "Feature", "geometry": {"type": "Polygon", "coordinates": [[[-70.901509, 42.521222], [-70.901346, 42.521228], [-70.90134, 42.521151], [-70.901503, 42.521145], [-70.901509, 42.521222]]]}, "properties": {"layer": "buildings", "kind": "building"}}, {"type": "Feature", "geometry": {"type": "Polygon", "coordinates": [[[-70.901537, 42.518651], [-70.901425, 42.518683], [-70.901393, 42.518623], [-70.901505, 42.51859], [-70.901537, 42.518651]]]}, "properties": {"layer": "buildings", "kind": "building"}}, {"type": "Feature", "geometry": {"type": "Polygon", "coordinates": [[[-70.901507, 42.515819], [-70.901401, 42.515871], [-70.901376, 42.515842], [-70.901396, 42.515832], [-70.90136, 42.515792], [-70.9014, 42.515773], [-70.901382, 42.515753], [-70.901428, 42.515731], [-70.901507, 42.515819]]]}, "properties": {"layer": "buildings", "kind": "building"}}, {"type": "Feature", "geometry": {"type": "Polygon", "coordinates": [[[-70.901359, 42.516585], [-70.901328, 42.516555], [-70.901352, 42.516541], [-70.901328, 42.516518], [-70.901427, 42.516462], [-70.901441, 42.516476], [-70.901466, 42.516463], [-70.901492, 42.516488], [-70.901467, 42.516502], [-70.901509, 42.516542], [-70.901411, 42.516598], [-70.901383, 42.516571], [-70.901359, 42.516585]]]}, "properties": {"layer": "buildings", "kind": "building"}}, {"type": "Feature", "geometry": {"type": "Polygon", "coordinates": [[[-70.901584, 42.521485], [-70.901621, 42.521528], [-70.901695, 42.521493], [-70.901739, 42.521544], [-70.901598, 42.52161], [-70.901517, 42.521516], [-70.901584, 42.521485]]]}, "properties": {"layer": "buildings", "kind": "building"}}, {"type": "Feature", "geometry": {"type": "Polygon", "coordinates": [[[-70.90164, 42.522416], [-70.901641, 42.522498], [-70.901587, 42.522498], [-70.901587, 42.522525], [-70.901537, 42.522525], [-70.901536, 42.522417], [-70.90164, 42.522416]]]}, "properties": {"layer": "buildings", "kind": "building"}}, {"type": "Feature", "geometry": {"type": "Polygon", "coordinates": [[[-70.901548, 42.522118], [-70.901525, 42.522119], [-70.901529, 42.522176], [-70.901454, 42.522178], [-70.901456, 42.522203], [-70.901399, 42.522205], [-70.901397, 42.522161], [-70.901362, 42.522162], [-70.90136, 42.522123], [-70.90136, 42.522119], [-70.901357, 42.522064], [-70.901433, 42.522062], [-70.901437, 42.522062], [-70.901544, 42.522058], [-70.901548, 42.522118]]]}, "properties": {"layer": "buildings", "kind": "building"}}, {"type": "Feature", "geometry": {"type": "Polygon", "coordinates": [[[-70.901762, 42.515607], [-70.901635, 42.51567], [-70.901573, 42.515604], [-70.901701, 42.51554], [-70.901762, 42.515607]]]}, "properties": {"layer": "buildings", "kind": "building"}}, {"type": "Feature", "geometry": {"type": "Polygon", "coordinates": [[[-70.901472, 42.515975], [-70.901423, 42.515917], [-70.901551, 42.515858], [-70.901593, 42.515907], [-70.901572, 42.515917], [-70.901579, 42.515925], [-70.901472, 42.515975]]]}, "properties": {"layer": "buildings", "kind": "building"}}, {"type": "Feature", "geometry": {"type": "Polygon", "coordinates": [[[-70.901703, 42.520361], [-70.901746, 42.520349], [-70.90178, 42.520417], [-70.90161, 42.520464], [-70.901582, 42.520408], [-70.901568, 42.520401], [-70.90156, 42.52039], [-70.901559, 42.520378], [-70.901565, 42.520367], [-70.901556, 42.520338], [-70.901575, 42.520335], [-70.901565, 42.520301], [-70.901661, 42.520275], [-70.901703, 42.520361]]]}, "properties": {"layer": "buildings", "kind": "building"}}, {"type": "Feature", "geometry": {"type": "Polygon", "coordinates": [[[-70.901371, 42.518999], [-70.901324, 42.518884], [-70.901379, 42.518871], [-70.901396, 42.518912], [-70.901419, 42.518907], [-70.901434, 42.518945], [-70.901466, 42.518938], [-70.901481, 42.518974], [-70.901595, 42.518949], [-70.901654, 42.519094], [-70.901453, 42.519138], [-70.901395, 42.518993], [-70.901371, 42.518999]]]}, "properties": {"layer": "buildings", "kind": "building"}}, {"type": "Feature", "geometry": {"type": "Polygon", "coordinates": [[[-70.901601, 42.516637], [-70.901485, 42.516706], [-70.901417, 42.516643], [-70.901533, 42.516575], [-70.901601, 42.516637]]]}, "properties": {"layer": "buildings", "kind": "building"}}, {"type": "Feature", "geometry": {"type": "Polygon", "coordinates": [[[-70.901451, 42.516029], [-70.901604, 42.515956], [-70.901631, 42.515987], [-70.901649, 42.515979], [-70.901684, 42.516019], [-70.90151, 42.516102], [-70.901488, 42.516076], [-70.901468, 42.516086], [-70.901437, 42.516051], [-70.901461, 42.51604], [-70.901451, 42.516029]]]}, "properties": {"layer": "buildings", "kind": "building"}}, {"type": "Feature", "geometry": {"type": "Polygon", "coordinates": [[[-70.901642, 42.516713], [-70.901683, 42.516689], [-70.901722, 42.516726], [-70.901601, 42.516795], [-70.901538, 42.516734], [-70.901618, 42.516689], [-70.901642, 42.516713]]]}, "properties": {"layer": "buildings", "kind": "building"}}, {"type": "Feature", "geometry": {"type": "Polygon", "coordinates": [[[-70.901784, 42.521741], [-70.901764, 42.52175], [-70.90178, 42.521769], [-70.901766, 42.521776], [-70.901785, 42.521798], [-70.901747, 42.521816], [-70.901792, 42.521869], [-70.901711, 42.521906], [-70.901627, 42.521806], [-70.901644, 42.521798], [-70.901606, 42.521753], [-70.901742, 42.52169], [-70.901784, 42.521741]]]}, "properties": {"layer": "buildings", "kind": "building"}}, {"type": "Feature", "geometry": {"type": "Polygon", "coordinates": [[[-70.901458, 42.520835], [-70.901448, 42.520718], [-70.90165, 42.520708], [-70.90166, 42.520826], [-70.901628, 42.520827], [-70.901633, 42.520879], [-70.901483, 42.520885], [-70.901479, 42.520834], [-70.901458, 42.520835]]]}, "properties": {"layer": "buildings", "kind": "building"}}, {"type": "Feature", "geometry": {"type": "Polygon", "coordinates": [[[-70.901646, 42.51687], [-70.901561, 42.516914], [-70.901503, 42.516854], [-70.901588, 42.516809], [-70.901646, 42.51687]]]}, "properties": {"layer": "buildings", "kind": "building"}}, {"type": "Feature", "geometry": {"type": "Polygon", "coordinates": [[[-70.901799, 42.517303], [-70.901666, 42.517368], [-70.90159, 42.517282], [-70.901724, 42.517217], [-70.901799, 42.517303]]]}, "properties": {"layer": "buildings", "kind": "building"}}, {"type": "Feature", "geometry": {"type": "Polygon", "coordinates": [[[-70.901894, 42.515716], [-70.90173, 42.515797], [-70.901677, 42.515739], [-70.901841, 42.515657], [-70.901894, 42.515716]]]}, "properties": {"layer": "buildings", "kind": "building"}}, {"type": "Feature", "geometry": {"type": "Polygon", "coordinates": [[[-70.901689, 42.521122], [-70.901544, 42.521127], [-70.90154, 42.521056], [-70.901685, 42.521052], [-70.901689, 42.521122]]]}, "properties": {"layer": "buildings", "kind": "building"}}, {"type": "Feature", "geometry": {"type": "Polygon", "coordinates": [[[-70.901695, 42.521422], [-70.901617, 42.521426], [-70.901611, 42.521372], [-70.90169, 42.521368], [-70.901695, 42.521422]]]}, "properties": {"layer": "buildings", "kind": "building"}}, {"type": "Feature", "geometry": {"type": "Polygon", "coordinates": [[[-70.901837, 42.516219], [-70.901701, 42.516281], [-70.901674, 42.51625], [-70.901696, 42.516239], [-70.901672, 42.51621], [-70.901785, 42.516157], [-70.901837, 42.516219]]]}, "properties": {"layer": "buildings", "kind": "building"}}, {"type": "Feature", "geometry": {"type": "Polygon", "coordinates": [[[-70.901767, 42.516591], [-70.901713, 42.516619], [-70.901684, 42.516586], [-70.901737, 42.516559], [-70.901767, 42.516591]]]}, "properties": {"layer": "buildings", "kind": "building"}}, {"type": "Feature", "geometry": {"type": "Polygon", "coordinates": [[[-70.901718, 42.517111], [-70.901653, 42.517144], [-70.901612, 42.517098], [-70.901675, 42.517066], [-70.901718, 42.517111]]]}, "properties": {"layer": "buildings", "kind": "building"}}, {"type": "Feature", "geometry": {"type": "Polygon", "coordinates": [[[-70.901731, 42.522352], [-70.901627, 42.522357], [-70.901619, 42.522259], [-70.901724, 42.522255], [-70.901731, 42.522352]]]}, "properties": {"layer": "buildings", "kind": "building"}}, {"type": "Feature", "geometry": {"type": "Polygon", "coordinates": [[[-70.901791, 42.521369], [-70.901814, 42.521397], [-70.901837, 42.521386], [-70.901905, 42.52147], [-70.901771, 42.521529], [-70.901703, 42.521446], [-70.901745, 42.521428], [-70.901731, 42.521411], [-70.901732, 42.521395], [-70.901791, 42.521369]]]}, "properties": {"layer": "buildings", "kind": "building"}}, {"type": "Feature", "geometry": {"type": "Polygon", "coordinates": [[[-70.901919, 42.52269], [-70.901752, 42.522692], [-70.90175, 42.522625], [-70.901917, 42.522622], [-70.901919, 42.52269]]]}, "properties": {"layer": "buildings", "kind": "building"}}, {"type": "Feature", "geometry": {"type": "Polygon", "coordinates": [[[-70.901793, 42.519884], [-70.901636, 42.519914], [-70.901605, 42.519825], [-70.901762, 42.519795], [-70.901793, 42.519884]]]}, "properties": {"layer": "buildings", "kind": "building"}}, {"type": "Feature", "geometry": {"type": "Polygon", "coordinates": [[[-70.901807, 42.517974], [-70.901719, 42.518022], [-70.901675, 42.517977], [-70.901763, 42.51793], [-70.901807, 42.517974]]]}, "properties": {"layer": "buildings", "kind": "building"}}, {"type": "Feature", "geometry": {"type": "Polygon", "coordinates": [[[-70.901573, 42.516222], [-70.901537, 42.51618], [-70.901561, 42.516169], [-70.901544, 42.516149], [-70.901703, 42.516073], [-70.901764, 42.516144], [-70.9016, 42.516222], [-70.901592, 42.516213], [-70.901573, 42.516222]]]}, "properties": {"layer": "buildings", "kind": "building"}}, {"type": "Feature", "geometry": {"type": "Polygon", "coordinates": [[[-70.901867, 42.517068], [-70.901825, 42.517092], [-70.901777, 42.517048], [-70.901819, 42.517023], [-70.901867, 42.517068]]]}, "properties": {"layer": "buildings", "kind": "building"}}, {"type": "Feature", "geometry": {"type": "Polygon", "coordinates": [[[-70.90188, 42.522821], [-70.901785, 42.522859], [-70.901724, 42.522775], [-70.901819, 42.522737], [-70.90188, 42.522821]]]}, "properties": {"layer": "buildings", "kind": "building"}}, {"type": "Feature", "geometry": {"type": "Polygon", "coordinates": [[[-70.901864, 42.517764], [-70.901853, 42.517769], [-70.90188, 42.5178], [-70.9018, 42.517837], [-70.901726, 42.517749], [-70.901816, 42.517707], [-70.901864, 42.517764]]]}, "properties": {"layer": "buildings", "kind": "building"}}, {"type": "Feature", "geometry": {"type": "Polygon", "coordinates": [[[-70.901691, 42.520854], [-70.90166, 42.520691], [-70.901839, 42.520673], [-70.901876, 42.520867], [-70.901806, 42.520874], [-70.9018, 42.520843], [-70.901691, 42.520854]]]}, "properties": {"layer": "buildings", "kind": "building"}}, {"type": "Feature", "geometry": {"type": "Polygon", "coordinates": [[[-70.901901, 42.521857], [-70.901829, 42.521876], [-70.901802, 42.521819], [-70.901874, 42.521801], [-70.901901, 42.521857]]]}, "properties": {"layer": "buildings", "kind": "building"}}, {"type": "Feature", "geometry": {"type": "Polygon", "coordinates": [[[-70.901805, 42.518659], [-70.901724, 42.518677], [-70.901669, 42.518541], [-70.901749, 42.518523], [-70.901805, 42.518659]]]}, "properties": {"layer": "buildings", "kind": "building"}}, {"type": "Feature", "geometry": {"type": "Polygon", "coordinates": [[[-70.901728, 42.522059], [-70.901721, 42.522005], [-70.901868, 42.521993], [-70.901877, 42.522053], [-70.90189, 42.522052], [-70.901894, 42.522085], [-70.901826, 42.52209], [-70.901822, 42.522064], [-70.901791, 42.522066], [-70.901795, 42.522095], [-70.901715, 42.522101], [-70.90171, 42.52206], [-70.901728, 42.522059]]]}, "properties": {"layer": "buildings", "kind": "building"}}, {"type": "Feature", "geometry": {"type": "Polygon", "coordinates": [[[-70.901841, 42.517117], [-70.901876, 42.517156], [-70.901923, 42.517132], [-70.902005, 42.517223], [-70.901911, 42.51727], [-70.901794, 42.517141], [-70.901841, 42.517117]]]}, "properties": {"layer": "buildings", "kind": "building"}}, {"type": "Feature", "geometry": {"type": "Polygon", "coordinates": [[[-70.901848, 42.522419], [-70.901849, 42.522486], [-70.901875, 42.522486], [-70.901875, 42.522517], [-70.901844, 42.522518], [-70.901844, 42.522499], [-70.901718, 42.5225], [-70.901717, 42.52242], [-70.901848, 42.522419]]]}, "properties": {"layer": "buildings", "kind": "building"}}, {"type": "Feature", "geometry": {"type": "Polygon", "coordinates": [[[-70.902007, 42.51639], [-70.901906, 42.516438], [-70.901856, 42.516381], [-70.901957, 42.516333], [-70.902007, 42.51639]]]}, "properties": {"layer": "buildings", "kind": "building"}}, {"type": "Feature", "geometry": {"type": "Polygon", "coordinates": [[[-70.901897, 42.52224], [-70.901857, 42.522241], [-70.901856, 42.522198], [-70.901895, 42.522197], [-70.901897, 42.52224]]]}, "properties": {"layer": "buildings", "kind": "building"}}, {"type": "Feature", "geometry": {"type": "Polygon", "coordinates": [[[-70.901882, 42.516436], [-70.901827, 42.51646], [-70.901803, 42.516432], [-70.901858, 42.516407], [-70.901882, 42.516436]]]}, "properties": {"layer": "buildings", "kind": "building"}}, {"type": "Feature", "geometry": {"type": "Polygon", "coordinates": [[[-70.901957, 42.515395], [-70.901871, 42.515437], [-70.901777, 42.51533], [-70.901832, 42.515304], [-70.901867, 42.515343], [-70.901897, 42.515329], [-70.901957, 42.515395]]]}, "properties": {"layer": "buildings", "kind": "building"}}, {"type": "Feature", "geometry": {"type": "Polygon", "coordinates": [[[-70.901996, 42.521846], [-70.901953, 42.521865], [-70.901873, 42.521768], [-70.901916, 42.521749], [-70.901996, 42.521846]]]}, "properties": {"layer": "buildings", "kind": "building"}}, {"type": "Feature", "geometry": {"type": "Polygon", "coordinates": [[[-70.901914, 42.522344], [-70.901845, 42.522348], [-70.901836, 42.522265], [-70.901879, 42.522262], [-70.901877, 42.522244], [-70.901904, 42.522243], [-70.901914, 42.522344]]]}, "properties": {"layer": "buildings", "kind": "building"}}, {"type": "Feature", "geometry": {"type": "Polygon", "coordinates": [[[-70.902098, 42.516523], [-70.901948, 42.51659], [-70.901895, 42.516525], [-70.902044, 42.516457], [-70.902098, 42.516523]]]}, "properties": {"layer": "buildings", "kind": "building"}}, {"type": "Feature", "geometry": {"type": "Polygon", "coordinates": [[[-70.90192, 42.521263], [-70.901959, 42.521312], [-70.901968, 42.521307], [-70.902047, 42.521405], [-70.901976, 42.521436], [-70.901897, 42.521338], [-70.901919, 42.521329], [-70.90188, 42.521281], [-70.90192, 42.521263]]]}, "properties": {"layer": "buildings", "kind": "building"}}, {"type": "Feature", "geometry": {"type": "Polygon", "coordinates": [[[-70.902002, 42.520157], [-70.90194, 42.520167], [-70.901905, 42.520054], [-70.901967, 42.520044], [-70.902002, 42.520157]]]}, "properties": {"layer": "buildings", "kind": "building"}}, {"type": "Feature", "geometry": {"type": "Polygon", "coordinates": [[[-70.901908, 42.52022], [-70.901928, 42.520259], [-70.901945, 42.520254], [-70.902001, 42.520358], [-70.901845, 42.520403], [-70.901786, 42.520293], [-70.901849, 42.520275], [-70.901831, 42.520243], [-70.901908, 42.52022]]]}, "properties": {"layer": "buildings", "kind": "building"}}, {"type": "Feature", "geometry": {"type": "Polygon", "coordinates": [[[-70.901792, 42.518179], [-70.901781, 42.518147], [-70.901842, 42.518135], [-70.901832, 42.518104], [-70.901874, 42.518096], [-70.901887, 42.518132], [-70.90192, 42.518126], [-70.901938, 42.518178], [-70.901913, 42.518182], [-70.901939, 42.518256], [-70.901851, 42.518273], [-70.901817, 42.518175], [-70.901792, 42.518179]]]}, "properties": {"layer": "buildings", "kind": "building"}}, {"type": "Feature", "geometry": {"type": "Polygon", "coordinates": [[[-70.901966, 42.522483], [-70.901966, 42.522418], [-70.902028, 42.522418], [-70.902028, 42.522523], [-70.901915, 42.522523], [-70.901915, 42.522483], [-70.901966, 42.522483]]]}, "properties": {"layer": "buildings", "kind": "building"}}, {"type": "Feature", "geometry": {"type": "Polygon", "coordinates": [[[-70.901896, 42.519502], [-70.901853, 42.519402], [-70.901761, 42.519424], [-70.901728, 42.519348], [-70.901903, 42.519306], [-70.901994, 42.519518], [-70.901931, 42.519532], [-70.901916, 42.519497], [-70.901896, 42.519502]]]}, "properties": {"layer": "buildings", "kind": "building"}}, {"type": "Feature", "geometry": {"type": "Polygon", "coordinates": [[[-70.901927, 42.522173], [-70.901863, 42.522175], [-70.901861, 42.52213], [-70.901925, 42.522128], [-70.901927, 42.522173]]]}, "properties": {"layer": "buildings", "kind": "building"}}, {"type": "Feature", "geometry": {"type": "Polygon", "coordinates": [[[-70.90201, 42.522344], [-70.901918, 42.522346], [-70.901916, 42.52227], [-70.901936, 42.52227], [-70.901935, 42.52223], [-70.902006, 42.522228], [-70.90201, 42.522344]]]}, "properties": {"layer": "buildings", "kind": "building"}}, {"type": "Feature", "geometry": {"type": "Polygon", "coordinates": [[[-70.901941, 42.517004], [-70.901874, 42.517042], [-70.901825, 42.516994], [-70.901892, 42.516957], [-70.901941, 42.517004]]]}, "properties": {"layer": "buildings", "kind": "building"}}, {"type": "Feature", "geometry": {"type": "Polygon", "coordinates": [[[-70.901871, 42.521749], [-70.901799, 42.52166], [-70.901922, 42.521606], [-70.901943, 42.521631], [-70.901958, 42.521625], [-70.901981, 42.521654], [-70.901966, 42.521661], [-70.901994, 42.521695], [-70.901962, 42.521709], [-70.901984, 42.521735], [-70.901931, 42.521759], [-70.901909, 42.521732], [-70.901871, 42.521749]]]}, "properties": {"layer": "buildings", "kind": "building"}}, {"type": "Feature", "geometry": {"type": "Polygon", "coordinates": [[[-70.902005, 42.520827], [-70.901982, 42.520745], [-70.902033, 42.520737], [-70.90199, 42.520654], [-70.901964, 42.520659], [-70.901992, 42.520712], [-70.901948, 42.520722], [-70.901965, 42.520752], [-70.901906, 42.520767], [-70.901865, 42.520677], [-70.901903, 42.520667], [-70.901893, 42.520645], [-70.902037, 42.520609], [-70.902101, 42.520745], [-70.902041, 42.52076], [-70.902063, 42.52084], [-70.902023, 42.520846], [-70.902018, 42.520825], [-70.902005, 42.520827]]]}, "properties": {"layer": "buildings", "kind": "building"}}, {"type": "Feature", "geometry": {"type": "Polygon", "coordinates": [[[-70.902045, 42.517944], [-70.901969, 42.517959], [-70.901946, 42.517893], [-70.902022, 42.517879], [-70.902045, 42.517944]]]}, "properties": {"layer": "buildings", "kind": "building"}}, {"type": "Feature", "geometry": {"type": "Polygon", "coordinates": [[[-70.902008, 42.517688], [-70.90198, 42.517698], [-70.902038, 42.517778], [-70.901945, 42.517814], [-70.90186, 42.517695], [-70.90198, 42.517648], [-70.902008, 42.517688]]]}, "properties": {"layer": "buildings", "kind": "building"}}, {"type": "Feature", "geometry": {"type": "Polygon", "coordinates": [[[-70.901977, 42.516747], [-70.902021, 42.516792], [-70.902034, 42.516786], [-70.902072, 42.516825], [-70.902026, 42.51685], [-70.902093, 42.516919], [-70.902043, 42.516945], [-70.901893, 42.516792], [-70.901977, 42.516747]]]}, "properties": {"layer": "buildings", "kind": "building"}}, {"type": "Feature", "geometry": {"type": "Polygon", "coordinates": [[[-70.902104, 42.52242], [-70.902104, 42.522438], [-70.902159, 42.522437], [-70.902162, 42.52252], [-70.902046, 42.522522], [-70.902043, 42.522421], [-70.902104, 42.52242]]]}, "properties": {"layer": "buildings", "kind": "building"}}, {"type": "Feature", "geometry": {"type": "Polygon", "coordinates": [[[-70.901826, 42.518725], [-70.901878, 42.518713], [-70.90192, 42.51881], [-70.901938, 42.518805], [-70.901934, 42.518795], [-70.901968, 42.518787], [-70.901986, 42.518829], [-70.90205, 42.518814], [-70.902062, 42.518843], [-70.902075, 42.518839], [-70.902136, 42.518981], [-70.901937, 42.519027], [-70.901875, 42.518882], [-70.901825, 42.518893], [-70.9018, 42.518835], [-70.901866, 42.518819], [-70.901826, 42.518725]]]}, "properties": {"layer": "buildings", "kind": "building"}}, {"type": "Feature", "geometry": {"type": "Polygon", "coordinates": [[[-70.902159, 42.515378], [-70.902053, 42.515435], [-70.901993, 42.515373], [-70.902099, 42.515316], [-70.902159, 42.515378]]]}, "properties": {"layer": "buildings", "kind": "building"}}, {"type": "Feature", "geometry": {"type": "Polygon", "coordinates": [[[-70.902003, 42.515808], [-70.902035, 42.515845], [-70.901945, 42.515889], [-70.90197, 42.515917], [-70.90206, 42.515874], [-70.902093, 42.515911], [-70.901918, 42.515994], [-70.901828, 42.515892], [-70.902003, 42.515808]]]}, "properties": {"layer": "buildings", "kind": "building"}}, {"type": "Feature", "geometry": {"type": "Polygon", "coordinates": [[[-70.902018, 42.518142], [-70.901986, 42.518066], [-70.902068, 42.518047], [-70.902129, 42.518195], [-70.902058, 42.518211], [-70.902028, 42.518139], [-70.902018, 42.518142]]]}, "properties": {"layer": "buildings", "kind": "building"}}, {"type": "Feature", "geometry": {"type": "Polygon", "coordinates": [[[-70.902126, 42.520109], [-70.902075, 42.520125], [-70.902061, 42.520099], [-70.902111, 42.520083], [-70.902126, 42.520109]]]}, "properties": {"layer": "buildings", "kind": "building"}}, {"type": "Feature", "geometry": {"type": "Polygon", "coordinates": [[[-70.902091, 42.516013], [-70.901955, 42.516081], [-70.901911, 42.516032], [-70.902046, 42.515964], [-70.902091, 42.516013]]]}, "properties": {"layer": "buildings", "kind": "building"}}, {"type": "Feature", "geometry": {"type": "Polygon", "coordinates": [[[-70.902099, 42.51949], [-70.902033, 42.519335], [-70.902226, 42.519289], [-70.902292, 42.519444], [-70.902213, 42.519463], [-70.902235, 42.519513], [-70.902137, 42.519536], [-70.902115, 42.519486], [-70.902099, 42.51949]]]}, "properties": {"layer": "buildings", "kind": "building"}}, {"type": "Feature", "geometry": {"type": "Polygon", "coordinates": [[[-70.902305, 42.515324], [-70.902218, 42.51537], [-70.902106, 42.515254], [-70.902194, 42.515208], [-70.902305, 42.515324]]]}, "properties": {"layer": "buildings", "kind": "building"}}, {"type": "Feature", "geometry": {"type": "Polygon", "coordinates": [[[-70.902189, 42.515509], [-70.9022, 42.515504], [-70.902276, 42.515591], [-70.902191, 42.515631], [-70.902116, 42.515544], [-70.902126, 42.515539], [-70.902114, 42.515524], [-70.902177, 42.515494], [-70.902189, 42.515509]]]}, "properties": {"layer": "buildings", "kind": "building"}}, {"type": "Feature", "geometry": {"type": "Polygon", "coordinates": [[[-70.902136, 42.516075], [-70.901994, 42.516145], [-70.901956, 42.516103], [-70.902098, 42.516033], [-70.902136, 42.516075]]]}, "properties": {"layer": "buildings", "kind": "building"}}, {"type": "Feature", "geometry": {"type": "Polygon", "coordinates": [[[-70.902222, 42.521229], [-70.902207, 42.521236], [-70.90226, 42.521301], [-70.90213, 42.521359], [-70.902061, 42.521274], [-70.902097, 42.521258], [-70.902065, 42.521219], [-70.902142, 42.521185], [-70.902172, 42.521222], [-70.902204, 42.521207], [-70.902222, 42.521229]]]}, "properties": {"layer": "buildings", "kind": "building"}}, {"type": "Feature", "geometry": {"type": "Polygon", "coordinates": [[[-70.902147, 42.515649], [-70.90207, 42.515689], [-70.901996, 42.515612], [-70.902006, 42.515607], [-70.901989, 42.515589], [-70.902057, 42.515554], [-70.902147, 42.515649]]]}, "properties": {"layer": "buildings", "kind": "building"}}, {"type": "Feature", "geometry": {"type": "Polygon", "coordinates": [[[-70.902133, 42.52221], [-70.902135, 42.522262], [-70.902152, 42.522261], [-70.902154, 42.522341], [-70.902077, 42.522343], [-70.902074, 42.522263], [-70.902098, 42.522262], [-70.902097, 42.522211], [-70.902133, 42.52221]]]}, "properties": {"layer": "buildings", "kind": "building"}}, {"type": "Feature", "geometry": {"type": "Polygon", "coordinates": [[[-70.902155, 42.522579], [-70.902157, 42.522644], [-70.902052, 42.522646], [-70.902051, 42.52258], [-70.902155, 42.522579]]]}, "properties": {"layer": "buildings", "kind": "building"}}, {"type": "Feature", "geometry": {"type": "Polygon", "coordinates": [[[-70.902114, 42.516549], [-70.902136, 42.516538], [-70.902181, 42.516589], [-70.902158, 42.516601], [-70.902168, 42.516612], [-70.902014, 42.516685], [-70.901952, 42.516615], [-70.902107, 42.51654], [-70.902114, 42.516549]]]}, "properties": {"layer": "buildings", "kind": "building"}}, {"type": "Feature", "geometry": {"type": "Polygon", "coordinates": [[[-70.902047, 42.517046], [-70.902113, 42.517117], [-70.902138, 42.517104], [-70.902167, 42.517135], [-70.902063, 42.517188], [-70.901969, 42.517087], [-70.902047, 42.517046]]]}, "properties": {"layer": "buildings", "kind": "building"}}, {"type": "Feature", "geometry": {"type": "Polygon", "coordinates": [[[-70.902062, 42.522067], [-70.902045, 42.521953], [-70.902131, 42.521946], [-70.902142, 42.522018], [-70.902176, 42.522015], [-70.902189, 42.522101], [-70.9021, 42.522109], [-70.902093, 42.522065], [-70.902062, 42.522067]]]}, "properties": {"layer": "buildings", "kind": "building"}}, {"type": "Feature", "geometry": {"type": "Polygon", "coordinates": [[[-70.902256, 42.520889], [-70.902183, 42.520919], [-70.902145, 42.520868], [-70.902154, 42.520865], [-70.902137, 42.520841], [-70.902201, 42.520815], [-70.902256, 42.520889]]]}, "properties": {"layer": "buildings", "kind": "building"}}, {"type": "Feature", "geometry": {"type": "Polygon", "coordinates": [[[-70.90221, 42.521596], [-70.902187, 42.521607], [-70.902221, 42.521647], [-70.902155, 42.521678], [-70.902186, 42.521714], [-70.902147, 42.521732], [-70.902083, 42.521656], [-70.902073, 42.52166], [-70.901994, 42.521569], [-70.902132, 42.521504], [-70.90221, 42.521596]]]}, "properties": {"layer": "buildings", "kind": "building"}}, {"type": "Feature", "geometry": {"type": "Polygon", "coordinates": [[[-70.902055, 42.520184], [-70.90212, 42.520165], [-70.902195, 42.520297], [-70.902052, 42.520341], [-70.902005, 42.52026], [-70.902002, 42.520249], [-70.902001, 42.520232], [-70.902004, 42.520216], [-70.902012, 42.520201], [-70.902023, 42.520187], [-70.902047, 42.520169], [-70.902055, 42.520184]]]}, "properties": {"layer": "buildings", "kind": "building"}}, {"type": "Feature", "geometry": {"type": "Polygon", "coordinates": [[[-70.902238, 42.515757], [-70.902199, 42.515775], [-70.902162, 42.515731], [-70.902201, 42.515713], [-70.902238, 42.515757]]]}, "properties": {"layer": "buildings", "kind": "building"}}, {"type": "Feature", "geometry": {"type": "Polygon", "coordinates": [[[-70.902316, 42.516309], [-70.902201, 42.516362], [-70.902156, 42.516307], [-70.902271, 42.516255], [-70.902316, 42.516309]]]}, "properties": {"layer": "buildings", "kind": "building"}}, {"type": "Feature", "geometry": {"type": "Polygon", "coordinates": [[[-70.902232, 42.518163], [-70.902165, 42.518176], [-70.902143, 42.518116], [-70.90221, 42.518103], [-70.902232, 42.518163]]]}, "properties": {"layer": "buildings", "kind": "building"}}, {"type": "Feature", "geometry": {"type": "Polygon", "coordinates": [[[-70.902195, 42.522336], [-70.902191, 42.522236], [-70.902283, 42.522234], [-70.902287, 42.522345], [-70.902231, 42.522346], [-70.902231, 42.522335], [-70.902195, 42.522336]]]}, "properties": {"layer": "buildings", "kind": "building"}}, {"type": "Feature", "geometry": {"type": "Polygon", "coordinates": [[[-70.902221, 42.517678], [-70.902164, 42.51754], [-70.902284, 42.517512], [-70.902342, 42.517651], [-70.902278, 42.517665], [-70.902284, 42.51768], [-70.902239, 42.51769], [-70.902233, 42.517675], [-70.902221, 42.517678]]]}, "properties": {"layer": "buildings", "kind": "building"}}, {"type": "Feature", "geometry": {"type": "Polygon", "coordinates": [[[-70.902334, 42.517832], [-70.902248, 42.517843], [-70.902236, 42.517792], [-70.902322, 42.517781], [-70.902334, 42.517832]]]}, "properties": {"layer": "buildings", "kind": "building"}}, {"type": "Feature", "geometry": {"type": "Polygon", "coordinates": [[[-70.902345, 42.517124], [-70.902256, 42.517166], [-70.902133, 42.517025], [-70.902222, 42.516982], [-70.902345, 42.517124]]]}, "properties": {"layer": "buildings", "kind": "building"}}, {"type": "Feature", "geometry": {"type": "Polygon", "coordinates": [[[-70.902198, 42.518462], [-70.902173, 42.518398], [-70.90226, 42.518379], [-70.902257, 42.518371], [-70.902312, 42.518358], [-70.902321, 42.518382], [-70.902301, 42.518386], [-70.90231, 42.518409], [-70.902278, 42.518416], [-70.902293, 42.518453], [-70.902256, 42.518462], [-70.902252, 42.518451], [-70.902198, 42.518462]]]}, "properties": {"layer": "buildings", "kind": "building"}}, {"type": "Feature", "geometry": {"type": "Polygon", "coordinates": [[[-70.902172, 42.520761], [-70.902102, 42.520649], [-70.902256, 42.520596], [-70.902355, 42.520753], [-70.902289, 42.520775], [-70.90226, 42.52073], [-70.902172, 42.520761]]]}, "properties": {"layer": "buildings", "kind": "building"}}, {"type": "Feature", "geometry": {"type": "Polygon", "coordinates": [[[-70.90227, 42.522522], [-70.90219, 42.522523], [-70.902187, 42.522434], [-70.902267, 42.522433], [-70.90227, 42.522522]]]}, "properties": {"layer": "buildings", "kind": "building"}}, {"type": "Feature", "geometry": {"type": "Polygon", "coordinates": [[[-70.902303, 42.518039], [-70.90228, 42.518044], [-70.902323, 42.518139], [-70.902269, 42.518153], [-70.902204, 42.518008], [-70.902218, 42.518005], [-70.902212, 42.517992], [-70.902275, 42.517977], [-70.902303, 42.518039]]]}, "properties": {"layer": "buildings", "kind": "building"}}, {"type": "Feature", "geometry": {"type": "Polygon", "coordinates": [[[-70.902277, 42.516218], [-70.902162, 42.516275], [-70.902114, 42.516221], [-70.902229, 42.516165], [-70.902277, 42.516218]]]}, "properties": {"layer": "buildings", "kind": "building"}}, {"type": "Feature", "geometry": {"type": "Polygon", "coordinates": [[[-70.902296, 42.516006], [-70.90223, 42.516039], [-70.902214, 42.516021], [-70.902235, 42.516011], [-70.902212, 42.515985], [-70.902257, 42.515963], [-70.902296, 42.516006]]]}, "properties": {"layer": "buildings", "kind": "building"}}, {"type": "Feature", "geometry": {"type": "Polygon", "coordinates": [[[-70.9022, 42.520122], [-70.90216, 42.520082], [-70.902241, 42.520038], [-70.902246, 42.520015], [-70.902272, 42.520001], [-70.902297, 42.519997], [-70.902321, 42.519985], [-70.902329, 42.519993], [-70.902393, 42.51996], [-70.902478, 42.520046], [-70.902325, 42.520128], [-70.902307, 42.520109], [-70.902244, 42.520143], [-70.902215, 42.520114], [-70.9022, 42.520122]]]}, "properties": {"layer": "buildings", "kind": "building"}}, {"type": "Feature", "geometry": {"type": "Polygon", "coordinates": [[[-70.902356, 42.515881], [-70.902346, 42.515886], [-70.902401, 42.515951], [-70.902313, 42.515991], [-70.902234, 42.515897], [-70.902332, 42.515852], [-70.902356, 42.515881]]]}, "properties": {"layer": "buildings", "kind": "building"}}, {"type": "Feature", "geometry": {"type": "Polygon", "coordinates": [[[-70.902356, 42.521022], [-70.902325, 42.521033], [-70.902294, 42.520987], [-70.902325, 42.520976], [-70.902356, 42.521022]]]}, "properties": {"layer": "buildings", "kind": "building"}}, {"type": "Feature", "geometry": {"type": "Polygon", "coordinates": [[[-70.902222, 42.522204], [-70.90222, 42.522166], [-70.902343, 42.522162], [-70.902346, 42.522212], [-70.902247, 42.522216], [-70.902246, 42.522203], [-70.902222, 42.522204]]]}, "properties": {"layer": "buildings", "kind": "building"}}, {"type": "Feature", "geometry": {"type": "Polygon", "coordinates": [[[-70.902514, 42.515907], [-70.902427, 42.515946], [-70.902343, 42.515843], [-70.902429, 42.515804], [-70.902514, 42.515907]]]}, "properties": {"layer": "buildings", "kind": "building"}}, {"type": "Feature", "geometry": {"type": "Polygon", "coordinates": [[[-70.902331, 42.521418], [-70.902439, 42.521553], [-70.902454, 42.521546], [-70.902472, 42.521568], [-70.902347, 42.521623], [-70.902221, 42.521466], [-70.902331, 42.521418]]]}, "properties": {"layer": "buildings", "kind": "building"}}, {"type": "Feature", "geometry": {"type": "Polygon", "coordinates": [[[-70.9025, 42.516534], [-70.902539, 42.516515], [-70.902568, 42.516546], [-70.902404, 42.516628], [-70.902348, 42.516567], [-70.902473, 42.516504], [-70.9025, 42.516534]]]}, "properties": {"layer": "buildings", "kind": "building"}}, {"type": "Feature", "geometry": {"type": "Polygon", "coordinates": [[[-70.902407, 42.517828], [-70.902351, 42.517834], [-70.90234, 42.517784], [-70.902396, 42.517777], [-70.902407, 42.517828]]]}, "properties": {"layer": "buildings", "kind": "building"}}, {"type": "Feature", "geometry": {"type": "Polygon", "coordinates": [[[-70.902471, 42.517488], [-70.902375, 42.517535], [-70.902318, 42.517471], [-70.902415, 42.517425], [-70.902471, 42.517488]]]}, "properties": {"layer": "buildings", "kind": "building"}}, {"type": "Feature", "geometry": {"type": "Polygon", "coordinates": [[[-70.902378, 42.522416], [-70.902467, 42.522414], [-70.90247, 42.522511], [-70.902421, 42.522512], [-70.90242, 42.522484], [-70.902335, 42.522485], [-70.902333, 42.522448], [-70.902378, 42.522447], [-70.902378, 42.522416]]]}, "properties": {"layer": "buildings", "kind": "building"}}, {"type": "Feature", "geometry": {"type": "Polygon", "coordinates": [[[-70.902393, 42.516914], [-70.90231, 42.516954], [-70.902267, 42.516905], [-70.90235, 42.516865], [-70.902393, 42.516914]]]}, "properties": {"layer": "buildings", "kind": "building"}}, {"type": "Feature", "geometry": {"type": "Polygon", "coordinates": [[[-70.902499, 42.515458], [-70.902554, 42.515512], [-70.902565, 42.515506], [-70.902599, 42.515539], [-70.902557, 42.515563], [-70.902524, 42.51553], [-70.902454, 42.515569], [-70.902398, 42.515515], [-70.902499, 42.515458]]]}, "properties": {"layer": "buildings", "kind": "building"}}, {"type": "Feature", "geometry": {"type": "Polygon", "coordinates": [[[-70.902555, 42.516119], [-70.902494, 42.516147], [-70.902513, 42.516169], [-70.902477, 42.516186], [-70.902406, 42.516102], [-70.902503, 42.516057], [-70.902555, 42.516119]]]}, "properties": {"layer": "buildings", "kind": "building"}}, {"type": "Feature", "geometry": {"type": "Polygon", "coordinates": [[[-70.902428, 42.521801], [-70.902418, 42.521769], [-70.902563, 42.521746], [-70.90259, 42.521835], [-70.902469, 42.521855], [-70.902451, 42.521797], [-70.902428, 42.521801]]]}, "properties": {"layer": "buildings", "kind": "building"}}, {"type": "Feature", "geometry": {"type": "Polygon", "coordinates": [[[-70.902318, 42.521933], [-70.902381, 42.521932], [-70.902381, 42.521956], [-70.902421, 42.521955], [-70.902425, 42.522077], [-70.902325, 42.522078], [-70.902323, 42.522039], [-70.902309, 42.52204], [-70.902307, 42.521994], [-70.90232, 42.521994], [-70.902318, 42.521933]]]}, "properties": {"layer": "buildings", "kind": "building"}}, {"type": "Feature", "geometry": {"type": "Polygon", "coordinates": [[[-70.902326, 42.521094], [-70.90243, 42.52122], [-70.90233, 42.521265], [-70.902286, 42.521212], [-70.902264, 42.521222], [-70.902234, 42.521185], [-70.902252, 42.521177], [-70.902195, 42.521107], [-70.902275, 42.52107], [-70.902304, 42.521105], [-70.902326, 42.521094]]]}, "properties": {"layer": "buildings", "kind": "building"}}, {"type": "Feature", "geometry": {"type": "Polygon", "coordinates": [[[-70.902412, 42.517011], [-70.902386, 42.516983], [-70.902464, 42.516942], [-70.902523, 42.517005], [-70.902444, 42.517046], [-70.902436, 42.517038], [-70.902412, 42.517051], [-70.902387, 42.517024], [-70.902412, 42.517011]]]}, "properties": {"layer": "buildings", "kind": "building"}}, {"type": "Feature", "geometry": {"type": "Polygon", "coordinates": [[[-70.902529, 42.522021], [-70.902461, 42.522024], [-70.902452, 42.52192], [-70.902519, 42.521916], [-70.902529, 42.522021]]]}, "properties": {"layer": "buildings", "kind": "building"}}, {"type": "Feature", "geometry": {"type": "Polygon", "coordinates": [[[-70.902507, 42.520885], [-70.902405, 42.520925], [-70.902362, 42.520865], [-70.902464, 42.520825], [-70.902507, 42.520885]]]}, "properties": {"layer": "buildings", "kind": "building"}}, {"type": "Feature", "geometry": {"type": "Polygon", "coordinates": [[[-70.902668, 42.522137], [-70.902522, 42.52215], [-70.902524, 42.522162], [-70.902471, 42.522166], [-70.902459, 42.522094], [-70.902658, 42.522076], [-70.902668, 42.522137]]]}, "properties": {"layer": "buildings", "kind": "building"}}, {"type": "Feature", "geometry": {"type": "Polygon", "coordinates": [[[-70.902472, 42.516463], [-70.902328, 42.516531], [-70.90227, 42.516464], [-70.902414, 42.516396], [-70.902472, 42.516463]]]}, "properties": {"layer": "buildings", "kind": "building"}}, {"type": "Feature", "geometry": {"type": "Polygon", "coordinates": [[[-70.902586, 42.516587], [-70.902639, 42.516646], [-70.90251, 42.516709], [-70.902501, 42.516699], [-70.902478, 42.516711], [-70.902434, 42.516662], [-70.902586, 42.516587]]]}, "properties": {"layer": "buildings", "kind": "building"}}, {"type": "Feature", "geometry": {"type": "Polygon", "coordinates": [[[-70.902364, 42.520597], [-70.902342, 42.520566], [-70.902361, 42.520559], [-70.902328, 42.52051], [-70.902397, 42.520484], [-70.902481, 42.520606], [-70.902409, 42.520632], [-70.902381, 42.52059], [-70.902364, 42.520597]]]}, "properties": {"layer": "buildings", "kind": "building"}}, {"type": "Feature", "geometry": {"type": "Polygon", "coordinates": [[[-70.902343, 42.518588], [-70.902429, 42.518795], [-70.90249, 42.518781], [-70.902477, 42.51875], [-70.902526, 42.518739], [-70.90254, 42.518772], [-70.902607, 42.518757], [-70.902651, 42.518875], [-70.902383, 42.51893], [-70.902337, 42.518806], [-70.902372, 42.518799], [-70.902289, 42.5186], [-70.902343, 42.518588]]]}, "properties": {"layer": "buildings", "kind": "building"}}, {"type": "Feature", "geometry": {"type": "Polygon", "coordinates": [[[-70.902558, 42.517841], [-70.902514, 42.517849], [-70.902497, 42.517794], [-70.902541, 42.517787], [-70.902558, 42.517841]]]}, "properties": {"layer": "buildings", "kind": "building"}}, {"type": "Feature", "geometry": {"type": "Polygon", "coordinates": [[[-70.902519, 42.518083], [-70.902446, 42.518095], [-70.902411, 42.517986], [-70.902451, 42.517979], [-70.902444, 42.517956], [-70.902477, 42.51795], [-70.902519, 42.518083]]]}, "properties": {"layer": "buildings", "kind": "building"}}, {"type": "Feature", "geometry": {"type": "Polygon", "coordinates": [[[-70.902571, 42.520775], [-70.902529, 42.520788], [-70.902492, 42.520725], [-70.902534, 42.520711], [-70.902571, 42.520775]]]}, "properties": {"layer": "buildings", "kind": "building"}}, {"type": "Feature", "geometry": {"type": "Polygon", "coordinates": [[[-70.902488, 42.52113], [-70.902427, 42.521053], [-70.902438, 42.521048], [-70.9024, 42.521001], [-70.902454, 42.520978], [-70.902485, 42.521017], [-70.902513, 42.521004], [-70.902548, 42.521048], [-70.902564, 42.521041], [-70.902605, 42.521093], [-70.902594, 42.521098], [-70.902623, 42.521133], [-70.902539, 42.52117], [-70.902502, 42.521124], [-70.902488, 42.52113]]]}, "properties": {"layer": "buildings", "kind": "building"}}, {"type": "Feature", "geometry": {"type": "Polygon", "coordinates": [[[-70.902412, 42.522276], [-70.902413, 42.522288], [-70.902458, 42.522285], [-70.90245, 42.522217], [-70.902533, 42.522212], [-70.902539, 42.522259], [-70.902525, 42.52226], [-70.902528, 42.522284], [-70.902566, 42.522282], [-70.902563, 42.522256], [-70.902693, 42.52224], [-70.9027, 42.522272], [-70.902675, 42.522275], [-70.902683, 42.52231], [-70.902641, 42.522317], [-70.902642, 42.522328], [-70.902375, 42.522345], [-70.902367, 42.522279], [-70.902412, 42.522276]]]}, "properties": {"layer": "buildings", "kind": "building"}}, {"type": "Feature", "geometry": {"type": "Polygon", "coordinates": [[[-70.902561, 42.519664], [-70.902461, 42.519682], [-70.902448, 42.519645], [-70.902549, 42.519627], [-70.902561, 42.519664]]]}, "properties": {"layer": "buildings", "kind": "building"}}, {"type": "Feature", "geometry": {"type": "Polygon", "coordinates": [[[-70.902631, 42.519303], [-70.902646, 42.519342], [-70.902564, 42.519359], [-70.902569, 42.519374], [-70.902526, 42.519383], [-70.902503, 42.519321], [-70.902551, 42.519311], [-70.902502, 42.519182], [-70.902687, 42.519144], [-70.902723, 42.51924], [-70.902708, 42.519243], [-70.902723, 42.519283], [-70.902631, 42.519303]]]}, "properties": {"layer": "buildings", "kind": "building"}}, {"type": "Feature", "geometry": {"type": "Polygon", "coordinates": [[[-70.902613, 42.518615], [-70.902552, 42.518625], [-70.90253, 42.518552], [-70.902591, 42.518542], [-70.902613, 42.518615]]]}, "properties": {"layer": "buildings", "kind": "building"}}, {"type": "Feature", "geometry": {"type": "Polygon", "coordinates": [[[-70.902628, 42.519817], [-70.902518, 42.519847], [-70.902459, 42.51973], [-70.902569, 42.5197], [-70.902628, 42.519817]]]}, "properties": {"layer": "buildings", "kind": "building"}}, {"type": "Feature", "geometry": {"type": "Polygon", "coordinates": [[[-70.902587, 42.522444], [-70.902586, 42.522392], [-70.902672, 42.522391], [-70.902674, 42.522445], [-70.902689, 42.522444], [-70.90269, 42.522472], [-70.90257, 42.522474], [-70.902569, 42.522444], [-70.902587, 42.522444]]]}, "properties": {"layer": "buildings", "kind": "building"}}, {"type": "Feature", "geometry": {"type": "Polygon", "coordinates": [[[-70.902622, 42.515302], [-70.902608, 42.515314], [-70.902658, 42.515348], [-70.902585, 42.515408], [-70.902485, 42.515343], [-70.902573, 42.51527], [-70.902622, 42.515302]]]}, "properties": {"layer": "buildings", "kind": "building"}}, {"type": "Feature", "geometry": {"type": "Polygon", "coordinates": [[[-70.902773, 42.518319], [-70.902683, 42.51834], [-70.902689, 42.518355], [-70.902594, 42.518377], [-70.902569, 42.518318], [-70.902612, 42.518308], [-70.902597, 42.518274], [-70.902741, 42.518241], [-70.902773, 42.518319]]]}, "properties": {"layer": "buildings", "kind": "building"}}, {"type": "Feature", "geometry": {"type": "Polygon", "coordinates": [[[-70.902595, 42.518053], [-70.902527, 42.518066], [-70.902461, 42.517882], [-70.902501, 42.517874], [-70.902509, 42.517896], [-70.902537, 42.51789], [-70.902595, 42.518053]]]}, "properties": {"layer": "buildings", "kind": "building"}}, {"type": "Feature", "geometry": {"type": "Polygon", "coordinates": [[[-70.902868, 42.519544], [-70.902598, 42.519608], [-70.90257, 42.519544], [-70.90284, 42.51948], [-70.902868, 42.519544]]]}, "properties": {"layer": "buildings", "kind": "building"}}, {"type": "Feature", "geometry": {"type": "Polygon", "coordinates": [[[-70.902438, 42.520471], [-70.902557, 42.520409], [-70.902623, 42.520479], [-70.902606, 42.520488], [-70.902667, 42.520552], [-70.902552, 42.520611], [-70.902535, 42.520594], [-70.902506, 42.520609], [-70.902458, 42.520558], [-70.902501, 42.520536], [-70.902438, 42.520471]]]}, "properties": {"layer": "buildings", "kind": "building"}}, {"type": "Feature", "geometry": {"type": "Polygon", "coordinates": [[[-70.902893, 42.521681], [-70.902638, 42.521726], [-70.902612, 42.521645], [-70.90275, 42.521621], [-70.902764, 42.521663], [-70.90288, 42.521643], [-70.902893, 42.521681]]]}, "properties": {"layer": "buildings", "kind": "building"}}, {"type": "Feature", "geometry": {"type": "Polygon", "coordinates": [[[-70.902686, 42.516076], [-70.9027, 42.516092], [-70.902662, 42.516109], [-70.902592, 42.516028], [-70.902631, 42.51601], [-70.902621, 42.515998], [-70.902648, 42.515985], [-70.902658, 42.515997], [-70.902701, 42.515976], [-70.902758, 42.516042], [-70.902686, 42.516076]]]}, "properties": {"layer": "buildings", "kind": "building"}}, {"type": "Feature", "geometry": {"type": "Polygon", "coordinates": [[[-70.902686, 42.516723], [-70.902623, 42.516751], [-70.902586, 42.516703], [-70.902649, 42.516676], [-70.902686, 42.516723]]]}, "properties": {"layer": "buildings", "kind": "building"}}, {"type": "Feature", "geometry": {"type": "Polygon", "coordinates": [[[-70.902629, 42.521998], [-70.902562, 42.522008], [-70.902537, 42.521917], [-70.902603, 42.521907], [-70.902629, 42.521998]]]}, "properties": {"layer": "buildings", "kind": "building"}}, {"type": "Feature", "geometry": {"type": "Polygon", "coordinates": [[[-70.902671, 42.515612], [-70.902614, 42.515641], [-70.902575, 42.5156], [-70.902632, 42.515571], [-70.902671, 42.515612]]]}, "properties": {"layer": "buildings", "kind": "building"}}, {"type": "Feature", "geometry": {"type": "Polygon", "coordinates": [[[-70.902639, 42.515842], [-70.902553, 42.515883], [-70.902465, 42.515783], [-70.90255, 42.515742], [-70.902639, 42.515842]]]}, "properties": {"layer": "buildings", "kind": "building"}}, {"type": "Feature", "geometry": {"type": "Polygon", "coordinates": [[[-70.902806, 42.521347], [-70.902721, 42.521386], [-70.902681, 42.521338], [-70.902604, 42.521373], [-70.902657, 42.521436], [-70.902601, 42.521462], [-70.9025, 42.521341], [-70.902642, 42.521276], [-70.902655, 42.521292], [-70.902732, 42.521257], [-70.902806, 42.521347]]]}, "properties": {"layer": "buildings", "kind": "building"}}, {"type": "Feature", "geometry": {"type": "Polygon", "coordinates": [[[-70.902649, 42.517928], [-70.902671, 42.517925], [-70.902676, 42.517942], [-70.902705, 42.517938], [-70.902729, 42.518023], [-70.902643, 42.518036], [-70.902596, 42.517872], [-70.902647, 42.517864], [-70.902653, 42.517886], [-70.902638, 42.517888], [-70.902649, 42.517928]]]}, "properties": {"layer": "buildings", "kind": "building"}}, {"type": "Feature", "geometry": {"type": "Polygon", "coordinates": [[[-70.902696, 42.517519], [-70.902696, 42.517483], [-70.902778, 42.517482], [-70.902779, 42.517571], [-70.902663, 42.517572], [-70.902663, 42.517519], [-70.902696, 42.517519]]]}, "properties": {"layer": "buildings", "kind": "building"}}, {"type": "Feature", "geometry": {"type": "Polygon", "coordinates": [[[-70.902756, 42.515781], [-70.902671, 42.515824], [-70.902586, 42.515731], [-70.902671, 42.515688], [-70.902756, 42.515781]]]}, "properties": {"layer": "buildings", "kind": "building"}}, {"type": "Feature", "geometry": {"type": "Polygon", "coordinates": [[[-70.902644, 42.521464], [-70.902671, 42.521542], [-70.902697, 42.521537], [-70.902708, 42.521568], [-70.902591, 42.52159], [-70.902553, 42.521481], [-70.902644, 42.521464]]]}, "properties": {"layer": "buildings", "kind": "building"}}, {"type": "Feature", "geometry": {"type": "Polygon", "coordinates": [[[-70.902647, 42.520832], [-70.902587, 42.520731], [-70.902674, 42.520703], [-70.902648, 42.52066], [-70.902725, 42.520635], [-70.902787, 42.520739], [-70.902708, 42.520765], [-70.902732, 42.520804], [-70.902647, 42.520832]]]}, "properties": {"layer": "buildings", "kind": "building"}}, {"type": "Feature", "geometry": {"type": "Polygon", "coordinates": [[[-70.902579, 42.517458], [-70.902569, 42.517446], [-70.902552, 42.517454], [-70.902474, 42.517362], [-70.902621, 42.517294], [-70.902699, 42.517385], [-70.902682, 42.517393], [-70.902692, 42.517405], [-70.902662, 42.517419], [-70.902683, 42.517443], [-70.902633, 42.517466], [-70.902612, 42.517442], [-70.902579, 42.517458]]]}, "properties": {"layer": "buildings", "kind": "building"}}, {"type": "Feature", "geometry": {"type": "Polygon", "coordinates": [[[-70.902873, 42.521855], [-70.902691, 42.521886], [-70.902669, 42.521814], [-70.90285, 42.521783], [-70.902873, 42.521855]]]}, "properties": {"layer": "buildings", "kind": "building"}}, {"type": "Feature", "geometry": {"type": "Polygon", "coordinates": [[[-70.902694, 42.519688], [-70.902638, 42.519694], [-70.902624, 42.519623], [-70.90268, 42.519617], [-70.902694, 42.519688]]]}, "properties": {"layer": "buildings", "kind": "building"}}, {"type": "Feature", "geometry": {"type": "Polygon", "coordinates": [[[-70.902812, 42.51734], [-70.902728, 42.517378], [-70.902645, 42.517276], [-70.902729, 42.517238], [-70.902812, 42.51734]]]}, "properties": {"layer": "buildings", "kind": "building"}}, {"type": "Feature", "geometry": {"type": "Polygon", "coordinates": [[[-70.90277, 42.521931], [-70.902781, 42.521964], [-70.902816, 42.521958], [-70.902824, 42.521982], [-70.902871, 42.521974], [-70.902885, 42.522021], [-70.902736, 42.522046], [-70.902705, 42.521942], [-70.90277, 42.521931]]]}, "properties": {"layer": "buildings", "kind": "building"}}, {"type": "Feature", "geometry": {"type": "Polygon", "coordinates": [[[-70.902782, 42.519773], [-70.902755, 42.519785], [-70.902871, 42.519874], [-70.9028, 42.519925], [-70.902685, 42.519846], [-70.902699, 42.519831], [-70.902664, 42.519798], [-70.902657, 42.519755], [-70.902737, 42.519719], [-70.902782, 42.519773]]]}, "properties": {"layer": "buildings", "kind": "building"}}, {"type": "Feature", "geometry": {"type": "Polygon", "coordinates": [[[-70.902928, 42.515707], [-70.902849, 42.515746], [-70.902755, 42.51564], [-70.902835, 42.515602], [-70.902928, 42.515707]]]}, "properties": {"layer": "buildings", "kind": "building"}}, {"type": "Feature", "geometry": {"type": "Polygon", "coordinates": [[[-70.902834, 42.521196], [-70.90287, 42.521242], [-70.902887, 42.521235], [-70.902914, 42.521268], [-70.902895, 42.521276], [-70.902904, 42.521287], [-70.902855, 42.521308], [-70.902886, 42.521348], [-70.902836, 42.521369], [-70.902805, 42.521329], [-70.902819, 42.521323], [-70.902748, 42.521233], [-70.902834, 42.521196]]]}, "properties": {"layer": "buildings", "kind": "building"}}, {"type": "Feature", "geometry": {"type": "Polygon", "coordinates": [[[-70.90266, 42.516907], [-70.902625, 42.516867], [-70.902652, 42.516854], [-70.902639, 42.516839], [-70.902759, 42.516781], [-70.902821, 42.516851], [-70.902701, 42.516909], [-70.902687, 42.516894], [-70.90266, 42.516907]]]}, "properties": {"layer": "buildings", "kind": "building"}}, {"type": "Feature", "geometry": {"type": "Polygon", "coordinates": [[[-70.902923, 42.519452], [-70.902855, 42.519468], [-70.902832, 42.519411], [-70.902899, 42.519396], [-70.902923, 42.519452]]]}, "properties": {"layer": "buildings", "kind": "building"}}, {"type": "Feature", "geometry": {"type": "Polygon", "coordinates": [[[-70.902895, 42.517805], [-70.902907, 42.517841], [-70.902924, 42.517838], [-70.902964, 42.517952], [-70.902893, 42.517966], [-70.902841, 42.517815], [-70.902895, 42.517805]]]}, "properties": {"layer": "buildings", "kind": "building"}}, {"type": "Feature", "geometry": {"type": "Polygon", "coordinates": [[[-70.902792, 42.517864], [-70.902797, 42.51788], [-70.902809, 42.517878], [-70.902842, 42.517987], [-70.902767, 42.518], [-70.90273, 42.517875], [-70.902792, 42.517864]]]}, "properties": {"layer": "buildings", "kind": "building"}}, {"type": "Feature", "geometry": {"type": "Polygon", "coordinates": [[[-70.902942, 42.516002], [-70.902856, 42.516045], [-70.902742, 42.515921], [-70.902828, 42.515877], [-70.902942, 42.516002]]]}, "properties": {"layer": "buildings", "kind": "building"}}, {"type": "Feature", "geometry": {"type": "Polygon", "coordinates": [[[-70.90287, 42.521027], [-70.902781, 42.521066], [-70.90271, 42.52098], [-70.902685, 42.52089], [-70.902728, 42.520883], [-70.90275, 42.520962], [-70.902799, 42.52094], [-70.90287, 42.521027]]]}, "properties": {"layer": "buildings", "kind": "building"}}, {"type": "Feature", "geometry": {"type": "Polygon", "coordinates": [[[-70.902947, 42.517335], [-70.902852, 42.517366], [-70.902783, 42.51725], [-70.902878, 42.517219], [-70.902947, 42.517335]]]}, "properties": {"layer": "buildings", "kind": "building"}}, {"type": "Feature", "geometry": {"type": "Polygon", "coordinates": [[[-70.902955, 42.517758], [-70.90288, 42.51777], [-70.902864, 42.517715], [-70.902939, 42.517703], [-70.902955, 42.517758]]]}, "properties": {"layer": "buildings", "kind": "building"}}, {"type": "Feature", "geometry": {"type": "Polygon", "coordinates": [[[-70.903052, 42.519226], [-70.902876, 42.519266], [-70.902884, 42.519285], [-70.902803, 42.519303], [-70.902765, 42.519213], [-70.902796, 42.519205], [-70.902756, 42.51911], [-70.902945, 42.519067], [-70.902987, 42.519168], [-70.903024, 42.51916], [-70.903052, 42.519226]]]}, "properties": {"layer": "buildings", "kind": "building"}}, {"type": "Feature", "geometry": {"type": "Polygon", "coordinates": [[[-70.902766, 42.516648], [-70.902794, 42.51662], [-70.902824, 42.516637], [-70.902857, 42.516604], [-70.902994, 42.51668], [-70.902932, 42.51674], [-70.902894, 42.516719], [-70.902886, 42.516727], [-70.902851, 42.516708], [-70.902859, 42.5167], [-70.902766, 42.516648]]]}, "properties": {"layer": "buildings", "kind": "building"}}, {"type": "Feature", "geometry": {"type": "Polygon", "coordinates": [[[-70.902729, 42.518721], [-70.902837, 42.518697], [-70.902861, 42.518757], [-70.902884, 42.518752], [-70.90291, 42.518818], [-70.902728, 42.518858], [-70.90263, 42.518615], [-70.902667, 42.518607], [-70.902688, 42.518659], [-70.902703, 42.518656], [-70.902729, 42.518721]]]}, "properties": {"layer": "buildings", "kind": "building"}}, {"type": "Feature", "geometry": {"type": "Polygon", "coordinates": [[[-70.902917, 42.521898], [-70.902855, 42.521909], [-70.902841, 42.521868], [-70.902903, 42.521857], [-70.902917, 42.521898]]]}, "properties": {"layer": "buildings", "kind": "building"}}, {"type": "Feature", "geometry": {"type": "Polygon", "coordinates": [[[-70.90292, 42.522183], [-70.902793, 42.522205], [-70.902777, 42.522155], [-70.902903, 42.522133], [-70.90292, 42.522183]]]}, "properties": {"layer": "buildings", "kind": "building"}}, {"type": "Feature", "geometry": {"type": "Polygon", "coordinates": [[[-70.902921, 42.516219], [-70.90277, 42.51634], [-70.902666, 42.516269], [-70.902818, 42.516148], [-70.902921, 42.516219]]]}, "properties": {"layer": "buildings", "kind": "building"}}, {"type": "Feature", "geometry": {"type": "Polygon", "coordinates": [[[-70.902922, 42.515403], [-70.902851, 42.515462], [-70.902752, 42.515398], [-70.902823, 42.515339], [-70.902922, 42.515403]]]}, "properties": {"layer": "buildings", "kind": "building"}}, {"type": "Feature", "geometry": {"type": "Polygon", "coordinates": [[[-70.90294, 42.518232], [-70.902961, 42.51827], [-70.90302, 42.518253], [-70.903107, 42.518413], [-70.902992, 42.518447], [-70.902883, 42.518249], [-70.90294, 42.518232]]]}, "properties": {"layer": "buildings", "kind": "building"}}, {"type": "Feature", "geometry": {"type": "Polygon", "coordinates": [[[-70.902998, 42.520786], [-70.903028, 42.520824], [-70.903043, 42.520818], [-70.903069, 42.520851], [-70.903082, 42.520854], [-70.90309, 42.52086], [-70.903094, 42.520868], [-70.903093, 42.520877], [-70.903122, 42.520913], [-70.903049, 42.520944], [-70.902943, 42.52081], [-70.902998, 42.520786]]]}, "properties": {"layer": "buildings", "kind": "building"}}, {"type": "Feature", "geometry": {"type": "Polygon", "coordinates": [[[-70.903122, 42.517289], [-70.902986, 42.517313], [-70.902944, 42.517178], [-70.90308, 42.517155], [-70.903122, 42.517289]]]}, "properties": {"layer": "buildings", "kind": "building"}}, {"type": "Feature", "geometry": {"type": "Polygon", "coordinates": [[[-70.902826, 42.522324], [-70.902808, 42.522261], [-70.902946, 42.522241], [-70.902967, 42.522315], [-70.902901, 42.522325], [-70.902898, 42.522313], [-70.902826, 42.522324]]]}, "properties": {"layer": "buildings", "kind": "building"}}, {"type": "Feature", "geometry": {"type": "Polygon", "coordinates": [[[-70.902997, 42.519786], [-70.902906, 42.519721], [-70.902889, 42.519654], [-70.902959, 42.519601], [-70.903013, 42.51964], [-70.903026, 42.51963], [-70.903117, 42.519695], [-70.902997, 42.519786]]]}, "properties": {"layer": "buildings", "kind": "building"}}, {"type": "Feature", "geometry": {"type": "Polygon", "coordinates": [[[-70.903031, 42.516234], [-70.903047, 42.516213], [-70.903212, 42.51628], [-70.903159, 42.516351], [-70.902994, 42.516283], [-70.903001, 42.516274], [-70.90298, 42.516266], [-70.90301, 42.516225], [-70.903031, 42.516234]]]}, "properties": {"layer": "buildings", "kind": "building"}}, {"type": "Feature", "geometry": {"type": "Polygon", "coordinates": [[[-70.90308, 42.516556], [-70.903012, 42.516621], [-70.902883, 42.516546], [-70.902952, 42.516482], [-70.90308, 42.516556]]]}, "properties": {"layer": "buildings", "kind": "building"}}, {"type": "Feature", "geometry": {"type": "Polygon", "coordinates": [[[-70.902998, 42.521254], [-70.903019, 42.521279], [-70.902962, 42.521305], [-70.902895, 42.521227], [-70.902906, 42.521222], [-70.902872, 42.521183], [-70.902944, 42.52115], [-70.902995, 42.521209], [-70.902985, 42.521214], [-70.903013, 42.521247], [-70.902998, 42.521254]]]}, "properties": {"layer": "buildings", "kind": "building"}}, {"type": "Feature", "geometry": {"type": "Polygon", "coordinates": [[[-70.903016, 42.516113], [-70.902926, 42.516197], [-70.902875, 42.516167], [-70.902965, 42.516083], [-70.903016, 42.516113]]]}, "properties": {"layer": "buildings", "kind": "building"}}, {"type": "Feature", "geometry": {"type": "Polygon", "coordinates": [[[-70.903011, 42.518635], [-70.902969, 42.518543], [-70.90304, 42.518525], [-70.903088, 42.518632], [-70.903102, 42.518629], [-70.903115, 42.518631], [-70.903126, 42.518637], [-70.903136, 42.518648], [-70.903139, 42.518658], [-70.903137, 42.518668], [-70.903132, 42.518677], [-70.90312, 42.518685], [-70.903126, 42.518696], [-70.903143, 42.518692], [-70.903172, 42.518751], [-70.902982, 42.518799], [-70.902918, 42.518658], [-70.903011, 42.518635]]]}, "properties": {"layer": "buildings", "kind": "building"}}, {"type": "Feature", "geometry": {"type": "Polygon", "coordinates": [[[-70.903098, 42.519172], [-70.903045, 42.519044], [-70.903171, 42.519016], [-70.903239, 42.519183], [-70.903174, 42.519198], [-70.903158, 42.519158], [-70.903098, 42.519172]]]}, "properties": {"layer": "buildings", "kind": "building"}}, {"type": "Feature", "geometry": {"type": "Polygon", "coordinates": [[[-70.903033, 42.520655], [-70.903045, 42.52069], [-70.902939, 42.52071], [-70.902925, 42.520669], [-70.902863, 42.520677], [-70.902844, 42.520628], [-70.902998, 42.520606], [-70.903002, 42.520623], [-70.903109, 42.520607], [-70.903118, 42.520643], [-70.903033, 42.520655]]]}, "properties": {"layer": "buildings", "kind": "building"}}, {"type": "Feature", "geometry": {"type": "Polygon", "coordinates": [[[-70.903184, 42.517441], [-70.903046, 42.517467], [-70.903006, 42.517363], [-70.903148, 42.517336], [-70.903184, 42.517441]]]}, "properties": {"layer": "buildings", "kind": "building"}}, {"type": "Feature", "geometry": {"type": "Polygon", "coordinates": [[[-70.903099, 42.517916], [-70.90301, 42.51793], [-70.902979, 42.517819], [-70.903026, 42.517812], [-70.903031, 42.51783], [-70.903073, 42.517823], [-70.903099, 42.517916]]]}, "properties": {"layer": "buildings", "kind": "building"}}, {"type": "Feature", "geometry": {"type": "Polygon", "coordinates": [[[-70.903099, 42.515477], [-70.903073, 42.515526], [-70.903029, 42.515512], [-70.903055, 42.515464], [-70.903099, 42.515477]]]}, "properties": {"layer": "buildings", "kind": "building"}}, {"type": "Feature", "geometry": {"type": "Polygon", "coordinates": [[[-70.903113, 42.516458], [-70.903049, 42.516514], [-70.902946, 42.51645], [-70.903009, 42.516394], [-70.903113, 42.516458]]]}, "properties": {"layer": "buildings", "kind": "building"}}, {"type": "Feature", "geometry": {"type": "Polygon", "coordinates": [[[-70.903357, 42.521581], [-70.903118, 42.521615], [-70.903103, 42.521557], [-70.903342, 42.521523], [-70.903357, 42.521581]]]}, "properties": {"layer": "buildings", "kind": "building"}}, {"type": "Feature", "geometry": {"type": "Polygon", "coordinates": [[[-70.90308, 42.522226], [-70.90308, 42.52218], [-70.903124, 42.52218], [-70.903126, 42.522328], [-70.903057, 42.522329], [-70.903056, 42.522226], [-70.90308, 42.522226]]]}, "properties": {"layer": "buildings", "kind": "building"}}, {"type": "Feature", "geometry": {"type": "Polygon", "coordinates": [[[-70.902898, 42.520528], [-70.902894, 42.520511], [-70.902933, 42.520505], [-70.902937, 42.520523], [-70.903002, 42.520514], [-70.903008, 42.520536], [-70.90308, 42.520526], [-70.903077, 42.520516], [-70.903114, 42.520511], [-70.903125, 42.520554], [-70.903016, 42.52057], [-70.903019, 42.520578], [-70.902858, 42.5206], [-70.902841, 42.520536], [-70.902898, 42.520528]]]}, "properties": {"layer": "buildings", "kind": "building"}}, {"type": "Feature", "geometry": {"type": "Polygon", "coordinates": [[[-70.903291, 42.520532], [-70.903143, 42.520599], [-70.903136, 42.520527], [-70.903246, 42.520477], [-70.903291, 42.520532]]]}, "properties": {"layer": "buildings", "kind": "building"}}, {"type": "Feature", "geometry": {"type": "Polygon", "coordinates": [[[-70.903141, 42.516234], [-70.902983, 42.51617], [-70.903026, 42.516112], [-70.903131, 42.516154], [-70.903124, 42.516163], [-70.903178, 42.516185], [-70.903141, 42.516234]]]}, "properties": {"layer": "buildings", "kind": "building"}}, {"type": "Feature", "geometry": {"type": "Polygon", "coordinates": [[[-70.903159, 42.521268], [-70.903167, 42.521278], [-70.903104, 42.521305], [-70.903069, 42.521259], [-70.903095, 42.521248], [-70.903016, 42.521146], [-70.903194, 42.521071], [-70.903273, 42.521172], [-70.903259, 42.521178], [-70.903286, 42.521214], [-70.903159, 42.521268]]]}, "properties": {"layer": "buildings", "kind": "building"}}, {"type": "Feature", "geometry": {"type": "Polygon", "coordinates": [[[-70.903033, 42.517651], [-70.903009, 42.517587], [-70.903146, 42.517558], [-70.90315, 42.517568], [-70.903179, 42.517562], [-70.903206, 42.517635], [-70.903161, 42.517644], [-70.903164, 42.517652], [-70.903109, 42.517663], [-70.903107, 42.517655], [-70.903027, 42.517672], [-70.90302, 42.517654], [-70.903033, 42.517651]]]}, "properties": {"layer": "buildings", "kind": "building"}}, {"type": "Feature", "geometry": {"type": "Polygon", "coordinates": [[[-70.903189, 42.516168], [-70.903141, 42.516144], [-70.90315, 42.516134], [-70.903089, 42.516103], [-70.903153, 42.516033], [-70.903302, 42.516107], [-70.903239, 42.516177], [-70.903199, 42.516157], [-70.903189, 42.516168]]]}, "properties": {"layer": "buildings", "kind": "building"}}, {"type": "Feature", "geometry": {"type": "Polygon", "coordinates": [[[-70.903015, 42.518218], [-70.902989, 42.51817], [-70.903157, 42.51812], [-70.903167, 42.518139], [-70.903198, 42.51813], [-70.903211, 42.518154], [-70.903195, 42.518159], [-70.90321, 42.518188], [-70.90311, 42.518217], [-70.90314, 42.518273], [-70.903069, 42.518294], [-70.903026, 42.518215], [-70.903015, 42.518218]]]}, "properties": {"layer": "buildings", "kind": "building"}}, {"type": "Feature", "geometry": {"type": "Polygon", "coordinates": [[[-70.903022, 42.519336], [-70.903057, 42.51936], [-70.903079, 42.519342], [-70.903087, 42.519348], [-70.903123, 42.51932], [-70.903148, 42.519337], [-70.903188, 42.519304], [-70.903207, 42.519317], [-70.903296, 42.519245], [-70.903506, 42.519387], [-70.9034, 42.519472], [-70.903307, 42.519409], [-70.903244, 42.519459], [-70.903222, 42.519444], [-70.903186, 42.519472], [-70.903275, 42.519533], [-70.903193, 42.519599], [-70.903024, 42.519484], [-70.903031, 42.519478], [-70.902984, 42.519446], [-70.902931, 42.519409], [-70.903022, 42.519336]]]}, "properties": {"layer": "buildings", "kind": "building"}}, {"type": "Feature", "geometry": {"type": "Polygon", "coordinates": [[[-70.903142, 42.517716], [-70.903208, 42.517702], [-70.903228, 42.517756], [-70.903261, 42.51775], [-70.903298, 42.51785], [-70.903223, 42.517866], [-70.903185, 42.517764], [-70.903125, 42.517776], [-70.90311, 42.517734], [-70.903146, 42.517727], [-70.903142, 42.517716]]]}, "properties": {"layer": "buildings", "kind": "building"}}, {"type": "Feature", "geometry": {"type": "Polygon", "coordinates": [[[-70.903364, 42.515916], [-70.903326, 42.515992], [-70.903179, 42.515951], [-70.903217, 42.515876], [-70.903364, 42.515916]]]}, "properties": {"layer": "buildings", "kind": "building"}}, {"type": "Feature", "geometry": {"type": "Polygon", "coordinates": [[[-70.903168, 42.520442], [-70.90309, 42.52038], [-70.90308, 42.520387], [-70.903009, 42.520331], [-70.903088, 42.520277], [-70.902981, 42.520192], [-70.903128, 42.520091], [-70.903259, 42.520195], [-70.903243, 42.520206], [-70.903317, 42.520265], [-70.903402, 42.520333], [-70.903281, 42.520416], [-70.903271, 42.520409], [-70.903218, 42.520445], [-70.903192, 42.520425], [-70.903168, 42.520442]]]}, "properties": {"layer": "buildings", "kind": "building"}}, {"type": "Feature", "geometry": {"type": "Polygon", "coordinates": [[[-70.90333, 42.518974], [-70.90339, 42.518956], [-70.903447, 42.519062], [-70.903263, 42.519117], [-70.903206, 42.519011], [-70.903272, 42.518991], [-70.903266, 42.518979], [-70.903323, 42.518962], [-70.90333, 42.518974]]]}, "properties": {"layer": "buildings", "kind": "building"}}, {"type": "Feature", "geometry": {"type": "Polygon", "coordinates": [[[-70.903306, 42.515794], [-70.903328, 42.515772], [-70.903412, 42.515817], [-70.903348, 42.515882], [-70.903247, 42.515827], [-70.903289, 42.515785], [-70.903306, 42.515794]]]}, "properties": {"layer": "buildings", "kind": "building"}}, {"type": "Feature", "geometry": {"type": "Polygon", "coordinates": [[[-70.903286, 42.518737], [-70.903215, 42.518575], [-70.903294, 42.518556], [-70.903312, 42.518598], [-70.90353, 42.518546], [-70.903587, 42.518675], [-70.90333, 42.518737], [-70.903325, 42.518728], [-70.903286, 42.518737]]]}, "properties": {"layer": "buildings", "kind": "building"}}, {"type": "Feature", "geometry": {"type": "Polygon", "coordinates": [[[-70.903503, 42.516567], [-70.903356, 42.516696], [-70.903287, 42.516653], [-70.903303, 42.516638], [-70.903283, 42.516626], [-70.903291, 42.516619], [-70.903281, 42.516613], [-70.903405, 42.516506], [-70.903503, 42.516567]]]}, "properties": {"layer": "buildings", "kind": "building"}}, {"type": "Feature", "geometry": {"type": "Polygon", "coordinates": [[[-70.903411, 42.517241], [-70.90346, 42.517284], [-70.90348, 42.517272], [-70.903523, 42.51731], [-70.903452, 42.517353], [-70.903443, 42.517345], [-70.903402, 42.51737], [-70.90332, 42.517297], [-70.903411, 42.517241]]]}, "properties": {"layer": "buildings", "kind": "building"}}, {"type": "Feature", "geometry": {"type": "Polygon", "coordinates": [[[-70.903331, 42.515653], [-70.903423, 42.515666], [-70.903409, 42.515724], [-70.903398, 42.515722], [-70.903392, 42.515746], [-70.903311, 42.515735], [-70.90332, 42.515699], [-70.903291, 42.515695], [-70.9033, 42.515658], [-70.903329, 42.515662], [-70.903331, 42.515653]]]}, "properties": {"layer": "buildings", "kind": "building"}}, {"type": "Feature", "geometry": {"type": "Polygon", "coordinates": [[[-70.903248, 42.51809], [-70.903359, 42.518066], [-70.903387, 42.518136], [-70.903347, 42.518145], [-70.903356, 42.51817], [-70.903272, 42.518188], [-70.903262, 42.518163], [-70.903246, 42.518167], [-70.903234, 42.518137], [-70.903263, 42.51813], [-70.903248, 42.51809]]]}, "properties": {"layer": "buildings", "kind": "building"}}, {"type": "Feature", "geometry": {"type": "Polygon", "coordinates": [[[-70.903547, 42.520609], [-70.903503, 42.520628], [-70.903554, 42.520692], [-70.903412, 42.520754], [-70.903315, 42.520633], [-70.903393, 42.520599], [-70.903354, 42.52055], [-70.903462, 42.520503], [-70.903547, 42.520609]]]}, "properties": {"layer": "buildings", "kind": "building"}}, {"type": "Feature", "geometry": {"type": "Polygon", "coordinates": [[[-70.903401, 42.522115], [-70.903239, 42.522185], [-70.903185, 42.522117], [-70.903252, 42.522088], [-70.90322, 42.522048], [-70.903316, 42.522007], [-70.903401, 42.522115]]]}, "properties": {"layer": "buildings", "kind": "building"}}, {"type": "Feature", "geometry": {"type": "Polygon", "coordinates": [[[-70.903491, 42.519189], [-70.903504, 42.519179], [-70.90363, 42.519264], [-70.903515, 42.519357], [-70.903389, 42.519272], [-70.90344, 42.519231], [-70.90342, 42.519217], [-70.903471, 42.519176], [-70.903491, 42.519189]]]}, "properties": {"layer": "buildings", "kind": "building"}}, {"type": "Feature", "geometry": {"type": "Polygon", "coordinates": [[[-70.903512, 42.51547], [-70.903461, 42.515515], [-70.903452, 42.51551], [-70.903408, 42.515549], [-70.903317, 42.515494], [-70.903362, 42.515453], [-70.903353, 42.515448], [-70.903404, 42.515403], [-70.903512, 42.51547]]]}, "properties": {"layer": "buildings", "kind": "building"}}, {"type": "Feature", "geometry": {"type": "Polygon", "coordinates": [[[-70.903549, 42.521141], [-70.9036, 42.521205], [-70.903494, 42.521251], [-70.903486, 42.521241], [-70.90344, 42.521261], [-70.903397, 42.521206], [-70.903549, 42.521141]]]}, "properties": {"layer": "buildings", "kind": "building"}}, {"type": "Feature", "geometry": {"type": "Polygon", "coordinates": [[[-70.903377, 42.519977], [-70.903493, 42.520097], [-70.903425, 42.520135], [-70.90331, 42.520022], [-70.90325, 42.520063], [-70.903148, 42.51998], [-70.903275, 42.519894], [-70.903377, 42.519977]]]}, "properties": {"layer": "buildings", "kind": "building"}}, {"type": "Feature", "geometry": {"type": "Polygon", "coordinates": [[[-70.903478, 42.519784], [-70.903592, 42.519868], [-70.903525, 42.519918], [-70.903516, 42.519911], [-70.903449, 42.519961], [-70.903344, 42.519882], [-70.903478, 42.519784]]]}, "properties": {"layer": "buildings", "kind": "building"}}, {"type": "Feature", "geometry": {"type": "Polygon", "coordinates": [[[-70.903536, 42.518074], [-70.903569, 42.518053], [-70.903543, 42.51803], [-70.903695, 42.517936], [-70.903735, 42.517971], [-70.90372, 42.51798], [-70.903763, 42.518018], [-70.903795, 42.517998], [-70.903845, 42.518041], [-70.903766, 42.51809], [-70.903744, 42.518071], [-70.903658, 42.518126], [-70.903644, 42.518114], [-70.903588, 42.518149], [-70.903535, 42.518102], [-70.903536, 42.518074]]]}, "properties": {"layer": "buildings", "kind": "building"}}, {"type": "Feature", "geometry": {"type": "Polygon", "coordinates": [[[-70.903647, 42.519232], [-70.903584, 42.519193], [-70.903595, 42.519183], [-70.903548, 42.519154], [-70.903562, 42.519142], [-70.903537, 42.519126], [-70.903586, 42.519083], [-70.90361, 42.519099], [-70.903642, 42.519071], [-70.903752, 42.519139], [-70.903647, 42.519232]]]}, "properties": {"layer": "buildings", "kind": "building"}}, {"type": "Feature", "geometry": {"type": "Polygon", "coordinates": [[[-70.903768, 42.521568], [-70.903587, 42.521649], [-70.90355, 42.521603], [-70.903731, 42.521522], [-70.903768, 42.521568]]]}, "properties": {"layer": "buildings", "kind": "building"}}, {"type": "Feature", "geometry": {"type": "Polygon", "coordinates": [[[-70.903435, 42.520961], [-70.903508, 42.521051], [-70.903521, 42.521045], [-70.903556, 42.521089], [-70.903472, 42.521125], [-70.903365, 42.520992], [-70.903435, 42.520961]]]}, "properties": {"layer": "buildings", "kind": "building"}}, {"type": "Feature", "geometry": {"type": "Polygon", "coordinates": [[[-70.903558, 42.517078], [-70.903432, 42.517131], [-70.903437, 42.517139], [-70.903379, 42.517163], [-70.903317, 42.517082], [-70.903502, 42.517004], [-70.903558, 42.517078]]]}, "properties": {"layer": "buildings", "kind": "building"}}, {"type": "Feature", "geometry": {"type": "Polygon", "coordinates": [[[-70.90354, 42.516483], [-70.903503, 42.516434], [-70.903571, 42.516406], [-70.903605, 42.516451], [-70.903688, 42.516417], [-70.90374, 42.516486], [-70.903631, 42.516531], [-70.903581, 42.516466], [-70.90354, 42.516483]]]}, "properties": {"layer": "buildings", "kind": "building"}}, {"type": "Feature", "geometry": {"type": "Polygon", "coordinates": [[[-70.903571, 42.521668], [-70.903535, 42.521685], [-70.903494, 42.521637], [-70.90353, 42.52162], [-70.903571, 42.521668]]]}, "properties": {"layer": "buildings", "kind": "building"}}, {"type": "Feature", "geometry": {"type": "Polygon", "coordinates": [[[-70.903474, 42.521397], [-70.903505, 42.521382], [-70.90349, 42.521364], [-70.903531, 42.521345], [-70.903519, 42.521331], [-70.90356, 42.521312], [-70.903572, 42.521326], [-70.903631, 42.521299], [-70.903662, 42.521336], [-70.903529, 42.521397], [-70.903536, 42.521405], [-70.903452, 42.521444], [-70.903423, 42.521409], [-70.903468, 42.521389], [-70.903474, 42.521397]]]}, "properties": {"layer": "buildings", "kind": "building"}}, {"type": "Feature", "geometry": {"type": "Polygon", "coordinates": [[[-70.903657, 42.516192], [-70.903589, 42.516291], [-70.903527, 42.516268], [-70.903595, 42.516169], [-70.903657, 42.516192]]]}, "properties": {"layer": "buildings", "kind": "building"}}, {"type": "Feature", "geometry": {"type": "Polygon", "coordinates": [[[-70.903497, 42.517516], [-70.903527, 42.517542], [-70.903558, 42.517523], [-70.903548, 42.517514], [-70.90365, 42.51745], [-70.903662, 42.51746], [-70.903749, 42.517405], [-70.903815, 42.517463], [-70.903716, 42.517525], [-70.903727, 42.517535], [-70.903654, 42.51758], [-70.903643, 42.517571], [-70.903541, 42.517635], [-70.903443, 42.51755], [-70.903497, 42.517516]]]}, "properties": {"layer": "buildings", "kind": "building"}}, {"type": "Feature", "geometry": {"type": "Polygon", "coordinates": [[[-70.903664, 42.518966], [-70.903575, 42.51899], [-70.90359, 42.51902], [-70.903517, 42.51904], [-70.903502, 42.519009], [-70.903514, 42.519006], [-70.90348, 42.518937], [-70.903631, 42.518897], [-70.903664, 42.518966]]]}, "properties": {"layer": "buildings", "kind": "building"}}, {"type": "Feature", "geometry": {"type": "Polygon", "coordinates": [[[-70.903715, 42.521064], [-70.903666, 42.521087], [-70.903644, 42.521062], [-70.903693, 42.521039], [-70.903715, 42.521064]]]}, "properties": {"layer": "buildings", "kind": "building"}}, {"type": "Feature", "geometry": {"type": "Polygon", "coordinates": [[[-70.903753, 42.518188], [-70.903782, 42.518231], [-70.90385, 42.518206], [-70.90386, 42.518221], [-70.90391, 42.518203], [-70.903933, 42.518237], [-70.903814, 42.51828], [-70.903824, 42.518296], [-70.903676, 42.518349], [-70.903627, 42.518274], [-70.903703, 42.518247], [-70.903681, 42.518214], [-70.903753, 42.518188]]]}, "properties": {"layer": "buildings", "kind": "building"}}, {"type": "Feature", "geometry": {"type": "Polygon", "coordinates": [[[-70.903662, 42.518504], [-70.903651, 42.518472], [-70.903668, 42.518469], [-70.903654, 42.518429], [-70.903835, 42.518394], [-70.90384, 42.518408], [-70.90387, 42.518403], [-70.903893, 42.51847], [-70.903857, 42.518477], [-70.903865, 42.5185], [-70.903823, 42.518508], [-70.903828, 42.518523], [-70.903699, 42.518547], [-70.903682, 42.5185], [-70.903662, 42.518504]]]}, "properties": {"layer": "buildings", "kind": "building"}}, {"type": "Feature", "geometry": {"type": "Polygon", "coordinates": [[[-70.903828, 42.521435], [-70.903675, 42.521501], [-70.903683, 42.521511], [-70.903603, 42.521546], [-70.903567, 42.521501], [-70.903801, 42.5214], [-70.903828, 42.521435]]]}, "properties": {"layer": "buildings", "kind": "building"}}, {"type": "Feature", "geometry": {"type": "Polygon", "coordinates": [[[-70.903579, 42.519756], [-70.903529, 42.519721], [-70.903565, 42.519692], [-70.903546, 42.519679], [-70.903672, 42.519581], [-70.903748, 42.519634], [-70.903681, 42.519686], [-70.903741, 42.519728], [-70.903705, 42.519756], [-70.903748, 42.519811], [-70.903684, 42.519838], [-70.903637, 42.519776], [-70.903667, 42.519764], [-70.903616, 42.519727], [-70.903579, 42.519756]]]}, "properties": {"layer": "buildings", "kind": "building"}}, {"type": "Feature", "geometry": {"type": "Polygon", "coordinates": [[[-70.903824, 42.520257], [-70.903756, 42.520287], [-70.903686, 42.520199], [-70.903754, 42.520169], [-70.903824, 42.520257]]]}, "properties": {"layer": "buildings", "kind": "building"}}, {"type": "Feature", "geometry": {"type": "Polygon", "coordinates": [[[-70.903834, 42.515812], [-70.903826, 42.51583], [-70.903861, 42.515838], [-70.903848, 42.515868], [-70.903814, 42.51586], [-70.9038, 42.515891], [-70.903701, 42.515868], [-70.903735, 42.515789], [-70.903834, 42.515812]]]}, "properties": {"layer": "buildings", "kind": "building"}}, {"type": "Feature", "geometry": {"type": "Polygon", "coordinates": [[[-70.903715, 42.520253], [-70.903586, 42.52031], [-70.903545, 42.520259], [-70.903673, 42.520202], [-70.903715, 42.520253]]]}, "properties": {"layer": "buildings", "kind": "building"}}, {"type": "Feature", "geometry": {"type": "Polygon", "coordinates": [[[-70.903721, 42.516075], [-70.903665, 42.516156], [-70.903579, 42.516123], [-70.903618, 42.516067], [-70.903605, 42.516062], [-70.903622, 42.516038], [-70.903721, 42.516075]]]}, "properties": {"layer": "buildings", "kind": "building"}}, {"type": "Feature", "geometry": {"type": "Polygon", "coordinates": [[[-70.903825, 42.521901], [-70.903637, 42.521989], [-70.903556, 42.521895], [-70.903744, 42.521806], [-70.903825, 42.521901]]]}, "properties": {"layer": "buildings", "kind": "building"}}, {"type": "Feature", "geometry": {"type": "Polygon", "coordinates": [[[-70.903682, 42.5159], [-70.903687, 42.51589], [-70.903794, 42.515915], [-70.903762, 42.515989], [-70.903628, 42.515957], [-70.903656, 42.515894], [-70.903682, 42.5159]]]}, "properties": {"layer": "buildings", "kind": "building"}}, {"type": "Feature", "geometry": {"type": "Polygon", "coordinates": [[[-70.903995, 42.52163], [-70.903843, 42.521698], [-70.903772, 42.521612], [-70.903924, 42.521544], [-70.903995, 42.52163]]]}, "properties": {"layer": "buildings", "kind": "building"}}, {"type": "Feature", "geometry": {"type": "Polygon", "coordinates": [[[-70.903763, 42.515688], [-70.903775, 42.515659], [-70.903947, 42.515701], [-70.903911, 42.51578], [-70.903721, 42.515734], [-70.903743, 42.515683], [-70.903763, 42.515688]]]}, "properties": {"layer": "buildings", "kind": "building"}}, {"type": "Feature", "geometry": {"type": "Polygon", "coordinates": [[[-70.903799, 42.516034], [-70.903779, 42.516061], [-70.903725, 42.516038], [-70.903745, 42.516012], [-70.903799, 42.516034]]]}, "properties": {"layer": "buildings", "kind": "building"}}, {"type": "Feature", "geometry": {"type": "Polygon", "coordinates": [[[-70.903784, 42.517067], [-70.903736, 42.517099], [-70.903678, 42.51705], [-70.903726, 42.517018], [-70.903784, 42.517067]]]}, "properties": {"layer": "buildings", "kind": "building"}}, {"type": "Feature", "geometry": {"type": "Polygon", "coordinates": [[[-70.904031, 42.521685], [-70.90414, 42.521814], [-70.904078, 42.521842], [-70.904042, 42.5218], [-70.903891, 42.52187], [-70.903818, 42.521783], [-70.904031, 42.521685]]]}, "properties": {"layer": "buildings", "kind": "building"}}, {"type": "Feature", "geometry": {"type": "Polygon", "coordinates": [[[-70.903691, 42.520897], [-70.90372, 42.520884], [-70.903821, 42.521013], [-70.903776, 42.521032], [-70.903763, 42.521016], [-70.903708, 42.52104], [-70.903654, 42.52097], [-70.903607, 42.52099], [-70.903545, 42.520911], [-70.903662, 42.52086], [-70.903691, 42.520897]]]}, "properties": {"layer": "buildings", "kind": "building"}}, {"type": "Feature", "geometry": {"type": "Polygon", "coordinates": [[[-70.903871, 42.520329], [-70.903813, 42.520356], [-70.90377, 42.520305], [-70.903828, 42.520278], [-70.903871, 42.520329]]]}, "properties": {"layer": "buildings", "kind": "building"}}, {"type": "Feature", "geometry": {"type": "Polygon", "coordinates": [[[-70.903925, 42.517276], [-70.90395, 42.51726], [-70.904043, 42.51734], [-70.903931, 42.517412], [-70.903872, 42.517361], [-70.90388, 42.517356], [-70.903831, 42.517313], [-70.90391, 42.517263], [-70.903925, 42.517276]]]}, "properties": {"layer": "buildings", "kind": "building"}}, {"type": "Feature", "geometry": {"type": "Polygon", "coordinates": [[[-70.903899, 42.520443], [-70.903968, 42.520528], [-70.903833, 42.520588], [-70.903799, 42.520546], [-70.903855, 42.520522], [-70.903847, 42.520512], [-70.903872, 42.520501], [-70.903844, 42.520467], [-70.903871, 42.520455], [-70.90384, 42.520425], [-70.903867, 42.520413], [-70.903899, 42.520443]]]}, "properties": {"layer": "buildings", "kind": "building"}}, {"type": "Feature", "geometry": {"type": "Polygon", "coordinates": [[[-70.903844, 42.518721], [-70.903848, 42.518735], [-70.903864, 42.518733], [-70.903871, 42.518758], [-70.903855, 42.518761], [-70.903882, 42.518858], [-70.903796, 42.518871], [-70.903758, 42.518734], [-70.903844, 42.518721]]]}, "properties": {"layer": "buildings", "kind": "building"}}, {"type": "Feature", "geometry": {"type": "Polygon", "coordinates": [[[-70.903955, 42.518353], [-70.903886, 42.518381], [-70.903849, 42.518332], [-70.903918, 42.518304], [-70.903955, 42.518353]]]}, "properties": {"layer": "buildings", "kind": "building"}}, {"type": "Feature", "geometry": {"type": "Polygon", "coordinates": [[[-70.903946, 42.51547], [-70.903905, 42.515579], [-70.903795, 42.515557], [-70.903835, 42.515448], [-70.903946, 42.51547]]]}, "properties": {"layer": "buildings", "kind": "building"}}, {"type": "Feature", "geometry": {"type": "Polygon", "coordinates": [[[-70.904044, 42.52132], [-70.904137, 42.521277], [-70.904163, 42.521307], [-70.903937, 42.521412], [-70.903896, 42.521364], [-70.904029, 42.521302], [-70.904044, 42.52132]]]}, "properties": {"layer": "buildings", "kind": "building"}}, {"type": "Feature", "geometry": {"type": "Polygon", "coordinates": [[[-70.903976, 42.515619], [-70.903956, 42.515667], [-70.903921, 42.515658], [-70.90394, 42.515611], [-70.903976, 42.515619]]]}, "properties": {"layer": "buildings", "kind": "building"}}, {"type": "Feature", "geometry": {"type": "Polygon", "coordinates": [[[-70.903987, 42.519592], [-70.903941, 42.519619], [-70.903891, 42.519573], [-70.903937, 42.519546], [-70.903987, 42.519592]]]}, "properties": {"layer": "buildings", "kind": "building"}}, {"type": "Feature", "geometry": {"type": "Polygon", "coordinates": [[[-70.903806, 42.518614], [-70.903802, 42.518601], [-70.90388, 42.518588], [-70.903884, 42.518602], [-70.903921, 42.518595], [-70.903949, 42.518663], [-70.903908, 42.51867], [-70.903914, 42.51869], [-70.903833, 42.518704], [-70.90383, 42.518693], [-70.903752, 42.518707], [-70.903728, 42.518627], [-70.903806, 42.518614]]]}, "properties": {"layer": "buildings", "kind": "building"}}, {"type": "Feature", "geometry": {"type": "Polygon", "coordinates": [[[-70.903925, 42.516353], [-70.90396, 42.5164], [-70.903839, 42.516449], [-70.903762, 42.516345], [-70.903838, 42.516314], [-70.90388, 42.516324], [-70.903907, 42.51636], [-70.903925, 42.516353]]]}, "properties": {"layer": "buildings", "kind": "building"}}, {"type": "Feature", "geometry": {"type": "Polygon", "coordinates": [[[-70.904044, 42.519493], [-70.904014, 42.519519], [-70.903965, 42.519489], [-70.903896, 42.51955], [-70.903849, 42.519521], [-70.903863, 42.519508], [-70.903792, 42.519465], [-70.903911, 42.51936], [-70.904027, 42.519431], [-70.903992, 42.519461], [-70.904044, 42.519493]]]}, "properties": {"layer": "buildings", "kind": "building"}}, {"type": "Feature", "geometry": {"type": "Polygon", "coordinates": [[[-70.904006, 42.516217], [-70.903985, 42.516189], [-70.904044, 42.516164], [-70.904066, 42.516193], [-70.904087, 42.516184], [-70.904177, 42.516301], [-70.904144, 42.516315], [-70.904154, 42.516329], [-70.904107, 42.516348], [-70.904098, 42.516336], [-70.904065, 42.516349], [-70.903975, 42.51623], [-70.904006, 42.516217]]]}, "properties": {"layer": "buildings", "kind": "building"}}, {"type": "Feature", "geometry": {"type": "Polygon", "coordinates": [[[-70.90416, 42.517938], [-70.904209, 42.517982], [-70.904181, 42.517999], [-70.904206, 42.518022], [-70.904082, 42.518097], [-70.904067, 42.518084], [-70.904037, 42.518103], [-70.903977, 42.518049], [-70.90416, 42.517938]]]}, "properties": {"layer": "buildings", "kind": "building"}}, {"type": "Feature", "geometry": {"type": "Polygon", "coordinates": [[[-70.903958, 42.521207], [-70.903978, 42.521198], [-70.904004, 42.521233], [-70.903849, 42.521298], [-70.903823, 42.521263], [-70.903883, 42.521238], [-70.903866, 42.521215], [-70.903941, 42.521184], [-70.903958, 42.521207]]]}, "properties": {"layer": "buildings", "kind": "building"}}, {"type": "Feature", "geometry": {"type": "Polygon", "coordinates": [[[-70.903945, 42.518895], [-70.903979, 42.518868], [-70.904051, 42.518918], [-70.903938, 42.519009], [-70.903873, 42.519051], [-70.903811, 42.518935], [-70.90389, 42.518911], [-70.903927, 42.518882], [-70.903945, 42.518895]]]}, "properties": {"layer": "buildings", "kind": "building"}}, {"type": "Feature", "geometry": {"type": "Polygon", "coordinates": [[[-70.904114, 42.520428], [-70.904068, 42.520447], [-70.904077, 42.520459], [-70.904035, 42.520477], [-70.904026, 42.520465], [-70.903979, 42.520485], [-70.903884, 42.520362], [-70.903979, 42.520322], [-70.903993, 42.520341], [-70.904033, 42.520324], [-70.904114, 42.520428]]]}, "properties": {"layer": "buildings", "kind": "building"}}, {"type": "Feature", "geometry": {"type": "Polygon", "coordinates": [[[-70.904106, 42.515902], [-70.904076, 42.515966], [-70.903985, 42.515943], [-70.904014, 42.515879], [-70.904106, 42.515902]]]}, "properties": {"layer": "buildings", "kind": "building"}}, {"type": "Feature", "geometry": {"type": "Polygon", "coordinates": [[[-70.904238, 42.521448], [-70.904364, 42.521393], [-70.904405, 42.521445], [-70.904111, 42.521574], [-70.904018, 42.521459], [-70.904187, 42.521385], [-70.904238, 42.521448]]]}, "properties": {"layer": "buildings", "kind": "building"}}, {"type": "Feature", "geometry": {"type": "Polygon", "coordinates": [[[-70.904127, 42.516133], [-70.904059, 42.516161], [-70.90402, 42.516108], [-70.904088, 42.516081], [-70.904127, 42.516133]]]}, "properties": {"layer": "buildings", "kind": "building"}}, {"type": "Feature", "geometry": {"type": "Polygon", "coordinates": [[[-70.904022, 42.515829], [-70.903999, 42.515879], [-70.90394, 42.515864], [-70.903963, 42.515814], [-70.904022, 42.515829]]]}, "properties": {"layer": "buildings", "kind": "building"}}, {"type": "Feature", "geometry": {"type": "Polygon", "coordinates": [[[-70.904073, 42.518239], [-70.904013, 42.518261], [-70.903979, 42.518211], [-70.90404, 42.518189], [-70.904073, 42.518239]]]}, "properties": {"layer": "buildings", "kind": "building"}}, {"type": "Feature", "geometry": {"type": "Polygon", "coordinates": [[[-70.904128, 42.518536], [-70.904083, 42.518555], [-70.904046, 42.518507], [-70.904091, 42.518488], [-70.904128, 42.518536]]]}, "properties": {"layer": "buildings", "kind": "building"}}, {"type": "Feature", "geometry": {"type": "Polygon", "coordinates": [[[-70.90405, 42.519749], [-70.90397, 42.519781], [-70.903909, 42.519697], [-70.903988, 42.519665], [-70.90405, 42.519749]]]}, "properties": {"layer": "buildings", "kind": "building"}}, {"type": "Feature", "geometry": {"type": "Polygon", "coordinates": [[[-70.904065, 42.519241], [-70.904051, 42.519233], [-70.904078, 42.519208], [-70.904092, 42.519216], [-70.904135, 42.519176], [-70.904206, 42.519217], [-70.904197, 42.519226], [-70.904274, 42.519271], [-70.904242, 42.519301], [-70.904221, 42.519288], [-70.904155, 42.51935], [-70.904028, 42.519276], [-70.904065, 42.519241]]]}, "properties": {"layer": "buildings", "kind": "building"}}, {"type": "Feature", "geometry": {"type": "Polygon", "coordinates": [[[-70.904108, 42.520056], [-70.903982, 42.5201], [-70.903932, 42.520022], [-70.904058, 42.519978], [-70.904108, 42.520056]]]}, "properties": {"layer": "buildings", "kind": "building"}}, {"type": "Feature", "geometry": {"type": "Polygon", "coordinates": [[[-70.904286, 42.517743], [-70.904193, 42.517801], [-70.904078, 42.517699], [-70.904172, 42.517642], [-70.904286, 42.517743]]]}, "properties": {"layer": "buildings", "kind": "building"}}, {"type": "Feature", "geometry": {"type": "Polygon", "coordinates": [[[-70.904157, 42.521181], [-70.904106, 42.521203], [-70.904083, 42.521173], [-70.904135, 42.521152], [-70.904157, 42.521181]]]}, "properties": {"layer": "buildings", "kind": "building"}}, {"type": "Feature", "geometry": {"type": "Polygon", "coordinates": [[[-70.904229, 42.517171], [-70.90409, 42.51726], [-70.903972, 42.517158], [-70.904111, 42.51707], [-70.904229, 42.517171]]]}, "properties": {"layer": "buildings", "kind": "building"}}, {"type": "Feature", "geometry": {"type": "Polygon", "coordinates": [[[-70.904114, 42.518681], [-70.904145, 42.518658], [-70.904243, 42.518729], [-70.904118, 42.518823], [-70.904021, 42.518753], [-70.904063, 42.518721], [-70.904012, 42.518683], [-70.904063, 42.518644], [-70.904114, 42.518681]]]}, "properties": {"layer": "buildings", "kind": "building"}}, {"type": "Feature", "geometry": {"type": "Polygon", "coordinates": [[[-70.903891, 42.520936], [-70.903779, 42.520807], [-70.903833, 42.520782], [-70.903825, 42.520772], [-70.90386, 42.520755], [-70.903869, 42.520765], [-70.903932, 42.520735], [-70.904029, 42.520848], [-70.904056, 42.520835], [-70.904124, 42.520913], [-70.904059, 42.520944], [-70.903991, 42.520865], [-70.903905, 42.520906], [-70.903943, 42.52095], [-70.90393, 42.520956], [-70.903922, 42.520948], [-70.903893, 42.520961], [-70.903877, 42.520943], [-70.903891, 42.520936]]]}, "properties": {"layer": "buildings", "kind": "building"}}, {"type": "Feature", "geometry": {"type": "Polygon", "coordinates": [[[-70.904149, 42.51551], [-70.904107, 42.515611], [-70.904012, 42.515589], [-70.904054, 42.515489], [-70.904149, 42.51551]]]}, "properties": {"layer": "buildings", "kind": "building"}}, {"type": "Feature", "geometry": {"type": "Polygon", "coordinates": [[[-70.904175, 42.515668], [-70.904154, 42.515717], [-70.904087, 42.515701], [-70.904109, 42.515652], [-70.904175, 42.515668]]]}, "properties": {"layer": "buildings", "kind": "building"}}, {"type": "Feature", "geometry": {"type": "Polygon", "coordinates": [[[-70.90417, 42.520764], [-70.904083, 42.520664], [-70.904169, 42.520623], [-70.904303, 42.520777], [-70.904245, 42.520805], [-70.904197, 42.520751], [-70.90417, 42.520764]]]}, "properties": {"layer": "buildings", "kind": "building"}}, {"type": "Feature", "geometry": {"type": "Polygon", "coordinates": [[[-70.904312, 42.51556], [-70.904277, 42.515644], [-70.904179, 42.515621], [-70.904214, 42.515537], [-70.904312, 42.51556]]]}, "properties": {"layer": "buildings", "kind": "building"}}, {"type": "Feature", "geometry": {"type": "Polygon", "coordinates": [[[-70.904199, 42.519809], [-70.904064, 42.519857], [-70.904021, 42.51979], [-70.904157, 42.519743], [-70.904199, 42.519809]]]}, "properties": {"layer": "buildings", "kind": "building"}}, {"type": "Feature", "geometry": {"type": "Polygon", "coordinates": [[[-70.904436, 42.517682], [-70.904356, 42.517732], [-70.904222, 42.517615], [-70.904302, 42.517565], [-70.904436, 42.517682]]]}, "properties": {"layer": "buildings", "kind": "building"}}, {"type": "Feature", "geometry": {"type": "Polygon", "coordinates": [[[-70.904224, 42.520896], [-70.90427, 42.520875], [-70.904323, 42.520939], [-70.904193, 42.520999], [-70.90414, 42.520935], [-70.904182, 42.520916], [-70.904175, 42.520908], [-70.904218, 42.520888], [-70.904224, 42.520896]]]}, "properties": {"layer": "buildings", "kind": "building"}}, {"type": "Feature", "geometry": {"type": "Polygon", "coordinates": [[[-70.904285, 42.51998], [-70.904195, 42.520006], [-70.90414, 42.519904], [-70.90423, 42.519878], [-70.904285, 42.51998]]]}, "properties": {"layer": "buildings", "kind": "building"}}, {"type": "Feature", "geometry": {"type": "Polygon", "coordinates": [[[-70.904376, 42.518214], [-70.904293, 42.518266], [-70.904171, 42.518159], [-70.904254, 42.518107], [-70.904376, 42.518214]]]}, "properties": {"layer": "buildings", "kind": "building"}}, {"type": "Feature", "geometry": {"type": "Polygon", "coordinates": [[[-70.904149, 42.52031], [-70.904079, 42.520222], [-70.904131, 42.5202], [-70.904201, 42.520288], [-70.904225, 42.520277], [-70.904291, 42.52036], [-70.904233, 42.520385], [-70.904167, 42.520302], [-70.904149, 42.52031]]]}, "properties": {"layer": "buildings", "kind": "building"}}, {"type": "Feature", "geometry": {"type": "Polygon", "coordinates": [[[-70.904196, 42.521739], [-70.90414, 42.52167], [-70.904262, 42.521616], [-70.904318, 42.521684], [-70.904297, 42.521693], [-70.904328, 42.521731], [-70.904247, 42.521767], [-70.904217, 42.52173], [-70.904196, 42.521739]]]}, "properties": {"layer": "buildings", "kind": "building"}}, {"type": "Feature", "geometry": {"type": "Polygon", "coordinates": [[[-70.904218, 42.516232], [-70.90418, 42.51618], [-70.904209, 42.516169], [-70.904221, 42.516185], [-70.904306, 42.516151], [-70.904361, 42.516226], [-70.904264, 42.516264], [-70.904235, 42.516225], [-70.904218, 42.516232]]]}, "properties": {"layer": "buildings", "kind": "building"}}, {"type": "Feature", "geometry": {"type": "Polygon", "coordinates": [[[-70.90445, 42.521628], [-70.90437, 42.521665], [-70.904308, 42.52159], [-70.904389, 42.521553], [-70.90445, 42.521628]]]}, "properties": {"layer": "buildings", "kind": "building"}}, {"type": "Feature", "geometry": {"type": "Polygon", "coordinates": [[[-70.904319, 42.51912], [-70.904378, 42.51916], [-70.904361, 42.519174], [-70.904424, 42.519216], [-70.904353, 42.519274], [-70.904167, 42.519148], [-70.904259, 42.519074], [-70.9043, 42.519101], [-70.904286, 42.519113], [-70.904309, 42.519129], [-70.904319, 42.51912]]]}, "properties": {"layer": "buildings", "kind": "building"}}, {"type": "Feature", "geometry": {"type": "Polygon", "coordinates": [[[-70.904354, 42.515817], [-70.904324, 42.515881], [-70.904232, 42.515858], [-70.904262, 42.515793], [-70.904354, 42.515817]]]}, "properties": {"layer": "buildings", "kind": "building"}}, {"type": "Feature", "geometry": {"type": "Polygon", "coordinates": [[[-70.904338, 42.515912], [-70.904324, 42.515945], [-70.904347, 42.515951], [-70.904324, 42.516004], [-70.904167, 42.515967], [-70.904203, 42.515881], [-70.904338, 42.515912]]]}, "properties": {"layer": "buildings", "kind": "building"}}, {"type": "Feature", "geometry": {"type": "Polygon", "coordinates": [[[-70.904508, 42.517874], [-70.904527, 42.517891], [-70.904475, 42.517922], [-70.904456, 42.517905], [-70.904352, 42.517968], [-70.90431, 42.51793], [-70.90442, 42.517863], [-70.904409, 42.517853], [-70.904485, 42.517817], [-70.904532, 42.517859], [-70.904508, 42.517874]]]}, "properties": {"layer": "buildings", "kind": "building"}}, {"type": "Feature", "geometry": {"type": "Polygon", "coordinates": [[[-70.904237, 42.519408], [-70.904331, 42.519372], [-70.904363, 42.519417], [-70.904168, 42.519492], [-70.904127, 42.519433], [-70.904228, 42.519395], [-70.904237, 42.519408]]]}, "properties": {"layer": "buildings", "kind": "building"}}, {"type": "Feature", "geometry": {"type": "Polygon", "coordinates": [[[-70.904273, 42.518473], [-70.904215, 42.518397], [-70.904259, 42.518379], [-70.904297, 42.518428], [-70.904311, 42.518421], [-70.904368, 42.518489], [-70.904468, 42.518564], [-70.904415, 42.518603], [-70.904373, 42.518571], [-70.904364, 42.518578], [-70.904337, 42.518558], [-70.904347, 42.518552], [-70.904322, 42.518532], [-70.904265, 42.518556], [-70.904219, 42.518496], [-70.904273, 42.518473]]]}, "properties": {"layer": "buildings", "kind": "building"}}, {"type": "Feature", "geometry": {"type": "Polygon", "coordinates": [[[-70.904463, 42.517532], [-70.904454, 42.517538], [-70.904464, 42.517546], [-70.904388, 42.517596], [-70.904306, 42.517528], [-70.904391, 42.517473], [-70.904463, 42.517532]]]}, "properties": {"layer": "buildings", "kind": "building"}}, {"type": "Feature", "geometry": {"type": "Polygon", "coordinates": [[[-70.904507, 42.519074], [-70.904577, 42.519116], [-70.904552, 42.519139], [-70.904619, 42.51918], [-70.904569, 42.519224], [-70.904273, 42.519045], [-70.904388, 42.518941], [-70.904494, 42.519005], [-70.904477, 42.51902], [-70.904531, 42.519053], [-70.904507, 42.519074]]]}, "properties": {"layer": "buildings", "kind": "building"}}, {"type": "Feature", "geometry": {"type": "Polygon", "coordinates": [[[-70.904448, 42.52085], [-70.904392, 42.520881], [-70.904349, 42.52084], [-70.904405, 42.520808], [-70.904448, 42.52085]]]}, "properties": {"layer": "buildings", "kind": "building"}}, {"type": "Feature", "geometry": {"type": "Polygon", "coordinates": [[[-70.904398, 42.520171], [-70.904409, 42.520166], [-70.904493, 42.520265], [-70.904348, 42.520332], [-70.904252, 42.520218], [-70.904386, 42.520156], [-70.904398, 42.520171]]]}, "properties": {"layer": "buildings", "kind": "building"}}, {"type": "Feature", "geometry": {"type": "Polygon", "coordinates": [[[-70.904213, 42.520607], [-70.904347, 42.520546], [-70.904419, 42.520633], [-70.904438, 42.520625], [-70.904477, 42.520671], [-70.904415, 42.520699], [-70.904383, 42.52066], [-70.904365, 42.520668], [-70.904331, 42.520627], [-70.904257, 42.52066], [-70.904213, 42.520607]]]}, "properties": {"layer": "buildings", "kind": "building"}}, {"type": "Feature", "geometry": {"type": "Polygon", "coordinates": [[[-70.90357, 42.524042], [-70.903193, 42.524287], [-70.903089, 42.524199], [-70.90333, 42.524051], [-70.903355, 42.524073], [-70.903686, 42.52387], [-70.90366, 42.523847], [-70.904132, 42.523563], [-70.904131, 42.523401], [-70.904408, 42.523255], [-70.904488, 42.523338], [-70.904605, 42.523275], [-70.904664, 42.523294], [-70.904695, 42.523326], [-70.904617, 42.523367], [-70.904686, 42.523438], [-70.904897, 42.523325], [-70.904877, 42.523304], [-70.904847, 42.52332], [-70.9048, 42.523271], [-70.90498, 42.523176], [-70.905026, 42.523223], [-70.905014, 42.523229], [-70.905034, 42.523249], [-70.905051, 42.52324], [-70.905362, 42.523558], [-70.904592, 42.523971], [-70.904691, 42.524066], [-70.9046, 42.524119], [-70.904449, 42.523975], [-70.904418, 42.523993], [-70.904303, 42.523883], [-70.90427, 42.523903], [-70.90408, 42.523741], [-70.903761, 42.523936], [-70.90397, 42.524111], [-70.904059, 42.524053], [-70.904308, 42.524262], [-70.904208, 42.524316], [-70.904101, 42.524223], [-70.903974, 42.524287], [-70.903741, 42.524087], [-70.903673, 42.52413], [-70.90357, 42.524042]]]}, "properties": {"layer": "buildings", "kind": "building"}}, {"type": "Feature", "geometry": {"type": "Polygon", "coordinates": [[[-70.904412, 42.515681], [-70.90444, 42.515688], [-70.90442, 42.515733], [-70.904293, 42.515704], [-70.904356, 42.515549], [-70.90445, 42.51557], [-70.904441, 42.515592], [-70.90445, 42.5156], [-70.904452, 42.515614], [-70.904445, 42.515623], [-70.904432, 42.515629], [-70.904412, 42.515681]]]}, "properties": {"layer": "buildings", "kind": "building"}}, {"type": "Feature", "geometry": {"type": "Polygon", "coordinates": [[[-70.904505, 42.516934], [-70.90449, 42.516944], [-70.904532, 42.51698], [-70.904414, 42.517057], [-70.904312, 42.516971], [-70.904352, 42.516945], [-70.904325, 42.516922], [-70.904385, 42.516884], [-70.904447, 42.516936], [-70.904481, 42.516914], [-70.904505, 42.516934]]]}, "properties": {"layer": "buildings", "kind": "building"}}, {"type": "Feature", "geometry": {"type": "Polygon", "coordinates": [[[-70.904506, 42.516629], [-70.904471, 42.51665], [-70.904437, 42.516621], [-70.904472, 42.516599], [-70.904506, 42.516629]]]}, "properties": {"layer": "buildings", "kind": "building"}}, {"type": "Feature", "geometry": {"type": "Polygon", "coordinates": [[[-70.904555, 42.51882], [-70.90459, 42.518791], [-70.904687, 42.518853], [-70.904589, 42.518937], [-70.904492, 42.518874], [-70.904525, 42.518846], [-70.904506, 42.518834], [-70.904537, 42.518808], [-70.904555, 42.51882]]]}, "properties": {"layer": "buildings", "kind": "building"}}, {"type": "Feature", "geometry": {"type": "Polygon", "coordinates": [[[-70.904683, 42.516567], [-70.904692, 42.516574], [-70.904622, 42.516621], [-70.904651, 42.516645], [-70.904623, 42.516663], [-70.904516, 42.516575], [-70.904615, 42.516509], [-70.904636, 42.516526], [-70.904651, 42.516516], [-70.9047, 42.516556], [-70.904683, 42.516567]]]}, "properties": {"layer": "buildings", "kind": "building"}}, {"type": "Feature", "geometry": {"type": "Polygon", "coordinates": [[[-70.904523, 42.521687], [-70.904458, 42.521716], [-70.904414, 42.521663], [-70.904479, 42.521633], [-70.904523, 42.521687]]]}, "properties": {"layer": "buildings", "kind": "building"}}, {"type": "Feature", "geometry": {"type": "Polygon", "coordinates": [[[-70.904597, 42.51801], [-70.90453, 42.51805], [-70.904448, 42.517975], [-70.904515, 42.517935], [-70.904597, 42.51801]]]}, "properties": {"layer": "buildings", "kind": "building"}}, {"type": "Feature", "geometry": {"type": "Polygon", "coordinates": [[[-70.90438, 42.516109], [-70.904364, 42.51609], [-70.904421, 42.516066], [-70.904436, 42.516086], [-70.904454, 42.516078], [-70.904504, 42.516143], [-70.904533, 42.516131], [-70.90456, 42.516166], [-70.904531, 42.516178], [-70.904537, 42.516186], [-70.904443, 42.516225], [-70.90436, 42.516117], [-70.90438, 42.516109]]]}, "properties": {"layer": "buildings", "kind": "building"}}, {"type": "Feature", "geometry": {"type": "Polygon", "coordinates": [[[-70.904615, 42.520776], [-70.904542, 42.520808], [-70.904498, 42.520754], [-70.904571, 42.520722], [-70.904615, 42.520776]]]}, "properties": {"layer": "buildings", "kind": "building"}}, {"type": "Feature", "geometry": {"type": "Polygon", "coordinates": [[[-70.904726, 42.517972], [-70.904647, 42.518012], [-70.904586, 42.517946], [-70.904665, 42.517906], [-70.904726, 42.517972]]]}, "properties": {"layer": "buildings", "kind": "building"}}, {"type": "Feature", "geometry": {"type": "Polygon", "coordinates": [[[-70.904701, 42.517395], [-70.904588, 42.517468], [-70.904513, 42.517404], [-70.904626, 42.517331], [-70.904701, 42.517395]]]}, "properties": {"layer": "buildings", "kind": "building"}}, {"type": "Feature", "geometry": {"type": "Polygon", "coordinates": [[[-70.904608, 42.521547], [-70.904621, 42.521542], [-70.904653, 42.521583], [-70.904595, 42.521609], [-70.904589, 42.521602], [-70.90454, 42.521623], [-70.904459, 42.52152], [-70.90454, 42.521485], [-70.90457, 42.521523], [-70.904584, 42.521517], [-70.904608, 42.521547]]]}, "properties": {"layer": "buildings", "kind": "building"}}, {"type": "Feature", "geometry": {"type": "Polygon", "coordinates": [[[-70.904607, 42.520119], [-70.90465, 42.5201], [-70.904659, 42.52011], [-70.904745, 42.520071], [-70.904768, 42.520099], [-70.904717, 42.520122], [-70.904752, 42.520163], [-70.904719, 42.520178], [-70.904725, 42.520186], [-70.9047, 42.520198], [-70.904693, 42.52019], [-70.904648, 42.52021], [-70.904619, 42.520175], [-70.904601, 42.520183], [-70.904574, 42.520151], [-70.904617, 42.520131], [-70.904607, 42.520119]]]}, "properties": {"layer": "buildings", "kind": "building"}}, {"type": "Feature", "geometry": {"type": "Polygon", "coordinates": [[[-70.904577, 42.520536], [-70.904607, 42.520574], [-70.904569, 42.520591], [-70.904539, 42.520553], [-70.904515, 42.520564], [-70.904439, 42.520469], [-70.904581, 42.520406], [-70.904657, 42.520501], [-70.904644, 42.520507], [-70.904698, 42.520573], [-70.904656, 42.520592], [-70.904602, 42.520525], [-70.904577, 42.520536]]]}, "properties": {"layer": "buildings", "kind": "building"}}, {"type": "Feature", "geometry": {"type": "Polygon", "coordinates": [[[-70.904643, 42.519345], [-70.904444, 42.519429], [-70.904407, 42.519381], [-70.904605, 42.519297], [-70.904643, 42.519345]]]}, "properties": {"layer": "buildings", "kind": "building"}}, {"type": "Feature", "geometry": {"type": "Polygon", "coordinates": [[[-70.904716, 42.515833], [-70.904664, 42.515951], [-70.904572, 42.515929], [-70.904623, 42.515811], [-70.904716, 42.515833]]]}, "properties": {"layer": "buildings", "kind": "building"}}, {"type": "Feature", "geometry": {"type": "Polygon", "coordinates": [[[-70.904626, 42.517915], [-70.904591, 42.517935], [-70.904552, 42.517896], [-70.904587, 42.517877], [-70.904626, 42.517915]]]}, "properties": {"layer": "buildings", "kind": "building"}}, {"type": "Feature", "geometry": {"type": "Polygon", "coordinates": [[[-70.904584, 42.516825], [-70.904555, 42.516799], [-70.90464, 42.516745], [-70.904752, 42.516842], [-70.904764, 42.516835], [-70.904792, 42.516859], [-70.90468, 42.51693], [-70.904568, 42.516835], [-70.904584, 42.516825]]]}, "properties": {"layer": "buildings", "kind": "building"}}, {"type": "Feature", "geometry": {"type": "Polygon", "coordinates": [[[-70.904657, 42.518164], [-70.904672, 42.518174], [-70.904703, 42.518149], [-70.904784, 42.518203], [-70.904813, 42.518179], [-70.904878, 42.518222], [-70.904759, 42.518319], [-70.904697, 42.518277], [-70.90471, 42.518267], [-70.904645, 42.518223], [-70.904664, 42.518208], [-70.904631, 42.518186], [-70.904657, 42.518164]]]}, "properties": {"layer": "buildings", "kind": "building"}}, {"type": "Feature", "geometry": {"type": "Polygon", "coordinates": [[[-70.904574, 42.518303], [-70.904564, 42.518311], [-70.904684, 42.518392], [-70.904593, 42.518467], [-70.904401, 42.518337], [-70.904503, 42.518255], [-70.904574, 42.518303]]]}, "properties": {"layer": "buildings", "kind": "building"}}, {"type": "Feature", "geometry": {"type": "Polygon", "coordinates": [[[-70.904749, 42.516082], [-70.904645, 42.516118], [-70.904595, 42.516032], [-70.9047, 42.515998], [-70.904749, 42.516082]]]}, "properties": {"layer": "buildings", "kind": "building"}}, {"type": "Feature", "geometry": {"type": "Polygon", "coordinates": [[[-70.90464, 42.519951], [-70.904653, 42.519971], [-70.90472, 42.519948], [-70.904743, 42.519984], [-70.904699, 42.519999], [-70.904704, 42.520009], [-70.90468, 42.520017], [-70.904695, 42.520039], [-70.904626, 42.520063], [-70.904616, 42.520047], [-70.904554, 42.520068], [-70.904509, 42.519996], [-70.90464, 42.519951]]]}, "properties": {"layer": "buildings", "kind": "building"}}, {"type": "Feature", "geometry": {"type": "Polygon", "coordinates": [[[-70.904756, 42.52145], [-70.904627, 42.521504], [-70.904594, 42.52146], [-70.904723, 42.521407], [-70.904756, 42.52145]]]}, "properties": {"layer": "buildings", "kind": "building"}}, {"type": "Feature", "geometry": {"type": "Polygon", "coordinates": [[[-70.904656, 42.515613], [-70.904768, 42.515641], [-70.904761, 42.515656], [-70.904772, 42.515659], [-70.904745, 42.515718], [-70.904731, 42.515715], [-70.904724, 42.515728], [-70.904615, 42.5157], [-70.904656, 42.515613]]]}, "properties": {"layer": "buildings", "kind": "building"}}, {"type": "Feature", "geometry": {"type": "Polygon", "coordinates": [[[-70.904933, 42.521296], [-70.90481, 42.521364], [-70.904739, 42.521295], [-70.904862, 42.521227], [-70.904933, 42.521296]]]}, "properties": {"layer": "buildings", "kind": "building"}}, {"type": "Feature", "geometry": {"type": "Polygon", "coordinates": [[[-70.904782, 42.518104], [-70.904719, 42.518121], [-70.904684, 42.518051], [-70.904747, 42.518034], [-70.904782, 42.518104]]]}, "properties": {"layer": "buildings", "kind": "building"}}, {"type": "Feature", "geometry": {"type": "Polygon", "coordinates": [[[-70.904754, 42.517609], [-70.904674, 42.517649], [-70.904622, 42.517593], [-70.904702, 42.517553], [-70.904754, 42.517609]]]}, "properties": {"layer": "buildings", "kind": "building"}}, {"type": "Feature", "geometry": {"type": "Polygon", "coordinates": [[[-70.904736, 42.521542], [-70.90471, 42.521514], [-70.904841, 42.521451], [-70.904898, 42.521516], [-70.904782, 42.521571], [-70.90475, 42.521535], [-70.904736, 42.521542]]]}, "properties": {"layer": "buildings", "kind": "building"}}, {"type": "Feature", "geometry": {"type": "Polygon", "coordinates": [[[-70.90481, 42.51899], [-70.904706, 42.519025], [-70.90468, 42.518984], [-70.904784, 42.518948], [-70.90481, 42.51899]]]}, "properties": {"layer": "buildings", "kind": "building"}}, {"type": "Feature", "geometry": {"type": "Polygon", "coordinates": [[[-70.904839, 42.516084], [-70.904801, 42.516099], [-70.904762, 42.516046], [-70.904799, 42.516031], [-70.904839, 42.516084]]]}, "properties": {"layer": "buildings", "kind": "building"}}, {"type": "Feature", "geometry": {"type": "Polygon", "coordinates": [[[-70.904905, 42.518636], [-70.904955, 42.518681], [-70.904916, 42.518705], [-70.904784, 42.51859], [-70.904827, 42.518563], [-70.904811, 42.518549], [-70.904837, 42.518532], [-70.904853, 42.518546], [-70.904869, 42.518537], [-70.90495, 42.518608], [-70.904905, 42.518636]]]}, "properties": {"layer": "buildings", "kind": "building"}}, {"type": "Feature", "geometry": {"type": "Polygon", "coordinates": [[[-70.90483, 42.521001], [-70.904816, 42.520983], [-70.904834, 42.520976], [-70.904789, 42.520918], [-70.904763, 42.520929], [-70.904744, 42.520904], [-70.904763, 42.520896], [-70.90475, 42.52088], [-70.904868, 42.52083], [-70.904974, 42.520969], [-70.904865, 42.521015], [-70.904848, 42.520994], [-70.90483, 42.521001]]]}, "properties": {"layer": "buildings", "kind": "building"}}, {"type": "Feature", "geometry": {"type": "Polygon", "coordinates": [[[-70.904948, 42.517246], [-70.904865, 42.517297], [-70.904788, 42.517228], [-70.90487, 42.517177], [-70.904948, 42.517246]]]}, "properties": {"layer": "buildings", "kind": "building"}}, {"type": "Feature", "geometry": {"type": "Polygon", "coordinates": [[[-70.904333, 42.519681], [-70.90428, 42.519606], [-70.904292, 42.519601], [-70.904243, 42.519531], [-70.904479, 42.519439], [-70.904522, 42.5195], [-70.904654, 42.51945], [-70.904638, 42.519427], [-70.904843, 42.519348], [-70.904822, 42.519319], [-70.904911, 42.519284], [-70.905063, 42.519499], [-70.904936, 42.519549], [-70.904914, 42.519517], [-70.904659, 42.519616], [-70.904667, 42.519628], [-70.904625, 42.519644], [-70.904631, 42.519653], [-70.904394, 42.519744], [-70.904346, 42.519676], [-70.904333, 42.519681]]]}, "properties": {"layer": "buildings", "kind": "building"}}, {"type": "Feature", "geometry": {"type": "Polygon", "coordinates": [[[-70.904991, 42.521454], [-70.904915, 42.521498], [-70.904838, 42.521424], [-70.904914, 42.52138], [-70.904991, 42.521454]]]}, "properties": {"layer": "buildings", "kind": "building"}}, {"type": "Feature", "geometry": {"type": "Polygon", "coordinates": [[[-70.904874, 42.519866], [-70.90493, 42.519838], [-70.905007, 42.519922], [-70.905034, 42.519909], [-70.90506, 42.519937], [-70.905069, 42.519932], [-70.905092, 42.519957], [-70.905083, 42.519961], [-70.905111, 42.519993], [-70.90502, 42.520039], [-70.904939, 42.519952], [-70.904921, 42.519961], [-70.904893, 42.519931], [-70.904921, 42.519917], [-70.904874, 42.519866]]]}, "properties": {"layer": "buildings", "kind": "building"}}, {"type": "Feature", "geometry": {"type": "Polygon", "coordinates": [[[-70.905154, 42.517605], [-70.905128, 42.517681], [-70.904922, 42.517644], [-70.904947, 42.517567], [-70.905154, 42.517605]]]}, "properties": {"layer": "buildings", "kind": "building"}}, {"type": "Feature", "geometry": {"type": "Polygon", "coordinates": [[[-70.904998, 42.521202], [-70.904922, 42.521251], [-70.904819, 42.521164], [-70.904895, 42.521115], [-70.904998, 42.521202]]]}, "properties": {"layer": "buildings", "kind": "building"}}, {"type": "Feature", "geometry": {"type": "Polygon", "coordinates": [[[-70.904954, 42.517757], [-70.904926, 42.517752], [-70.90495, 42.517682], [-70.905118, 42.517712], [-70.905095, 42.517783], [-70.905052, 42.517775], [-70.905047, 42.51779], [-70.90495, 42.517772], [-70.904954, 42.517757]]]}, "properties": {"layer": "buildings", "kind": "building"}}, {"type": "Feature", "geometry": {"type": "Polygon", "coordinates": [[[-70.904904, 42.515991], [-70.90485, 42.516014], [-70.904733, 42.515965], [-70.904806, 42.515871], [-70.904858, 42.515893], [-70.904838, 42.515918], [-70.90493, 42.515957], [-70.904904, 42.515991]]]}, "properties": {"layer": "buildings", "kind": "building"}}, {"type": "Feature", "geometry": {"type": "Polygon", "coordinates": [[[-70.904933, 42.519165], [-70.904794, 42.519224], [-70.904702, 42.519106], [-70.904841, 42.519047], [-70.904933, 42.519165]]]}, "properties": {"layer": "buildings", "kind": "building"}}, {"type": "Feature", "geometry": {"type": "Polygon", "coordinates": [[[-70.904951, 42.520021], [-70.90494, 42.520025], [-70.90497, 42.52006], [-70.904847, 42.520118], [-70.904815, 42.520081], [-70.904903, 42.52004], [-70.904875, 42.520007], [-70.904921, 42.519985], [-70.904951, 42.520021]]]}, "properties": {"layer": "buildings", "kind": "building"}}, {"type": "Feature", "geometry": {"type": "Polygon", "coordinates": [[[-70.904959, 42.515693], [-70.904906, 42.515811], [-70.9048, 42.515785], [-70.904852, 42.515667], [-70.904959, 42.515693]]]}, "properties": {"layer": "buildings", "kind": "building"}}, {"type": "Feature", "geometry": {"type": "Polygon", "coordinates": [[[-70.904752, 42.516692], [-70.904813, 42.516743], [-70.904828, 42.516733], [-70.904769, 42.516683], [-70.904825, 42.516646], [-70.90497, 42.51677], [-70.904839, 42.516854], [-70.904693, 42.51673], [-70.904752, 42.516692]]]}, "properties": {"layer": "buildings", "kind": "building"}}, {"type": "Feature", "geometry": {"type": "Polygon", "coordinates": [[[-70.904974, 42.517115], [-70.904992, 42.517103], [-70.905059, 42.51716], [-70.905041, 42.517171], [-70.90506, 42.517187], [-70.904983, 42.517237], [-70.904875, 42.517145], [-70.904952, 42.517096], [-70.904974, 42.517115]]]}, "properties": {"layer": "buildings", "kind": "building"}}, {"type": "Feature", "geometry": {"type": "Polygon", "coordinates": [[[-70.90518, 42.515832], [-70.904992, 42.515836], [-70.904989, 42.515762], [-70.905177, 42.515758], [-70.90518, 42.515832]]]}, "properties": {"layer": "buildings", "kind": "building"}}, {"type": "Feature", "geometry": {"type": "Polygon", "coordinates": [[[-70.905157, 42.52133], [-70.905085, 42.521373], [-70.905014, 42.521309], [-70.905087, 42.521266], [-70.905157, 42.52133]]]}, "properties": {"layer": "buildings", "kind": "building"}}, {"type": "Feature", "geometry": {"type": "Polygon", "coordinates": [[[-70.905079, 42.51874], [-70.904981, 42.518799], [-70.904942, 42.518764], [-70.90504, 42.518705], [-70.905079, 42.51874]]]}, "properties": {"layer": "buildings", "kind": "building"}}, {"type": "Feature", "geometry": {"type": "Polygon", "coordinates": [[[-70.904852, 42.518121], [-70.904877, 42.518099], [-70.904861, 42.518093], [-70.904896, 42.518029], [-70.904879, 42.518025], [-70.904905, 42.517969], [-70.90504, 42.517989], [-70.904967, 42.518136], [-70.904882, 42.518206], [-70.904773, 42.518134], [-70.904817, 42.518098], [-70.904852, 42.518121]]]}, "properties": {"layer": "buildings", "kind": "building"}}, {"type": "Feature", "geometry": {"type": "Polygon", "coordinates": [[[-70.905067, 42.516583], [-70.905094, 42.516566], [-70.905145, 42.516611], [-70.905116, 42.516629], [-70.905124, 42.516637], [-70.90502, 42.516702], [-70.904951, 42.516641], [-70.905058, 42.516575], [-70.905067, 42.516583]]]}, "properties": {"layer": "buildings", "kind": "building"}}, {"type": "Feature", "geometry": {"type": "Polygon", "coordinates": [[[-70.905175, 42.518604], [-70.905118, 42.51864], [-70.905085, 42.518611], [-70.905141, 42.518575], [-70.905175, 42.518604]]]}, "properties": {"layer": "buildings", "kind": "building"}}, {"type": "Feature", "geometry": {"type": "Polygon", "coordinates": [[[-70.905179, 42.515933], [-70.905123, 42.51594], [-70.905128, 42.515961], [-70.905089, 42.515966], [-70.905067, 42.51587], [-70.905162, 42.515858], [-70.905179, 42.515933]]]}, "properties": {"layer": "buildings", "kind": "building"}}, {"type": "Feature", "geometry": {"type": "Polygon", "coordinates": [[[-70.905143, 42.520251], [-70.905177, 42.520307], [-70.905147, 42.520317], [-70.905254, 42.520492], [-70.905325, 42.520468], [-70.905382, 42.520562], [-70.90536, 42.520569], [-70.905399, 42.520632], [-70.905298, 42.520665], [-70.90529, 42.520652], [-70.905282, 42.520666], [-70.90527, 42.520678], [-70.905255, 42.520688], [-70.905238, 42.520695], [-70.905205, 42.5207], [-70.905174, 42.520696], [-70.905096, 42.520722], [-70.904862, 42.520343], [-70.905143, 42.520251]]]}, "properties": {"layer": "buildings", "kind": "building"}}, {"type": "Feature", "geometry": {"type": "Polygon", "coordinates": [[[-70.905108, 42.518492], [-70.905098, 42.518499], [-70.905116, 42.518514], [-70.9051, 42.518524], [-70.905117, 42.518538], [-70.905051, 42.518581], [-70.90493, 42.518478], [-70.905022, 42.518419], [-70.905108, 42.518492]]]}, "properties": {"layer": "buildings", "kind": "building"}}, {"type": "Feature", "geometry": {"type": "Polygon", "coordinates": [[[-70.905104, 42.517839], [-70.90506, 42.517971], [-70.904859, 42.517935], [-70.904829, 42.517789], [-70.905104, 42.517839]]]}, "properties": {"layer": "buildings", "kind": "building"}}, {"type": "Feature", "geometry": {"type": "Polygon", "coordinates": [[[-70.905149, 42.517282], [-70.905156, 42.517259], [-70.90526, 42.517276], [-70.905213, 42.517436], [-70.905109, 42.51742], [-70.905114, 42.5174], [-70.90498, 42.517379], [-70.905014, 42.517261], [-70.905149, 42.517282]]]}, "properties": {"layer": "buildings", "kind": "building"}}, {"type": "Feature", "geometry": {"type": "Polygon", "coordinates": [[[-70.905254, 42.521269], [-70.905181, 42.521312], [-70.905112, 42.521248], [-70.905185, 42.521205], [-70.905254, 42.521269]]]}, "properties": {"layer": "buildings", "kind": "building"}}, {"type": "Feature", "geometry": {"type": "Polygon", "coordinates": [[[-70.905057, 42.51883], [-70.905142, 42.51878], [-70.905197, 42.51883], [-70.905076, 42.518902], [-70.905006, 42.518837], [-70.905041, 42.518816], [-70.905057, 42.51883]]]}, "properties": {"layer": "buildings", "kind": "building"}}, {"type": "Feature", "geometry": {"type": "Polygon", "coordinates": [[[-70.905157, 42.518472], [-70.905034, 42.518396], [-70.90511, 42.518329], [-70.905157, 42.518358], [-70.905148, 42.518365], [-70.905189, 42.51839], [-70.905179, 42.518399], [-70.905214, 42.51842], [-70.905203, 42.518431], [-70.905221, 42.518442], [-70.905187, 42.518472], [-70.905169, 42.518461], [-70.905157, 42.518472]]]}, "properties": {"layer": "buildings", "kind": "building"}}, {"type": "Feature", "geometry": {"type": "Polygon", "coordinates": [[[-70.905251, 42.51929], [-70.905172, 42.519336], [-70.90509, 42.519257], [-70.905169, 42.519212], [-70.905251, 42.51929]]]}, "properties": {"layer": "buildings", "kind": "building"}}, {"type": "Feature", "geometry": {"type": "Polygon", "coordinates": [[[-70.905204, 42.519936], [-70.905188, 42.519917], [-70.905177, 42.519922], [-70.905135, 42.519869], [-70.905148, 42.519863], [-70.905102, 42.519807], [-70.905143, 42.519789], [-70.90519, 42.519847], [-70.905269, 42.519813], [-70.905225, 42.519759], [-70.905265, 42.519741], [-70.90531, 42.519797], [-70.905326, 42.51979], [-70.905363, 42.519836], [-70.905334, 42.519849], [-70.90536, 42.51988], [-70.905232, 42.519937], [-70.905224, 42.519928], [-70.905204, 42.519936]]]}, "properties": {"layer": "buildings", "kind": "building"}}, {"type": "Feature", "geometry": {"type": "Polygon", "coordinates": [[[-70.90518, 42.516982], [-70.905196, 42.516933], [-70.905352, 42.516961], [-70.905322, 42.517051], [-70.905136, 42.517018], [-70.905149, 42.516977], [-70.90518, 42.516982]]]}, "properties": {"layer": "buildings", "kind": "building"}}, {"type": "Feature", "geometry": {"type": "Polygon", "coordinates": [[[-70.905308, 42.518932], [-70.905191, 42.518999], [-70.905124, 42.518934], [-70.90524, 42.518868], [-70.905308, 42.518932]]]}, "properties": {"layer": "buildings", "kind": "building"}}, {"type": "Feature", "geometry": {"type": "Polygon", "coordinates": [[[-70.905341, 42.518713], [-70.905243, 42.51877], [-70.905146, 42.518678], [-70.905244, 42.518621], [-70.905341, 42.518713]]]}, "properties": {"layer": "buildings", "kind": "building"}}, {"type": "Feature", "geometry": {"type": "Polygon", "coordinates": [[[-70.905382, 42.519], [-70.905283, 42.519066], [-70.905292, 42.519073], [-70.905242, 42.519106], [-70.905203, 42.519074], [-70.905253, 42.519041], [-70.905244, 42.519033], [-70.905343, 42.518968], [-70.905382, 42.519]]]}, "properties": {"layer": "buildings", "kind": "building"}}, {"type": "Feature", "geometry": {"type": "Polygon", "coordinates": [[[-70.905479, 42.520322], [-70.905303, 42.52038], [-70.905265, 42.520317], [-70.905441, 42.520259], [-70.905479, 42.520322]]]}, "properties": {"layer": "buildings", "kind": "building"}}, {"type": "Feature", "geometry": {"type": "Polygon", "coordinates": [[[-70.905104, 42.516324], [-70.905209, 42.51628], [-70.905266, 42.516353], [-70.905087, 42.516429], [-70.905018, 42.516339], [-70.905092, 42.516308], [-70.905104, 42.516324]]]}, "properties": {"layer": "buildings", "kind": "building"}}, {"type": "Feature", "geometry": {"type": "Polygon", "coordinates": [[[-70.905392, 42.519203], [-70.905288, 42.519266], [-70.905218, 42.519204], [-70.905322, 42.51914], [-70.905392, 42.519203]]]}, "properties": {"layer": "buildings", "kind": "building"}}, {"type": "Feature", "geometry": {"type": "Polygon", "coordinates": [[[-70.905302, 42.516546], [-70.905292, 42.516552], [-70.905304, 42.516563], [-70.905229, 42.516612], [-70.9051, 42.516504], [-70.905187, 42.51645], [-70.905302, 42.516546]]]}, "properties": {"layer": "buildings", "kind": "building"}}, {"type": "Feature", "geometry": {"type": "Polygon", "coordinates": [[[-70.905457, 42.518798], [-70.90541, 42.518825], [-70.905428, 42.518844], [-70.905374, 42.518875], [-70.905292, 42.518797], [-70.905395, 42.518738], [-70.905457, 42.518798]]]}, "properties": {"layer": "buildings", "kind": "building"}}, {"type": "Feature", "geometry": {"type": "Polygon", "coordinates": [[[-70.905369, 42.52121], [-70.905302, 42.521248], [-70.905232, 42.521179], [-70.905299, 42.521142], [-70.905369, 42.52121]]]}, "properties": {"layer": "buildings", "kind": "building"}}, {"type": "Feature", "geometry": {"type": "Polygon", "coordinates": [[[-70.905325, 42.519416], [-70.905291, 42.51943], [-70.905255, 42.519382], [-70.90529, 42.519368], [-70.905325, 42.519416]]]}, "properties": {"layer": "buildings", "kind": "building"}}, {"type": "Feature", "geometry": {"type": "Polygon", "coordinates": [[[-70.905328, 42.521304], [-70.905293, 42.521322], [-70.905253, 42.521279], [-70.905289, 42.521262], [-70.905328, 42.521304]]]}, "properties": {"layer": "buildings", "kind": "building"}}, {"type": "Feature", "geometry": {"type": "Polygon", "coordinates": [[[-70.905439, 42.519651], [-70.905338, 42.519693], [-70.905299, 42.519641], [-70.905399, 42.519599], [-70.905439, 42.519651]]]}, "properties": {"layer": "buildings", "kind": "building"}}, {"type": "Feature", "geometry": {"type": "Polygon", "coordinates": [[[-70.90552, 42.519128], [-70.905413, 42.519192], [-70.905355, 42.519138], [-70.905462, 42.519075], [-70.90552, 42.519128]]]}, "properties": {"layer": "buildings", "kind": "building"}}, {"type": "Feature", "geometry": {"type": "Polygon", "coordinates": [[[-70.905373, 42.519304], [-70.905413, 42.519363], [-70.90543, 42.519357], [-70.905461, 42.519401], [-70.905372, 42.519435], [-70.9053, 42.519331], [-70.905373, 42.519304]]]}, "properties": {"layer": "buildings", "kind": "building"}}, {"type": "Feature", "geometry": {"type": "Polygon", "coordinates": [[[-70.905522, 42.519825], [-70.905409, 42.519873], [-70.905346, 42.519793], [-70.905419, 42.519762], [-70.905398, 42.519734], [-70.905438, 42.519717], [-70.905522, 42.519825]]]}, "properties": {"layer": "buildings", "kind": "building"}}, {"type": "Feature", "geometry": {"type": "Polygon", "coordinates": [[[-70.905451, 42.518653], [-70.905396, 42.518686], [-70.905376, 42.518667], [-70.90543, 42.518634], [-70.905451, 42.518653]]]}, "properties": {"layer": "buildings", "kind": "building"}}, {"type": "Feature", "geometry": {"type": "Polygon", "coordinates": [[[-70.905702, 42.519018], [-70.905609, 42.519075], [-70.905405, 42.518892], [-70.905498, 42.518836], [-70.905702, 42.519018]]]}, "properties": {"layer": "buildings", "kind": "building"}}, {"type": "Feature", "geometry": {"type": "Polygon", "coordinates": [[[-70.905618, 42.519338], [-70.905519, 42.519393], [-70.905479, 42.519354], [-70.905518, 42.519332], [-70.905444, 42.51926], [-70.905504, 42.519226], [-70.905618, 42.519338]]]}, "properties": {"layer": "buildings", "kind": "building"}}, {"type": "Feature", "geometry": {"type": "Polygon", "coordinates": [[[-70.905441, 42.518165], [-70.905363, 42.518101], [-70.905491, 42.518], [-70.905506, 42.517992], [-70.905524, 42.51799], [-70.905537, 42.517992], [-70.905654, 42.518027], [-70.905509, 42.518157], [-70.90553, 42.518169], [-70.905506, 42.51819], [-70.905451, 42.518157], [-70.905441, 42.518165]]]}, "properties": {"layer": "buildings", "kind": "building"}}, {"type": "Feature", "geometry": {"type": "Polygon", "coordinates": [[[-70.905807, 42.519421], [-70.905616, 42.519509], [-70.905565, 42.519448], [-70.905756, 42.51936], [-70.905807, 42.519421]]]}, "properties": {"layer": "buildings", "kind": "building"}}, {"type": "Feature", "geometry": {"type": "Polygon", "coordinates": [[[-70.905575, 42.517611], [-70.905579, 42.517574], [-70.905756, 42.517582], [-70.905755, 42.51766], [-70.905546, 42.517647], [-70.90555, 42.51761], [-70.905575, 42.517611]]]}, "properties": {"layer": "buildings", "kind": "building"}}, {"type": "Feature", "geometry": {"type": "Polygon", "coordinates": [[[-70.905548, 42.519605], [-70.905605, 42.519579], [-70.905621, 42.519597], [-70.905642, 42.519588], [-70.905748, 42.519716], [-70.905598, 42.519783], [-70.905496, 42.519659], [-70.905482, 42.519666], [-70.905448, 42.519624], [-70.905533, 42.519586], [-70.905548, 42.519605]]]}, "properties": {"layer": "buildings", "kind": "building"}}, {"type": "Feature", "geometry": {"type": "Polygon", "coordinates": [[[-70.9058, 42.517139], [-70.905797, 42.517218], [-70.905621, 42.517214], [-70.905624, 42.517135], [-70.9058, 42.517139]]]}, "properties": {"layer": "buildings", "kind": "building"}}, {"type": "Feature", "geometry": {"type": "Polygon", "coordinates": [[[-70.905648, 42.519155], [-70.90569, 42.519193], [-70.90571, 42.519181], [-70.905753, 42.519219], [-70.905668, 42.51927], [-70.905626, 42.519232], [-70.905644, 42.519221], [-70.905601, 42.519183], [-70.905648, 42.519155]]]}, "properties": {"layer": "buildings", "kind": "building"}}, {"type": "Feature", "geometry": {"type": "Polygon", "coordinates": [[[-70.905694, 42.523373], [-70.905636, 42.523406], [-70.905587, 42.523359], [-70.905646, 42.523326], [-70.905694, 42.523373]]]}, "properties": {"layer": "buildings", "kind": "building"}}, {"type": "Feature", "geometry": {"type": "Polygon", "coordinates": [[[-70.905718, 42.517681], [-70.905715, 42.51774], [-70.905693, 42.517739], [-70.905691, 42.517768], [-70.905707, 42.517769], [-70.905675, 42.517826], [-70.905543, 42.517789], [-70.905548, 42.517676], [-70.905718, 42.517681]]]}, "properties": {"layer": "buildings", "kind": "building"}}, {"type": "Feature", "geometry": {"type": "Polygon", "coordinates": [[[-70.905782, 42.523426], [-70.905826, 42.523401], [-70.90587, 42.523441], [-70.905755, 42.52351], [-70.905682, 42.523443], [-70.905754, 42.5234], [-70.905782, 42.523426]]]}, "properties": {"layer": "buildings", "kind": "building"}}, {"type": "Feature", "geometry": {"type": "Polygon", "coordinates": [[[-70.905727, 42.518734], [-70.905636, 42.518788], [-70.905585, 42.51874], [-70.905676, 42.518686], [-70.905727, 42.518734]]]}, "properties": {"layer": "buildings", "kind": "building"}}, {"type": "Feature", "geometry": {"type": "Polygon", "coordinates": [[[-70.905873, 42.520024], [-70.905758, 42.519886], [-70.905804, 42.519865], [-70.905784, 42.519842], [-70.90583, 42.519821], [-70.905848, 42.519842], [-70.905903, 42.519817], [-70.906011, 42.519947], [-70.905988, 42.519957], [-70.906076, 42.520063], [-70.905979, 42.520108], [-70.905972, 42.520099], [-70.905914, 42.520126], [-70.905841, 42.520038], [-70.905873, 42.520024]]]}, "properties": {"layer": "buildings", "kind": "building"}}, {"type": "Feature", "geometry": {"type": "Polygon", "coordinates": [[[-70.905732, 42.519579], [-70.905752, 42.519603], [-70.905788, 42.519587], [-70.905846, 42.519659], [-70.905764, 42.519695], [-70.905686, 42.519599], [-70.905732, 42.519579]]]}, "properties": {"layer": "buildings", "kind": "building"}}, {"type": "Feature", "geometry": {"type": "Polygon", "coordinates": [[[-70.905774, 42.517468], [-70.905769, 42.51755], [-70.905599, 42.517544], [-70.905604, 42.517462], [-70.905774, 42.517468]]]}, "properties": {"layer": "buildings", "kind": "building"}}, {"type": "Feature", "geometry": {"type": "Polygon", "coordinates": [[[-70.905801, 42.517254], [-70.905801, 42.517334], [-70.905613, 42.517334], [-70.905614, 42.517253], [-70.905801, 42.517254]]]}, "properties": {"layer": "buildings", "kind": "building"}}, {"type": "Feature", "geometry": {"type": "Polygon", "coordinates": [[[-70.905722, 42.518134], [-70.905687, 42.518122], [-70.905726, 42.518057], [-70.905838, 42.518094], [-70.905809, 42.518143], [-70.90578, 42.518134], [-70.905789, 42.51812], [-70.90574, 42.518104], [-70.905722, 42.518134]]]}, "properties": {"layer": "buildings", "kind": "building"}}, {"type": "Feature", "geometry": {"type": "Polygon", "coordinates": [[[-70.905858, 42.517767], [-70.905811, 42.517852], [-70.905726, 42.517827], [-70.905773, 42.517741], [-70.905858, 42.517767]]]}, "properties": {"layer": "buildings", "kind": "building"}}, {"type": "Feature", "geometry": {"type": "Polygon", "coordinates": [[[-70.905451, 42.518385], [-70.905305, 42.518289], [-70.905417, 42.518196], [-70.90548, 42.518238], [-70.905499, 42.518222], [-70.905835, 42.518465], [-70.905819, 42.518478], [-70.905867, 42.518512], [-70.905769, 42.518587], [-70.905629, 42.518486], [-70.905656, 42.518465], [-70.905495, 42.518349], [-70.905451, 42.518385]]]}, "properties": {"layer": "buildings", "kind": "building"}}, {"type": "Feature", "geometry": {"type": "Polygon", "coordinates": [[[-70.905426, 42.520053], [-70.905644, 42.519952], [-70.905697, 42.520016], [-70.905748, 42.519993], [-70.905794, 42.520047], [-70.905743, 42.520071], [-70.905814, 42.520155], [-70.905845, 42.520141], [-70.905902, 42.520209], [-70.905623, 42.520337], [-70.905564, 42.520268], [-70.905596, 42.520254], [-70.905526, 42.520171], [-70.905473, 42.520195], [-70.905425, 42.520137], [-70.905477, 42.520113], [-70.905426, 42.520053]]]}, "properties": {"layer": "buildings", "kind": "building"}}, {"type": "Feature", "geometry": {"type": "Polygon", "coordinates": [[[-70.905848, 42.518625], [-70.905791, 42.518675], [-70.905731, 42.518637], [-70.905788, 42.518587], [-70.905848, 42.518625]]]}, "properties": {"layer": "buildings", "kind": "building"}}, {"type": "Feature", "geometry": {"type": "Polygon", "coordinates": [[[-70.905919, 42.517502], [-70.905919, 42.517555], [-70.905848, 42.517555], [-70.905849, 42.517502], [-70.905919, 42.517502]]]}, "properties": {"layer": "buildings", "kind": "building"}}, {"type": "Feature", "geometry": {"type": "Polygon", "coordinates": [[[-70.905768, 42.519066], [-70.905852, 42.519142], [-70.905862, 42.519135], [-70.905895, 42.519165], [-70.905831, 42.519204], [-70.905714, 42.519098], [-70.905768, 42.519066]]]}, "properties": {"layer": "buildings", "kind": "building"}}, {"type": "Feature", "geometry": {"type": "Polygon", "coordinates": [[[-70.905911, 42.519431], [-70.905957, 42.519483], [-70.905969, 42.519478], [-70.906049, 42.519567], [-70.905981, 42.5196], [-70.905856, 42.519458], [-70.905911, 42.519431]]]}, "properties": {"layer": "buildings", "kind": "building"}}, {"type": "Feature", "geometry": {"type": "Polygon", "coordinates": [[[-70.905974, 42.519606], [-70.905963, 42.519611], [-70.905975, 42.519625], [-70.905935, 42.519644], [-70.905867, 42.519563], [-70.90588, 42.519557], [-70.905843, 42.519513], [-70.90587, 42.5195], [-70.905908, 42.519544], [-70.905917, 42.519539], [-70.905974, 42.519606]]]}, "properties": {"layer": "buildings", "kind": "building"}}, {"type": "Feature", "geometry": {"type": "Polygon", "coordinates": [[[-70.905957, 42.518845], [-70.905879, 42.518892], [-70.905756, 42.518782], [-70.905833, 42.518735], [-70.905957, 42.518845]]]}, "properties": {"layer": "buildings", "kind": "building"}}, {"type": "Feature", "geometry": {"type": "Polygon", "coordinates": [[[-70.906124, 42.515869], [-70.906069, 42.516059], [-70.90591, 42.516034], [-70.905913, 42.516023], [-70.90589, 42.516019], [-70.905899, 42.515986], [-70.905913, 42.515989], [-70.905943, 42.515883], [-70.90593, 42.515881], [-70.90594, 42.515848], [-70.905963, 42.515852], [-70.905965, 42.515844], [-70.906124, 42.515869]]]}, "properties": {"layer": "buildings", "kind": "building"}}, {"type": "Feature", "geometry": {"type": "Polygon", "coordinates": [[[-70.906103, 42.518891], [-70.906181, 42.518959], [-70.906093, 42.519013], [-70.90612, 42.519037], [-70.90607, 42.519067], [-70.906045, 42.519045], [-70.905976, 42.519088], [-70.905989, 42.519098], [-70.905944, 42.519126], [-70.905898, 42.519086], [-70.905921, 42.519072], [-70.905876, 42.519032], [-70.906103, 42.518891]]]}, "properties": {"layer": "buildings", "kind": "building"}}, {"type": "Feature", "geometry": {"type": "Polygon", "coordinates": [[[-70.905997, 42.517735], [-70.90597, 42.51779], [-70.905906, 42.517772], [-70.905933, 42.517718], [-70.905997, 42.517735]]]}, "properties": {"layer": "buildings", "kind": "building"}}, {"type": "Feature", "geometry": {"type": "Polygon", "coordinates": [[[-70.906089, 42.518605], [-70.906034, 42.51865], [-70.905977, 42.518611], [-70.906032, 42.518567], [-70.906089, 42.518605]]]}, "properties": {"layer": "buildings", "kind": "building"}}, {"type": "Feature", "geometry": {"type": "Polygon", "coordinates": [[[-70.906143, 42.517852], [-70.906107, 42.517922], [-70.905993, 42.517891], [-70.906028, 42.517821], [-70.906143, 42.517852]]]}, "properties": {"layer": "buildings", "kind": "building"}}, {"type": "Feature", "geometry": {"type": "Polygon", "coordinates": [[[-70.906105, 42.517515], [-70.906052, 42.5176], [-70.906, 42.517582], [-70.906053, 42.517497], [-70.906105, 42.517515]]]}, "properties": {"layer": "buildings", "kind": "building"}}, {"type": "Feature", "geometry": {"type": "Polygon", "coordinates": [[[-70.906064, 42.515476], [-70.906081, 42.515422], [-70.906204, 42.515442], [-70.906171, 42.515556], [-70.906046, 42.515535], [-70.906058, 42.515496], [-70.906037, 42.515493], [-70.906043, 42.515473], [-70.906064, 42.515476]]]}, "properties": {"layer": "buildings", "kind": "building"}}, {"type": "Feature", "geometry": {"type": "Polygon", "coordinates": [[[-70.90585, 42.518248], [-70.905804, 42.518234], [-70.905825, 42.518202], [-70.905806, 42.518195], [-70.905882, 42.518093], [-70.906051, 42.518142], [-70.905958, 42.51825], [-70.905871, 42.518218], [-70.90585, 42.518248]]]}, "properties": {"layer": "buildings", "kind": "building"}}, {"type": "Feature", "geometry": {"type": "Polygon", "coordinates": [[[-70.906204, 42.517641], [-70.906169, 42.517627], [-70.906112, 42.517704], [-70.906064, 42.517685], [-70.906074, 42.517671], [-70.906061, 42.517666], [-70.906154, 42.517541], [-70.906174, 42.517536], [-70.906302, 42.517588], [-70.906309, 42.517603], [-70.906217, 42.517727], [-70.906203, 42.517721], [-70.906192, 42.517736], [-70.906147, 42.517718], [-70.906204, 42.517641]]]}, "properties": {"layer": "buildings", "kind": "building"}}, {"type": "Feature", "geometry": {"type": "Polygon", "coordinates": [[[-70.90609, 42.518764], [-70.906014, 42.518812], [-70.905886, 42.518702], [-70.905962, 42.518654], [-70.90609, 42.518764]]]}, "properties": {"layer": "buildings", "kind": "building"}}, {"type": "Feature", "geometry": {"type": "Polygon", "coordinates": [[[-70.906017, 42.519386], [-70.906057, 42.519431], [-70.906081, 42.519419], [-70.906127, 42.519471], [-70.90618, 42.519445], [-70.906223, 42.519493], [-70.906103, 42.519552], [-70.905974, 42.519407], [-70.906017, 42.519386]]]}, "properties": {"layer": "buildings", "kind": "building"}}, {"type": "Feature", "geometry": {"type": "Polygon", "coordinates": [[[-70.906205, 42.518206], [-70.906109, 42.518313], [-70.906121, 42.518319], [-70.905953, 42.518505], [-70.905815, 42.518437], [-70.906065, 42.518151], [-70.906205, 42.518206]]]}, "properties": {"layer": "buildings", "kind": "building"}}, {"type": "Feature", "geometry": {"type": "Polygon", "coordinates": [[[-70.906638, 42.522918], [-70.906518, 42.522996], [-70.906509, 42.522988], [-70.906299, 42.523125], [-70.906308, 42.523132], [-70.906197, 42.523204], [-70.906078, 42.523105], [-70.906194, 42.52303], [-70.906188, 42.523025], [-70.906408, 42.522883], [-70.906413, 42.522887], [-70.906519, 42.522818], [-70.906638, 42.522918]]]}, "properties": {"layer": "buildings", "kind": "building"}}, {"type": "Feature", "geometry": {"type": "Polygon", "coordinates": [[[-70.906014, 42.519889], [-70.90593, 42.519796], [-70.906012, 42.519756], [-70.906076, 42.519826], [-70.90609, 42.519819], [-70.906128, 42.519861], [-70.90607, 42.519889], [-70.906053, 42.519869], [-70.906014, 42.519889]]]}, "properties": {"layer": "buildings", "kind": "building"}}, {"type": "Feature", "geometry": {"type": "Polygon", "coordinates": [[[-70.906148, 42.52327], [-70.906074, 42.523316], [-70.905942, 42.523201], [-70.906017, 42.523155], [-70.906148, 42.52327]]]}, "properties": {"layer": "buildings", "kind": "building"}}, {"type": "Feature", "geometry": {"type": "Polygon", "coordinates": [[[-70.906223, 42.517336], [-70.906166, 42.517422], [-70.906076, 42.517389], [-70.906132, 42.517303], [-70.906223, 42.517336]]]}, "properties": {"layer": "buildings", "kind": "building"}}, {"type": "Feature", "geometry": {"type": "Polygon", "coordinates": [[[-70.90624, 42.517006], [-70.906251, 42.517018], [-70.90632, 42.516983], [-70.906393, 42.517063], [-70.906149, 42.517186], [-70.906076, 42.517106], [-70.906231, 42.517028], [-70.90622, 42.517016], [-70.90624, 42.517006]]]}, "properties": {"layer": "buildings", "kind": "building"}}, {"type": "Feature", "geometry": {"type": "Polygon", "coordinates": [[[-70.906278, 42.519966], [-70.906215, 42.519995], [-70.906162, 42.519932], [-70.906225, 42.519903], [-70.906278, 42.519966]]]}, "properties": {"layer": "buildings", "kind": "building"}}, {"type": "Feature", "geometry": {"type": "Polygon", "coordinates": [[[-70.906312, 42.519762], [-70.906228, 42.519663], [-70.906362, 42.5196], [-70.906446, 42.519698], [-70.906386, 42.519726], [-70.906419, 42.519764], [-70.906363, 42.51979], [-70.906331, 42.519753], [-70.906312, 42.519762]]]}, "properties": {"layer": "buildings", "kind": "building"}}, {"type": "Feature", "geometry": {"type": "Polygon", "coordinates": [[[-70.90624, 42.51562], [-70.906218, 42.515698], [-70.906029, 42.515664], [-70.906054, 42.515586], [-70.90624, 42.51562]]]}, "properties": {"layer": "buildings", "kind": "building"}}, {"type": "Feature", "geometry": {"type": "Polygon", "coordinates": [[[-70.906248, 42.519791], [-70.906177, 42.519826], [-70.906084, 42.519724], [-70.906155, 42.519689], [-70.906248, 42.519791]]]}, "properties": {"layer": "buildings", "kind": "building"}}, {"type": "Feature", "geometry": {"type": "Polygon", "coordinates": [[[-70.906284, 42.51724], [-70.906249, 42.517277], [-70.906195, 42.517249], [-70.90623, 42.517212], [-70.906284, 42.51724]]]}, "properties": {"layer": "buildings", "kind": "building"}}, {"type": "Feature", "geometry": {"type": "Polygon", "coordinates": [[[-70.906255, 42.519193], [-70.906198, 42.519223], [-70.906076, 42.519094], [-70.906134, 42.519064], [-70.906255, 42.519193]]]}, "properties": {"layer": "buildings", "kind": "building"}}, {"type": "Feature", "geometry": {"type": "Polygon", "coordinates": [[[-70.906285, 42.515346], [-70.906259, 42.515423], [-70.906105, 42.515395], [-70.906131, 42.515318], [-70.906285, 42.515346]]]}, "properties": {"layer": "buildings", "kind": "building"}}, {"type": "Feature", "geometry": {"type": "Polygon", "coordinates": [[[-70.906314, 42.51847], [-70.906271, 42.51851], [-70.906214, 42.518476], [-70.906257, 42.518436], [-70.906314, 42.51847]]]}, "properties": {"layer": "buildings", "kind": "building"}}, {"type": "Feature", "geometry": {"type": "Polygon", "coordinates": [[[-70.906342, 42.517375], [-70.906284, 42.517463], [-70.906192, 42.517431], [-70.90625, 42.517342], [-70.906342, 42.517375]]]}, "properties": {"layer": "buildings", "kind": "building"}}, {"type": "Feature", "geometry": {"type": "Polygon", "coordinates": [[[-70.906292, 42.518597], [-70.906218, 42.518659], [-70.9061, 42.518582], [-70.906174, 42.51852], [-70.906292, 42.518597]]]}, "properties": {"layer": "buildings", "kind": "building"}}, {"type": "Feature", "geometry": {"type": "Polygon", "coordinates": [[[-70.906278, 42.515914], [-70.906319, 42.516155], [-70.90585, 42.5162], [-70.905892, 42.516055], [-70.906068, 42.51609], [-70.906133, 42.516078], [-70.906121, 42.515927], [-70.906278, 42.515914]]]}, "properties": {"layer": "buildings", "kind": "building"}}, {"type": "Feature", "geometry": {"type": "Polygon", "coordinates": [[[-70.906325, 42.51874], [-70.906371, 42.51871], [-70.906491, 42.518812], [-70.906403, 42.518869], [-70.906264, 42.518752], [-70.906307, 42.518724], [-70.906325, 42.51874]]]}, "properties": {"layer": "buildings", "kind": "building"}}, {"type": "Feature", "geometry": {"type": "Polygon", "coordinates": [[[-70.906431, 42.517651], [-70.906353, 42.51776], [-70.906253, 42.517721], [-70.90633, 42.517612], [-70.906431, 42.517651]]]}, "properties": {"layer": "buildings", "kind": "building"}}, {"type": "Feature", "geometry": {"type": "Polygon", "coordinates": [[[-70.90634, 42.518883], [-70.906261, 42.518933], [-70.906159, 42.518845], [-70.906238, 42.518795], [-70.90634, 42.518883]]]}, "properties": {"layer": "buildings", "kind": "building"}}, {"type": "Feature", "geometry": {"type": "Polygon", "coordinates": [[[-70.906409, 42.519326], [-70.906345, 42.519249], [-70.906402, 42.519223], [-70.906465, 42.519298], [-70.906498, 42.519284], [-70.906553, 42.51935], [-70.906477, 42.519384], [-70.906424, 42.51932], [-70.906409, 42.519326]]]}, "properties": {"layer": "buildings", "kind": "building"}}, {"type": "Feature", "geometry": {"type": "Polygon", "coordinates": [[[-70.906455, 42.517427], [-70.906402, 42.51751], [-70.906312, 42.517478], [-70.906365, 42.517395], [-70.906455, 42.517427]]]}, "properties": {"layer": "buildings", "kind": "building"}}, {"type": "Feature", "geometry": {"type": "Polygon", "coordinates": [[[-70.906308, 42.519357], [-70.906319, 42.519351], [-70.906344, 42.519379], [-70.906334, 42.519384], [-70.906369, 42.519422], [-70.906264, 42.519473], [-70.906236, 42.519443], [-70.906221, 42.51945], [-70.906153, 42.519374], [-70.906271, 42.519316], [-70.906308, 42.519357]]]}, "properties": {"layer": "buildings", "kind": "building"}}, {"type": "Feature", "geometry": {"type": "Polygon", "coordinates": [[[-70.906575, 42.517484], [-70.906526, 42.517555], [-70.906447, 42.517525], [-70.906496, 42.517454], [-70.906575, 42.517484]]]}, "properties": {"layer": "buildings", "kind": "building"}}, {"type": "Feature", "geometry": {"type": "Polygon", "coordinates": [[[-70.906539, 42.519617], [-70.906509, 42.519631], [-70.906581, 42.519718], [-70.906531, 42.51974], [-70.906399, 42.519579], [-70.906479, 42.519543], [-70.906539, 42.519617]]]}, "properties": {"layer": "buildings", "kind": "building"}}, {"type": "Feature", "geometry": {"type": "Polygon", "coordinates": [[[-70.906666, 42.519537], [-70.906631, 42.519552], [-70.906697, 42.519634], [-70.906629, 42.519664], [-70.906511, 42.519517], [-70.906613, 42.519472], [-70.906666, 42.519537]]]}, "properties": {"layer": "buildings", "kind": "building"}}, {"type": "Feature", "geometry": {"type": "Polygon", "coordinates": [[[-70.906562, 42.518306], [-70.906555, 42.518318], [-70.906569, 42.518322], [-70.906514, 42.518423], [-70.906388, 42.518386], [-70.90645, 42.518273], [-70.906562, 42.518306]]]}, "properties": {"layer": "buildings", "kind": "building"}}, {"type": "Feature", "geometry": {"type": "Polygon", "coordinates": [[[-70.90659, 42.519833], [-70.906542, 42.519854], [-70.906489, 42.519788], [-70.906537, 42.519767], [-70.90659, 42.519833]]]}, "properties": {"layer": "buildings", "kind": "building"}}, {"type": "Feature", "geometry": {"type": "Polygon", "coordinates": [[[-70.906584, 42.518767], [-70.906544, 42.518801], [-70.906487, 42.518764], [-70.906527, 42.51873], [-70.906584, 42.518767]]]}, "properties": {"layer": "buildings", "kind": "building"}}, {"type": "Feature", "geometry": {"type": "Polygon", "coordinates": [[[-70.906584, 42.519033], [-70.906678, 42.519133], [-70.906721, 42.519111], [-70.906818, 42.519214], [-70.906664, 42.519293], [-70.906566, 42.519188], [-70.906593, 42.519175], [-70.906501, 42.519077], [-70.906584, 42.519033]]]}, "properties": {"layer": "buildings", "kind": "building"}}, {"type": "Feature", "geometry": {"type": "Polygon", "coordinates": [[[-70.906736, 42.517956], [-70.906649, 42.518097], [-70.906519, 42.518053], [-70.906605, 42.517912], [-70.906736, 42.517956]]]}, "properties": {"layer": "buildings", "kind": "building"}}, {"type": "Feature", "geometry": {"type": "Polygon", "coordinates": [[[-70.906732, 42.518882], [-70.906575, 42.518957], [-70.906537, 42.518915], [-70.906694, 42.518839], [-70.906732, 42.518882]]]}, "properties": {"layer": "buildings", "kind": "building"}}, {"type": "Feature", "geometry": {"type": "Polygon", "coordinates": [[[-70.906154, 42.516393], [-70.906621, 42.516298], [-70.906682, 42.516463], [-70.906789, 42.516441], [-70.906884, 42.516697], [-70.906358, 42.516804], [-70.906313, 42.516684], [-70.906282, 42.516691], [-70.906229, 42.516548], [-70.906212, 42.516552], [-70.906154, 42.516393]]]}, "properties": {"layer": "buildings", "kind": "building"}}, {"type": "Feature", "geometry": {"type": "LineString", "coordinates": [[-70.897597, 42.520868], [-70.897629, 42.520867], [-70.897779, 42.520865], [-70.897802, 42.521396], [-70.897802, 42.521441]]}, "properties": {"layer": "roads", "kind": "service"}}, {"type": "Feature", "geometry": {"type": "LineString", "coordinates": [[-70.901289, 42.521819], [-70.901203, 42.520713], [-70.901194, 42.5206]]}, "properties": {"layer": "roads", "kind": "residential"}}, {"type": "Feature", "geometry": {"type": "LineString", "coordinates": [[-70.898364, 42.519237], [-70.898373, 42.51934], [-70.898375, 42.519367], [-70.89841, 42.519663], [-70.898425, 42.519783]]}, "properties": {"layer": "roads", "kind": "secondary"}}, {"type": "Feature", "geometry": {"type": "LineString", "coordinates": [[-70.89585, 42.523074], [-70.895856, 42.523128], [-70.895908, 42.523591], [-70.895923, 42.523688], [-70.895927, 42.523715], [-70.895944, 42.523848]]}, "properties": {"layer": "roads", "kind": "motorway"}}, {"type": "Feature", "geometry": {"type": "LineString", "coordinates": [[-70.895369, 42.516483], [-70.895514, 42.516436], [-70.89561, 42.516406], [-70.895683, 42.516383], [-70.895715, 42.516375], [-70.895821, 42.51635]]}, "properties": {"layer": "roads", "kind": "residential"}}, {"type": "Feature", "geometry": {"type": "LineString", "coordinates": [[-70.896053, 42.519268], [-70.89608, 42.519116], [-70.896086, 42.519095], [-70.896104, 42.519002], [-70.89612, 42.518919], [-70.896153, 42.518751], [-70.896167, 42.518673], [-70.896187, 42.518572], [-70.896221, 42.518394], [-70.895656, 42.518329], [-70.895581, 42.518333], [-70.895569, 42.51836], [-70.895634, 42.518657], [-70.895677, 42.51885], [-70.895719, 42.51904], [-70.895761, 42.519234], [-70.896053, 42.519268]]}, "properties": {"layer": "roads", "kind": "service"}}, {"type": "Feature", "geometry": {"type": "LineString", "coordinates": [[-70.896086, 42.519095], [-70.895719, 42.51904]]}, "properties": {"layer": "roads", "kind": "service"}}, {"type": "Feature", "geometry": {"type": "LineString", "coordinates": [[-70.896153, 42.518751], [-70.895634, 42.518657]]}, "properties": {"layer": "roads", "kind": "service"}}, {"type": "Feature", "geometry": {"type": "LineString", "coordinates": [[-70.89612, 42.518919], [-70.895677, 42.51885]]}, "properties": {"layer": "roads", "kind": "service"}}, {"type": "Feature", "geometry": {"type": "LineString", "coordinates": [[-70.896187, 42.518572], [-70.895929, 42.518527]]}, "properties": {"layer": "roads", "kind": "service"}}, {"type": "Feature", "geometry": {"type": "LineString", "coordinates": [[-70.896227, 42.519038], [-70.896152, 42.519016], [-70.896104, 42.519002]]}, "properties": {"layer": "roads", "kind": "service"}}, {"type": "Feature", "geometry": {"type": "LineString", "coordinates": [[-70.896167, 42.518673], [-70.896234, 42.518669], [-70.89631, 42.518665]]}, "properties": {"layer": "roads", "kind": "service"}}, {"type": "Feature", "geometry": {"type": "LineString", "coordinates": [[-70.90072, 42.520248], [-70.900553, 42.520264], [-70.900444, 42.520288], [-70.900434, 42.520332]]}, "properties": {"layer": "roads", "kind": "service"}}, {"type": "Feature", "geometry": {"type": "LineString", "coordinates": [[-70.903889, 42.519186], [-70.903876, 42.51917], [-70.903778, 42.519034], [-70.903731, 42.518928], [-70.90369, 42.518788]]}, "properties": {"layer": "roads", "kind": "secondary"}}, {"type": "Feature", "geometry": {"type": "LineString", "coordinates": [[-70.906896, 42.517057], [-70.906624, 42.516994], [-70.905838, 42.517381]]}, "properties": {"layer": "roads", "kind": "path"}}, {"type": "Feature", "geometry": {"type": "Polygon", "coordinates": [[[-70.89895, 42.523873], [-70.899196, 42.52382], [-70.899449, 42.523747], [-70.899548, 42.523637], [-70.899571, 42.523505], [-70.899451, 42.52337], [-70.899308, 42.523326], [-70.899108, 42.523345], [-70.89898, 42.523426], [-70.898933, 42.523505], [-70.898913, 42.523769], [-70.898948, 42.523769], [-70.89895, 42.523873]]]}, "properties": {"layer": "green", "kind": "grass"}}, {"type": "Feature", "geometry": {"type": "LineString", "coordinates": [[-70.898887, 42.52387], [-70.898906, 42.52351], [-70.898953, 42.523425], [-70.899021, 42.523372], [-70.899073, 42.523332], [-70.899151, 42.523316], [-70.89925, 42.523302], [-70.899349, 42.523316], [-70.899499, 42.523383], [-70.899546, 42.523427], [-70.899585, 42.523493], [-70.89959, 42.523607], [-70.899516, 42.523717], [-70.899442, 42.523767], [-70.899213, 42.523842], [-70.899101, 42.523864]]}, "properties": {"layer": "roads", "kind": "path"}}, {"type": "Feature", "geometry": {"type": "LineString", "coordinates": [[-70.898661, 42.523295], [-70.898739, 42.523296], [-70.89878, 42.523296]]}, "properties": {"layer": "roads", "kind": "path"}}, {"type": "Feature", "geometry": {"type": "LineString", "coordinates": [[-70.898666, 42.523204], [-70.898661, 42.523295], [-70.898659, 42.523362], [-70.898645, 42.523856]]}, "properties": {"layer": "roads", "kind": "path"}}, {"type": "Feature", "geometry": {"type": "LineString", "coordinates": [[-70.906224, 42.516893], [-70.906027, 42.516355]]}, "properties": {"layer": "roads", "kind": "service"}}, {"type": "Feature", "geometry": {"type": "LineString", "coordinates": [[-70.906024, 42.517002], [-70.905889, 42.516528]]}, "properties": {"layer": "roads", "kind": "service"}}, {"type": "Feature", "geometry": {"type": "LineString", "coordinates": [[-70.905889, 42.516528], [-70.90576, 42.517043]]}, "properties": {"layer": "roads", "kind": "service"}}, {"type": "Feature", "geometry": {"type": "LineString", "coordinates": [[-70.906695, 42.516269], [-70.906027, 42.516355], [-70.905931, 42.516356], [-70.905889, 42.516528], [-70.905718, 42.516505], [-70.905609, 42.51649]]}, "properties": {"layer": "roads", "kind": "service"}}, {"type": "Feature", "geometry": {"type": "LineString", "coordinates": [[-70.906224, 42.516893], [-70.907013, 42.516715]]}, "properties": {"layer": "roads", "kind": "service"}}, {"type": "Feature", "geometry": {"type": "LineString", "coordinates": [[-70.905456, 42.517018], [-70.90576, 42.517043], [-70.905924, 42.517057], [-70.906024, 42.517002], [-70.906224, 42.516893]]}, "properties": {"layer": "roads", "kind": "service"}}, {"type": "Feature", "geometry": {"type": "LineString", "coordinates": [[-70.898618, 42.518668], [-70.898812, 42.518916]]}, "properties": {"layer": "roads", "kind": "service"}}, {"type": "Feature", "geometry": {"type": "LineString", "coordinates": [[-70.899167, 42.518836], [-70.89914, 42.518801], [-70.898952, 42.518552]]}, "properties": {"layer": "roads", "kind": "service"}}, {"type": "Feature", "geometry": {"type": "LineString", "coordinates": [[-70.900032, 42.518384], [-70.899984, 42.518368], [-70.899951, 42.518363], [-70.899903, 42.518359], [-70.899861, 42.518358], [-70.899801, 42.518362], [-70.899748, 42.518375], [-70.899538, 42.518475], [-70.899528, 42.518483], [-70.899519, 42.518491], [-70.899517, 42.5185], [-70.899516, 42.518509], [-70.899515, 42.518518], [-70.899516, 42.51853], [-70.899526, 42.51855], [-70.899571, 42.51862]]}, "properties": {"layer": "roads", "kind": "service"}}, {"type": "Feature", "geometry": {"type": "LineString", "coordinates": [[-70.901033, 42.522845], [-70.900527, 42.523025]]}, "properties": {"layer": "roads", "kind": "service"}}, {"type": "Feature", "geometry": {"type": "LineString", "coordinates": [[-70.90094, 42.523255], [-70.900915, 42.523221], [-70.900851, 42.523129], [-70.900565, 42.523212], [-70.900527, 42.523025], [-70.900483, 42.522814], [-70.900991, 42.522741], [-70.901033, 42.522845], [-70.901162, 42.52284], [-70.901179, 42.523002], [-70.900851, 42.523129]]}, "properties": {"layer": "roads", "kind": "service"}}, {"type": "Feature", "geometry": {"type": "LineString", "coordinates": [[-70.904875, 42.524022], [-70.904796, 42.523944], [-70.905503, 42.52353], [-70.905138, 42.523109]]}, "properties": {"layer": "roads", "kind": "service"}}, {"type": "Feature", "geometry": {"type": "LineString", "coordinates": [[-70.898861, 42.523106], [-70.898861, 42.522957], [-70.898861, 42.522824], [-70.898832, 42.522686], [-70.898804, 42.522613], [-70.898777, 42.522545]]}, "properties": {"layer": "roads", "kind": "primary"}}, {"type": "Feature", "geometry": {"type": "LineString", "coordinates": [[-70.898861, 42.523106], [-70.898749, 42.523099]]}, "properties": {"layer": "roads", "kind": "primary"}}, {"type": "Feature", "geometry": {"type": "LineString", "coordinates": [[-70.898639, 42.521406], [-70.898738, 42.521374], [-70.898855, 42.521326], [-70.898942, 42.521291]]}, "properties": {"layer": "roads", "kind": "primary"}}, {"type": "Feature", "geometry": {"type": "LineString", "coordinates": [[-70.898639, 42.521406], [-70.898632, 42.521351], [-70.898583, 42.521013]]}, "properties": {"layer": "roads", "kind": "primary"}}, {"type": "Feature", "geometry": {"type": "Polygon", "coordinates": [[[-70.899522, 42.520345], [-70.899278, 42.520363], [-70.89922, 42.519933], [-70.899391, 42.519897], [-70.899453, 42.519957], [-70.899522, 42.520345]]]}, "properties": {"layer": "green", "kind": "park"}}, {"type": "Feature", "geometry": {"type": "LineString", "coordinates": [[-70.894215, 42.521605], [-70.894644, 42.521556], [-70.89491, 42.521528], [-70.895079, 42.521507], [-70.895567, 42.521452], [-70.895674, 42.521444]]}, "properties": {"layer": "roads", "kind": "path"}}, {"type": "Feature", "geometry": {"type": "Polygon", "coordinates": [[[-70.896249, 42.521409], [-70.896245, 42.521164], [-70.896208, 42.521165], [-70.895801, 42.521179], [-70.895763, 42.52118], [-70.89575, 42.521034], [-70.895733, 42.521014], [-70.895709, 42.520839], [-70.89573, 42.520814], [-70.895884, 42.520817], [-70.895883, 42.52083], [-70.896068, 42.520833], [-70.896068, 42.521049], [-70.896055, 42.521049], [-70.896059, 42.521103], [-70.896242, 42.521095], [-70.896239, 42.521059], [-70.896297, 42.521056], [-70.896292, 42.520854], [-70.896378, 42.520853], [-70.896378, 42.521101], [-70.89629, 42.5211], [-70.89629, 42.52111], [-70.896343, 42.521148], [-70.896343, 42.521212], [-70.896404, 42.521212], [-70.896404, 42.521118], [-70.896593, 42.52112], [-70.896592, 42.521171], [-70.896816, 42.521174], [-70.896812, 42.521399], [-70.896395, 42.521399], [-70.896395, 42.521409], [-70.896249, 42.521409]]]}, "properties": {"layer": "buildings", "kind": "building"}}, {"type": "Feature", "geometry": {"type": "LineString", "coordinates": [[-70.905289, 42.51625], [-70.905319, 42.516343], [-70.905361, 42.516513], [-70.905389, 42.516608]]}, "properties": {"layer": "roads", "kind": "residential"}}, {"type": "Feature", "geometry": {"type": "Polygon", "coordinates": [[[-70.898537, 42.521507], [-70.898178, 42.521529], [-70.898192, 42.521655], [-70.898387, 42.521643], [-70.898396, 42.521737], [-70.898556, 42.521726], [-70.898537, 42.521507]]]}, "properties": {"layer": "buildings", "kind": "building"}}, {"type": "Feature", "geometry": {"type": "Polygon", "coordinates": [[[-70.898178, 42.521529], [-70.898177, 42.521519], [-70.897693, 42.521521], [-70.897644, 42.521946], [-70.897744, 42.521951], [-70.897728, 42.52218], [-70.89787, 42.522186], [-70.897889, 42.521996], [-70.897913, 42.521996], [-70.897998, 42.521999], [-70.898, 42.521985], [-70.898346, 42.521984], [-70.898346, 42.521803], [-70.898207, 42.521802], [-70.898192, 42.521655], [-70.898178, 42.521529]]]}, "properties": {"layer": "buildings", "kind": "building"}}, {"type": "Feature", "geometry": {"type": "LineString", "coordinates": [[-70.905918, 42.519706], [-70.905733, 42.519496]]}, "properties": {"layer": "roads", "kind": "residential"}}, {"type": "Feature", "geometry": {"type": "LineString", "coordinates": [[-70.896599, 42.519956], [-70.896598, 42.519996], [-70.896597, 42.520046], [-70.896596, 42.520095], [-70.896574, 42.520274], [-70.896562, 42.52034], [-70.896525, 42.520369], [-70.896491, 42.520367], [-70.896256, 42.520356]]}, "properties": {"layer": "roads", "kind": "service"}}, {"type": "Feature", "geometry": {"type": "LineString", "coordinates": [[-70.896562, 42.52034], [-70.896602, 42.520368], [-70.896736, 42.520372], [-70.896713, 42.520576]]}, "properties": {"layer": "roads", "kind": "service"}}, {"type": "Feature", "geometry": {"type": "LineString", "coordinates": [[-70.896491, 42.520367], [-70.89646, 42.520738]]}, "properties": {"layer": "roads", "kind": "service"}}, {"type": "Feature", "geometry": {"type": "LineString", "coordinates": [[-70.896256, 42.520356], [-70.89623, 42.520514]]}, "properties": {"layer": "roads", "kind": "service"}}, {"type": "Feature", "geometry": {"type": "LineString", "coordinates": [[-70.896724, 42.520816], [-70.896699, 42.52087], [-70.896693, 42.520944], [-70.896699, 42.521008], [-70.896657, 42.52105], [-70.896561, 42.521049], [-70.896515, 42.521007], [-70.89651, 42.520953], [-70.896499, 42.520864], [-70.896481, 42.520807]]}, "properties": {"layer": "roads", "kind": "service"}}, {"type": "Feature", "geometry": {"type": "LineString", "coordinates": [[-70.906258, 42.520804], [-70.906205, 42.520727], [-70.906148, 42.520639], [-70.906056, 42.520498], [-70.905929, 42.520327]]}, "properties": {"layer": "roads", "kind": "service"}}, {"type": "Feature", "geometry": {"type": "LineString", "coordinates": [[-70.906148, 42.520639], [-70.905792, 42.520802]]}, "properties": {"layer": "roads", "kind": "service"}}, {"type": "Feature", "geometry": {"type": "LineString", "coordinates": [[-70.905387, 42.520921], [-70.905246, 42.521014]]}, "properties": {"layer": "roads", "kind": "service"}}, {"type": "Feature", "geometry": {"type": "LineString", "coordinates": [[-70.905792, 42.520802], [-70.90575, 42.520861], [-70.905694, 42.520934], [-70.905595, 42.521], [-70.905535, 42.521035], [-70.905475, 42.521013], [-70.905387, 42.520921]]}, "properties": {"layer": "roads", "kind": "service"}}, {"type": "Feature", "geometry": {"type": "LineString", "coordinates": [[-70.906748, 42.520631], [-70.906561, 42.520391], [-70.906489, 42.520286], [-70.906431, 42.520208], [-70.906397, 42.520124], [-70.906417, 42.520083], [-70.907074, 42.519808], [-70.907113, 42.519798], [-70.907129, 42.519816], [-70.907166, 42.519856], [-70.907227, 42.519956], [-70.907168, 42.519991], [-70.906489, 42.520286]]}, "properties": {"layer": "roads", "kind": "service"}}, {"type": "Feature", "geometry": {"type": "LineString", "coordinates": [[-70.900272, 42.520737], [-70.900321, 42.520821], [-70.900396, 42.520949], [-70.900441, 42.52106], [-70.900445, 42.521154], [-70.900435, 42.52118], [-70.900385, 42.5212]]}, "properties": {"layer": "roads", "kind": "service"}}, {"type": "Feature", "geometry": {"type": "LineString", "coordinates": [[-70.896182, 42.523688], [-70.896249, 42.523621], [-70.896277, 42.523604], [-70.896244, 42.523577], [-70.896196, 42.523526], [-70.896138, 42.52332], [-70.89608, 42.523108]]}, "properties": {"layer": "roads", "kind": "path"}}, {"type": "Feature", "geometry": {"type": "LineString", "coordinates": [[-70.89608, 42.523108], [-70.895989, 42.523116], [-70.895856, 42.523128], [-70.895738, 42.523137]]}, "properties": {"layer": "roads", "kind": "path"}}, {"type": "Feature", "geometry": {"type": "LineString", "coordinates": [[-70.89608, 42.523108], [-70.896056, 42.523011], [-70.89604, 42.522933]]}, "properties": {"layer": "roads", "kind": "path"}}, {"type": "Feature", "geometry": {"type": "Polygon", "coordinates": [[[-70.898037, 42.523454], [-70.898038, 42.52343], [-70.898051, 42.523429], [-70.898052, 42.523396], [-70.898055, 42.523297], [-70.898056, 42.523265], [-70.898057, 42.523237], [-70.898058, 42.523217], [-70.898059, 42.523193], [-70.898046, 42.523192], [-70.898032, 42.523191], [-70.898033, 42.523126], [-70.898048, 42.523122], [-70.898134, 42.523097], [-70.898164, 42.523089], [-70.898051, 42.523086], [-70.897702, 42.523077], [-70.897703, 42.52317], [-70.897729, 42.523168], [-70.897726, 42.523445], [-70.898037, 42.523454]]]}, "properties": {"layer": "buildings", "kind": "building"}}, {"type": "Feature", "geometry": {"type": "Polygon", "coordinates": [[[-70.898528, 42.523405], [-70.898464, 42.523397], [-70.898318, 42.523379], [-70.898286, 42.523375], [-70.898334, 42.523166], [-70.898363, 42.523168], [-70.898375, 42.523125], [-70.898394, 42.523127], [-70.898558, 42.523144], [-70.898547, 42.523189], [-70.898577, 42.523195], [-70.898528, 42.523405]]]}, "properties": {"layer": "buildings", "kind": "building"}}, {"type": "Feature", "geometry": {"type": "Polygon", "coordinates": [[[-70.898464, 42.523397], [-70.898444, 42.523468], [-70.898297, 42.523467], [-70.898307, 42.523425], [-70.898318, 42.523379], [-70.898464, 42.523397]]]}, "properties": {"layer": "buildings", "kind": "building"}}, {"type": "Feature", "geometry": {"type": "LineString", "coordinates": [[-70.898052, 42.523396], [-70.89811, 42.523394], [-70.898307, 42.523425]]}, "properties": {"layer": "roads", "kind": "path"}}, {"type": "Feature", "geometry": {"type": "LineString", "coordinates": [[-70.898052, 42.523396], [-70.898042, 42.523392], [-70.898046, 42.523192]]}, "properties": {"layer": "roads", "kind": "path"}}, {"type": "Feature", "geometry": {"type": "LineString", "coordinates": [[-70.898046, 42.523192], [-70.898048, 42.523122]]}, "properties": {"layer": "roads", "kind": "path"}}, {"type": "Feature", "geometry": {"type": "LineString", "coordinates": [[-70.898048, 42.523122], [-70.89805, 42.523095], [-70.898051, 42.523086]]}, "properties": {"layer": "roads", "kind": "path"}}, {"type": "Feature", "geometry": {"type": "LineString", "coordinates": [[-70.898606, 42.523036], [-70.898616, 42.522978], [-70.898622, 42.522945]]}, "properties": {"layer": "roads", "kind": "path"}}, {"type": "Feature", "geometry": {"type": "LineString", "coordinates": [[-70.898606, 42.523036], [-70.898583, 42.523021], [-70.898545, 42.52301], [-70.898488, 42.523011], [-70.898183, 42.523042], [-70.898051, 42.523054], [-70.897638, 42.523066], [-70.897222, 42.523065], [-70.89679, 42.523065]]}, "properties": {"layer": "roads", "kind": "path"}}, {"type": "Feature", "geometry": {"type": "LineString", "coordinates": [[-70.898051, 42.523086], [-70.898051, 42.523054]]}, "properties": {"layer": "roads", "kind": "path"}}, {"type": "Feature", "geometry": {"type": "LineString", "coordinates": [[-70.89805, 42.523095], [-70.898134, 42.523097]]}, "properties": {"layer": "roads", "kind": "path"}}, {"type": "Feature", "geometry": {"type": "LineString", "coordinates": [[-70.898134, 42.523097], [-70.898396, 42.523121], [-70.898394, 42.523127]]}, "properties": {"layer": "roads", "kind": "path"}}, {"type": "Feature", "geometry": {"type": "Polygon", "coordinates": [[[-70.898297, 42.523467], [-70.898037, 42.523454], [-70.898038, 42.52343], [-70.898051, 42.523429], [-70.898052, 42.523396], [-70.898055, 42.523297], [-70.898113, 42.523299], [-70.898111, 42.523263], [-70.898056, 42.523265], [-70.898057, 42.523237], [-70.898078, 42.523239], [-70.898079, 42.523246], [-70.898114, 42.523244], [-70.898117, 42.523216], [-70.898079, 42.523215], [-70.898058, 42.523217], [-70.898059, 42.523193], [-70.898061, 42.523182], [-70.89808, 42.523182], [-70.89808, 42.523188], [-70.898113, 42.523188], [-70.898116, 42.523161], [-70.898082, 42.523161], [-70.898082, 42.523169], [-70.898063, 42.523168], [-70.898062, 42.523129], [-70.8981, 42.523116], [-70.89822, 42.523128], [-70.8984, 42.52303], [-70.898375, 42.523125], [-70.898363, 42.523168], [-70.898334, 42.523166], [-70.898286, 42.523375], [-70.898318, 42.523379], [-70.898297, 42.523467]]]}, "properties": {"layer": "green", "kind": "grass"}}, {"type": "Feature", "geometry": {"type": "LineString", "coordinates": [[-70.898659, 42.523362], [-70.898615, 42.523363], [-70.898577, 42.523387], [-70.898574, 42.523417], [-70.898584, 42.523471], [-70.898586, 42.523549], [-70.898592, 42.523605], [-70.898593, 42.52369], [-70.898584, 42.523916], [-70.898583, 42.523969]]}, "properties": {"layer": "roads", "kind": "path"}}, {"type": "Feature", "geometry": {"type": "LineString", "coordinates": [[-70.899101, 42.523864], [-70.899138, 42.523579], [-70.899154, 42.523413], [-70.899151, 42.523316]]}, "properties": {"layer": "roads", "kind": "path"}}, {"type": "Feature", "geometry": {"type": "LineString", "coordinates": [[-70.896236, 42.521441], [-70.896203, 42.521412], [-70.89614, 42.521368], [-70.895921, 42.521262], [-70.895801, 42.521209], [-70.895774, 42.521203], [-70.895748, 42.521198], [-70.895738, 42.521198]]}, "properties": {"layer": "roads", "kind": "path"}}, {"type": "Feature", "geometry": {"type": "LineString", "coordinates": [[-70.895921, 42.521262], [-70.895872, 42.52131]]}, "properties": {"layer": "roads", "kind": "path"}}, {"type": "Feature", "geometry": {"type": "LineString", "coordinates": [[-70.895837, 42.521352], [-70.895847, 42.521355], [-70.895859, 42.521355], [-70.89587, 42.521353], [-70.895879, 42.521347], [-70.895885, 42.52134], [-70.895887, 42.521332], [-70.895886, 42.521323], [-70.89588, 42.521316], [-70.895872, 42.52131], [-70.895862, 42.521307], [-70.895852, 42.521307], [-70.895842, 42.521308], [-70.895833, 42.521312], [-70.895826, 42.521318], [-70.895822, 42.521325], [-70.895821, 42.521332], [-70.895823, 42.52134], [-70.895828, 42.521346], [-70.895837, 42.521352]]}, "properties": {"layer": "roads", "kind": "path"}}, {"type": "Feature", "geometry": {"type": "LineString", "coordinates": [[-70.895766, 42.521354], [-70.89572, 42.52136], [-70.895687, 42.521365], [-70.895627, 42.521368], [-70.895577, 42.521374], [-70.895537, 42.521379]]}, "properties": {"layer": "roads", "kind": "path"}}, {"type": "Feature", "geometry": {"type": "LineString", "coordinates": [[-70.895791, 42.521511], [-70.895683, 42.521499], [-70.895573, 42.521487]]}, "properties": {"layer": "roads", "kind": "path"}}, {"type": "Feature", "geometry": {"type": "LineString", "coordinates": [[-70.895837, 42.521352], [-70.895779, 42.521367]]}, "properties": {"layer": "roads", "kind": "path"}}, {"type": "Feature", "geometry": {"type": "LineString", "coordinates": [[-70.896203, 42.521412], [-70.896199, 42.521324], [-70.896194, 42.521201], [-70.895774, 42.521203]]}, "properties": {"layer": "roads", "kind": "path"}}, {"type": "Feature", "geometry": {"type": "LineString", "coordinates": [[-70.896203, 42.521412], [-70.896113, 42.521406], [-70.895996, 42.5214], [-70.895904, 42.521391], [-70.895842, 42.521382], [-70.895779, 42.521367]]}, "properties": {"layer": "roads", "kind": "path"}}, {"type": "Feature", "geometry": {"type": "LineString", "coordinates": [[-70.895779, 42.521367], [-70.895766, 42.521354], [-70.895763, 42.521332], [-70.895757, 42.521312], [-70.895738, 42.521198], [-70.895678, 42.520826]]}, "properties": {"layer": "roads", "kind": "path"}}, {"type": "Feature", "geometry": {"type": "LineString", "coordinates": [[-70.895363, 42.520414], [-70.895426, 42.520408], [-70.895454, 42.520405], [-70.895563, 42.520394], [-70.895594, 42.520391], [-70.895626, 42.520388]]}, "properties": {"layer": "roads", "kind": "path"}}, {"type": "Feature", "geometry": {"type": "Polygon", "coordinates": [[[-70.895881, 42.521364], [-70.895897, 42.521342], [-70.895902, 42.521327], [-70.895896, 42.521316], [-70.895926, 42.521281], [-70.896144, 42.521402], [-70.895925, 42.521385], [-70.895881, 42.521364]]]}, "properties": {"layer": "green", "kind": "grass"}}, {"type": "Feature", "geometry": {"type": "Polygon", "coordinates": [[[-70.895807, 42.521326], [-70.895808, 42.521313], [-70.895822, 42.521304], [-70.895848, 42.521296], [-70.895861, 42.521294], [-70.895889, 42.521262], [-70.895784, 42.521212], [-70.895764, 42.521227], [-70.895774, 42.521311], [-70.895807, 42.521326]]]}, "properties": {"layer": "green", "kind": "grass"}}, {"type": "Feature", "geometry": {"type": "Polygon", "coordinates": [[[-70.896182, 42.521242], [-70.896149, 42.52122], [-70.896028, 42.521231], [-70.896022, 42.521211], [-70.895874, 42.521216], [-70.896146, 42.521353], [-70.896182, 42.52135], [-70.896182, 42.521242]]]}, "properties": {"layer": "green", "kind": "grass"}}, {"type": "Feature", "geometry": {"type": "LineString", "coordinates": [[-70.89581, 42.519614], [-70.89582, 42.519617], [-70.895837, 42.519623], [-70.895867, 42.519626], [-70.895899, 42.519621], [-70.895927, 42.519608], [-70.895947, 42.519589], [-70.895958, 42.519566], [-70.895957, 42.519542], [-70.895945, 42.519519], [-70.895924, 42.519501], [-70.895895, 42.519489], [-70.895863, 42.519484], [-70.895831, 42.519489], [-70.895821, 42.519492], [-70.895804, 42.519499], [-70.895783, 42.519515], [-70.895771, 42.519536], [-70.895767, 42.519558], [-70.895773, 42.519579], [-70.895787, 42.519599], [-70.895793, 42.519603], [-70.89581, 42.519614]]}, "properties": {"layer": "roads", "kind": "path"}}, {"type": "Feature", "geometry": {"type": "LineString", "coordinates": [[-70.89582, 42.519617], [-70.895802, 42.519644], [-70.895774, 42.519692], [-70.895764, 42.519709]]}, "properties": {"layer": "roads", "kind": "path"}}, {"type": "Feature", "geometry": {"type": "LineString", "coordinates": [[-70.895764, 42.519709], [-70.895733, 42.519761], [-70.895722, 42.519787], [-70.895696, 42.519873], [-70.895678, 42.519918], [-70.895663, 42.519984]]}, "properties": {"layer": "roads", "kind": "path"}}, {"type": "Feature", "geometry": {"type": "LineString", "coordinates": [[-70.895663, 42.519984], [-70.895579, 42.519955], [-70.895565, 42.51995], [-70.895405, 42.519894], [-70.895374, 42.519883], [-70.895288, 42.519853], [-70.895288, 42.519812], [-70.895289, 42.519733], [-70.89529, 42.519634], [-70.89529, 42.519621], [-70.89529, 42.519574], [-70.895379, 42.51958], [-70.895411, 42.519582], [-70.895607, 42.519596], [-70.895648, 42.519598], [-70.895661, 42.519599]]}, "properties": {"layer": "roads", "kind": "path"}}, {"type": "Feature", "geometry": {"type": "LineString", "coordinates": [[-70.895661, 42.519599], [-70.895688, 42.519601], [-70.895744, 42.519603], [-70.895793, 42.519603]]}, "properties": {"layer": "roads", "kind": "path"}}, {"type": "Feature", "geometry": {"type": "LineString", "coordinates": [[-70.895927, 42.519608], [-70.89598, 42.519615], [-70.896017, 42.519618], [-70.896034, 42.51962]]}, "properties": {"layer": "roads", "kind": "path"}}, {"type": "Feature", "geometry": {"type": "LineString", "coordinates": [[-70.896034, 42.51962], [-70.896091, 42.519623], [-70.896168, 42.519628]]}, "properties": {"layer": "roads", "kind": "path"}}, {"type": "Feature", "geometry": {"type": "LineString", "coordinates": [[-70.8961, 42.520032], [-70.896116, 42.519975], [-70.896122, 42.51995], [-70.896131, 42.519902], [-70.896153, 42.519818]]}, "properties": {"layer": "roads", "kind": "path"}}, {"type": "Feature", "geometry": {"type": "LineString", "coordinates": [[-70.895924, 42.519501], [-70.89595, 42.519473], [-70.896078, 42.519339], [-70.896083, 42.519317], [-70.896081, 42.519295], [-70.896053, 42.519268]]}, "properties": {"layer": "roads", "kind": "path"}}, {"type": "Feature", "geometry": {"type": "LineString", "coordinates": [[-70.896083, 42.519317], [-70.896122, 42.519142]]}, "properties": {"layer": "roads", "kind": "path"}}, {"type": "Feature", "geometry": {"type": "LineString", "coordinates": [[-70.895821, 42.519492], [-70.895804, 42.519466], [-70.89569, 42.519295]]}, "properties": {"layer": "roads", "kind": "path"}}, {"type": "Feature", "geometry": {"type": "Polygon", "coordinates": [[[-70.896009, 42.519724], [-70.896099, 42.519359], [-70.89604, 42.519346], [-70.895726, 42.519304], [-70.895719, 42.519333], [-70.895678, 42.519331], [-70.895682, 42.519454], [-70.895675, 42.519596], [-70.895686, 42.519632], [-70.895774, 42.519712], [-70.895799, 42.519732], [-70.895826, 42.51974], [-70.895896, 42.519758], [-70.895995, 42.519784], [-70.896009, 42.519724]]]}, "properties": {"layer": "green", "kind": "park"}}, {"type": "Feature", "geometry": {"type": "LineString", "coordinates": [[-70.89586, 42.519657], [-70.895907, 42.519653], [-70.895949, 42.519638], [-70.89598, 42.519615], [-70.896, 42.519586], [-70.896006, 42.519554], [-70.895999, 42.519522], [-70.895978, 42.519493], [-70.89595, 42.519473], [-70.895907, 42.519457], [-70.895864, 42.519453], [-70.89585, 42.519454], [-70.89582, 42.519458], [-70.895804, 42.519466], [-70.895779, 42.519476], [-70.895748, 42.519502], [-70.895731, 42.519535], [-70.89573, 42.51957], [-70.895744, 42.519603], [-70.895773, 42.51963], [-70.895802, 42.519644], [-70.895813, 42.519649], [-70.89586, 42.519657]]}, "properties": {"layer": "roads", "kind": "path"}}, {"type": "Feature", "geometry": {"type": "LineString", "coordinates": [[-70.895907, 42.519457], [-70.895864, 42.519453], [-70.89585, 42.519454], [-70.895852, 42.519417], [-70.895916, 42.51942], [-70.895907, 42.519457]]}, "properties": {"layer": "roads", "kind": "path"}}, {"type": "Feature", "geometry": {"type": "Polygon", "coordinates": [[[-70.895829, 42.520234], [-70.895839, 42.520342], [-70.895891, 42.520339], [-70.895892, 42.520354], [-70.895976, 42.52035], [-70.895964, 42.520226], [-70.895829, 42.520234]]]}, "properties": {"layer": "buildings", "kind": "building"}}, {"type": "Feature", "geometry": {"type": "Polygon", "coordinates": [[[-70.896012, 42.520488], [-70.896001, 42.520353], [-70.895839, 42.520361], [-70.895846, 42.520437], [-70.895851, 42.520496], [-70.896012, 42.520488]]]}, "properties": {"layer": "buildings", "kind": "building"}}, {"type": "Feature", "geometry": {"type": "LineString", "coordinates": [[-70.895571, 42.52045], [-70.895601, 42.520449], [-70.895633, 42.520447], [-70.895846, 42.520437]]}, "properties": {"layer": "roads", "kind": "path"}}, {"type": "Feature", "geometry": {"type": "Polygon", "coordinates": [[[-70.895851, 42.520496], [-70.895672, 42.520507], [-70.895663, 42.520456], [-70.895663, 42.520427], [-70.895655, 42.520371], [-70.895839, 42.520361], [-70.895851, 42.520496]]]}, "properties": {"layer": "green", "kind": "grass"}}, {"type": "Feature", "geometry": {"type": "LineString", "coordinates": [[-70.895778, 42.520008], [-70.895846, 42.520019], [-70.895959, 42.520036]]}, "properties": {"layer": "roads", "kind": "path"}}, {"type": "Feature", "geometry": {"type": "LineString", "coordinates": [[-70.8961, 42.520032], [-70.895959, 42.520036]]}, "properties": {"layer": "roads", "kind": "path"}}, {"type": "Feature", "geometry": {"type": "LineString", "coordinates": [[-70.895778, 42.520008], [-70.895663, 42.519984]]}, "properties": {"layer": "roads", "kind": "path"}}, {"type": "Feature", "geometry": {"type": "LineString", "coordinates": [[-70.895553, 42.520286], [-70.89558, 42.520284], [-70.895631, 42.520281], [-70.895666, 42.520279], [-70.89571, 42.520273], [-70.89573, 42.520264], [-70.89575, 42.520247], [-70.895755, 42.520228], [-70.895765, 42.52019], [-70.895773, 42.520158], [-70.895793, 42.520103], [-70.895814, 42.520066], [-70.895846, 42.520019], [-70.895877, 42.519993], [-70.89591, 42.519976], [-70.895934, 42.519963], [-70.895959, 42.51995], [-70.895974, 42.519945]]}, "properties": {"layer": "roads", "kind": "service"}}, {"type": "Feature", "geometry": {"type": "Polygon", "coordinates": [[[-70.895811, 42.519996], [-70.895814, 42.519973], [-70.895808, 42.51996], [-70.895798, 42.519951], [-70.895784, 42.519944], [-70.89576, 42.51994], [-70.895732, 42.51994], [-70.895708, 42.519948], [-70.895691, 42.519962], [-70.895811, 42.519996]]]}, "properties": {"layer": "green", "kind": "grass"}}, {"type": "Feature", "geometry": {"type": "Polygon", "coordinates": [[[-70.899716, 42.521455], [-70.89972, 42.521446], [-70.899724, 42.521441], [-70.899726, 42.521433], [-70.899728, 42.521428], [-70.899727, 42.521424], [-70.899726, 42.521418], [-70.899726, 42.521411], [-70.899722, 42.521399], [-70.899715, 42.521391], [-70.899712, 42.521387], [-70.899708, 42.521385], [-70.899694, 42.521383], [-70.899683, 42.521383], [-70.899677, 42.521385], [-70.899667, 42.521388], [-70.899654, 42.521392], [-70.899646, 42.521397], [-70.899643, 42.521402], [-70.899638, 42.521413], [-70.899638, 42.521422], [-70.899638, 42.52143], [-70.89964, 42.52144], [-70.899643, 42.521452], [-70.899645, 42.521456], [-70.899653, 42.521466], [-70.89966, 42.521471], [-70.899665, 42.521472], [-70.899672, 42.521472], [-70.899683, 42.521472], [-70.899697, 42.521472], [-70.899704, 42.521468], [-70.899706, 42.521467], [-70.899713, 42.52146], [-70.899716, 42.521455]]]}, "properties": {"layer": "water", "kind": "water"}}, {"type": "Feature", "geometry": {"type": "LineString", "coordinates": [[-70.899497, 42.521062], [-70.899548, 42.521125], [-70.899719, 42.521337], [-70.899804, 42.521442], [-70.899827, 42.521471], [-70.89986, 42.521512]]}, "properties": {"layer": "roads", "kind": "path"}}, {"type": "Feature", "geometry": {"type": "LineString", "coordinates": [[-70.899926, 42.521599], [-70.89995, 42.521585], [-70.899969, 42.521567], [-70.899981, 42.521547], [-70.899986, 42.521524], [-70.899984, 42.521502], [-70.899974, 42.521482], [-70.899957, 42.521462], [-70.899935, 42.521447], [-70.899908, 42.521436], [-70.899878, 42.521431], [-70.899847, 42.521431], [-70.899819, 42.521436], [-70.899804, 42.521442], [-70.89979, 42.521448], [-70.899781, 42.521454], [-70.899768, 42.521463], [-70.899751, 42.521483], [-70.899742, 42.521505], [-70.899741, 42.521528], [-70.899747, 42.52155], [-70.899765, 42.521574], [-70.899781, 42.521588], [-70.899807, 42.521601], [-70.899836, 42.521609], [-70.899867, 42.521611], [-70.899898, 42.521608], [-70.899926, 42.521599]]}, "properties": {"layer": "roads", "kind": "path"}}, {"type": "Feature", "geometry": {"type": "LineString", "coordinates": [[-70.8999, 42.521569], [-70.899917, 42.521559], [-70.89993, 42.521545], [-70.899937, 42.521529], [-70.899937, 42.521512], [-70.899932, 42.5215], [-70.899918, 42.521482], [-70.8999, 42.521472], [-70.899879, 42.521466], [-70.899856, 42.521465], [-70.899827, 42.521471], [-70.899814, 42.521477], [-70.899799, 42.521489], [-70.899789, 42.521504], [-70.899786, 42.521521], [-70.899789, 42.521537], [-70.899799, 42.521552], [-70.899806, 42.521558], [-70.899814, 42.521564], [-70.899834, 42.521573], [-70.899856, 42.521576], [-70.899878, 42.521575], [-70.8999, 42.521569]]}, "properties": {"layer": "roads", "kind": "path"}}, {"type": "Feature", "geometry": {"type": "LineString", "coordinates": [[-70.899842, 42.521529], [-70.899843, 42.521523], [-70.899847, 42.521518], [-70.899853, 42.521514], [-70.89986, 42.521512], [-70.899867, 42.521511], [-70.899874, 42.521513], [-70.89988, 42.521515], [-70.899885, 42.521519], [-70.899888, 42.521524], [-70.899888, 42.52153], [-70.899886, 42.521535], [-70.899883, 42.521539], [-70.899877, 42.521543], [-70.899871, 42.521545], [-70.899863, 42.521545], [-70.899855, 42.521543], [-70.899849, 42.52154], [-70.899844, 42.521535], [-70.899842, 42.521529]]}, "properties": {"layer": "roads", "kind": "path"}}, {"type": "Feature", "geometry": {"type": "LineString", "coordinates": [[-70.899926, 42.521599], [-70.8999, 42.521569], [-70.899877, 42.521543]]}, "properties": {"layer": "roads", "kind": "path"}}, {"type": "Feature", "geometry": {"type": "LineString", "coordinates": [[-70.899926, 42.521599], [-70.900143, 42.521513], [-70.900113, 42.52147], [-70.900088, 42.521434], [-70.900057, 42.521392], [-70.90003, 42.521352], [-70.900025, 42.521355], [-70.899819, 42.521436]]}, "properties": {"layer": "roads", "kind": "path"}}, {"type": "Feature", "geometry": {"type": "LineString", "coordinates": [[-70.900143, 42.521513], [-70.900179, 42.521503], [-70.900144, 42.521411], [-70.900104, 42.521317], [-70.900025, 42.521355]]}, "properties": {"layer": "roads", "kind": "path"}}, {"type": "Feature", "geometry": {"type": "LineString", "coordinates": [[-70.900144, 42.521411], [-70.900088, 42.521434], [-70.899974, 42.521482], [-70.899932, 42.5215], [-70.899885, 42.521519]]}, "properties": {"layer": "roads", "kind": "path"}}, {"type": "Feature", "geometry": {"type": "LineString", "coordinates": [[-70.899849, 42.52154], [-70.899806, 42.521558], [-70.899765, 42.521574], [-70.899692, 42.521605], [-70.899688, 42.521596], [-70.899685, 42.521585], [-70.899682, 42.521572], [-70.899677, 42.521552], [-70.899676, 42.521528], [-70.899676, 42.521508], [-70.899781, 42.521454], [-70.899804, 42.521442]]}, "properties": {"layer": "roads", "kind": "path"}}, {"type": "Feature", "geometry": {"type": "LineString", "coordinates": [[-70.899692, 42.521605], [-70.899699, 42.521623], [-70.899709, 42.521642], [-70.899715, 42.521653], [-70.899726, 42.521667], [-70.899738, 42.521683], [-70.899926, 42.521599]]}, "properties": {"layer": "roads", "kind": "path"}}, {"type": "Feature", "geometry": {"type": "LineString", "coordinates": [[-70.900113, 42.52147], [-70.899986, 42.521524]]}, "properties": {"layer": "roads", "kind": "path"}}, {"type": "Feature", "geometry": {"type": "LineString", "coordinates": [[-70.900057, 42.521392], [-70.899935, 42.521447]]}, "properties": {"layer": "roads", "kind": "path"}}, {"type": "Feature", "geometry": {"type": "LineString", "coordinates": [[-70.899741, 42.521528], [-70.899677, 42.521552]]}, "properties": {"layer": "roads", "kind": "path"}}, {"type": "Feature", "geometry": {"type": "LineString", "coordinates": [[-70.899807, 42.521601], [-70.899709, 42.521642]]}, "properties": {"layer": "roads", "kind": "path"}}, {"type": "Feature", "geometry": {"type": "LineString", "coordinates": [[-70.899747, 42.521151], [-70.899685, 42.521068]]}, "properties": {"layer": "roads", "kind": "path"}}, {"type": "Feature", "geometry": {"type": "LineString", "coordinates": [[-70.899376, 42.521197], [-70.899188, 42.521271]]}, "properties": {"layer": "roads", "kind": "path"}}, {"type": "Feature", "geometry": {"type": "LineString", "coordinates": [[-70.899112, 42.521221], [-70.899154, 42.521284], [-70.899165, 42.521301], [-70.899212, 42.521377], [-70.899238, 42.521392], [-70.899307, 42.521395], [-70.899357, 42.521384], [-70.899415, 42.52137], [-70.899474, 42.521344], [-70.89949, 42.521302], [-70.899475, 42.521271], [-70.899453, 42.521224], [-70.899418, 42.52118], [-70.899412, 42.521173], [-70.899369, 42.521116]]}, "properties": {"layer": "roads", "kind": "service"}}, {"type": "Feature", "geometry": {"type": "LineString", "coordinates": [[-70.899415, 42.52137], [-70.899518, 42.521399], [-70.899533, 42.521415], [-70.899547, 42.521445], [-70.899592, 42.521596], [-70.899623, 42.521691], [-70.899638, 42.521778], [-70.899714, 42.521773], [-70.899797, 42.521769], [-70.89984, 42.521767], [-70.899935, 42.521766]]}, "properties": {"layer": "roads", "kind": "path"}}, {"type": "Feature", "geometry": {"type": "LineString", "coordinates": [[-70.899738, 42.521683], [-70.899797, 42.521769]]}, "properties": {"layer": "roads", "kind": "path"}}, {"type": "Feature", "geometry": {"type": "Polygon", "coordinates": [[[-70.899762, 42.521856], [-70.899759, 42.521807], [-70.899654, 42.521811], [-70.899655, 42.52182], [-70.899628, 42.521821], [-70.89963, 42.521851], [-70.899669, 42.52185], [-70.89967, 42.521859], [-70.899762, 42.521856]]]}, "properties": {"layer": "buildings", "kind": "building"}}, {"type": "Feature", "geometry": {"type": "LineString", "coordinates": [[-70.898884, 42.521485], [-70.898859, 42.521398]]}, "properties": {"layer": "roads", "kind": "path"}}, {"type": "Feature", "geometry": {"type": "LineString", "coordinates": [[-70.898863, 42.521611], [-70.898874, 42.521627], [-70.898884, 42.521646], [-70.898888, 42.521665], [-70.898877, 42.521677], [-70.898855, 42.521681], [-70.898819, 42.521673], [-70.898764, 42.521656]]}, "properties": {"layer": "roads", "kind": "path"}}, {"type": "Feature", "geometry": {"type": "LineString", "coordinates": [[-70.899238, 42.521392], [-70.899225, 42.521446], [-70.899283, 42.521625], [-70.899299, 42.521675]]}, "properties": {"layer": "roads", "kind": "path"}}, {"type": "Feature", "geometry": {"type": "LineString", "coordinates": [[-70.897134, 42.518634], [-70.897146, 42.518601], [-70.89716, 42.518575], [-70.897164, 42.518555], [-70.897167, 42.518525], [-70.897158, 42.518476], [-70.897148, 42.518425], [-70.897128, 42.518365]]}, "properties": {"layer": "roads", "kind": "path"}}, {"type": "Feature", "geometry": {"type": "LineString", "coordinates": [[-70.903454, 42.52225], [-70.903445, 42.522201], [-70.903408, 42.522019], [-70.903343, 42.521904], [-70.903165, 42.521981], [-70.903152, 42.522104], [-70.903214, 42.522303], [-70.903227, 42.522346]]}, "properties": {"layer": "roads", "kind": "service"}}, {"type": "Feature", "geometry": {"type": "LineString", "coordinates": [[-70.896523, 42.517333], [-70.896621, 42.517337], [-70.89682, 42.517344]]}, "properties": {"layer": "roads", "kind": "service"}}, {"type": "Feature", "geometry": {"type": "LineString", "coordinates": [[-70.89592, 42.515768], [-70.895831, 42.515761], [-70.895709, 42.515752]]}, "properties": {"layer": "roads", "kind": "service"}}, {"type": "Feature", "geometry": {"type": "LineString", "coordinates": [[-70.895834, 42.516273], [-70.895738, 42.51627], [-70.895631, 42.516267]]}, "properties": {"layer": "roads", "kind": "service"}}, {"type": "Feature", "geometry": {"type": "LineString", "coordinates": [[-70.89565, 42.516138], [-70.895631, 42.516267], [-70.895617, 42.51636], [-70.89561, 42.516406]]}, "properties": {"layer": "roads", "kind": "service"}}, {"type": "Feature", "geometry": {"type": "LineString", "coordinates": [[-70.89565, 42.516138], [-70.895709, 42.515752]]}, "properties": {"layer": "roads", "kind": "service"}}, {"type": "Feature", "geometry": {"type": "LineString", "coordinates": [[-70.897532, 42.521967], [-70.896777, 42.521944]]}, "properties": {"layer": "roads", "kind": "service"}}, {"type": "Feature", "geometry": {"type": "LineString", "coordinates": [[-70.897528, 42.521791], [-70.896795, 42.521769]]}, "properties": {"layer": "roads", "kind": "service"}}, {"type": "Feature", "geometry": {"type": "LineString", "coordinates": [[-70.897517, 42.523863], [-70.897516, 42.523795], [-70.897514, 42.523358]]}, "properties": {"layer": "roads", "kind": "service"}}, {"type": "Feature", "geometry": {"type": "LineString", "coordinates": [[-70.898782, 42.515887], [-70.898811, 42.515838], [-70.89887, 42.515735], [-70.898632, 42.515336], [-70.898582, 42.515254], [-70.89854, 42.515183]]}, "properties": {"layer": "roads", "kind": "service"}}, {"type": "Feature", "geometry": {"type": "LineString", "coordinates": [[-70.896956, 42.515262], [-70.897491, 42.515292], [-70.897623, 42.515264], [-70.897682, 42.515276], [-70.8977, 42.515279], [-70.897763, 42.515306], [-70.897956, 42.515458], [-70.898017, 42.515506]]}, "properties": {"layer": "roads", "kind": "service"}}, {"type": "Feature", "geometry": {"type": "LineString", "coordinates": [[-70.898017, 42.515506], [-70.898386, 42.515276], [-70.89854, 42.515183], [-70.898823, 42.515014], [-70.898879, 42.51498], [-70.898948, 42.514939], [-70.899047, 42.514879], [-70.899167, 42.514807], [-70.899314, 42.514714], [-70.899377, 42.514668], [-70.899477, 42.514594], [-70.899623, 42.514485], [-70.899651, 42.514458], [-70.899705, 42.514418], [-70.899759, 42.514295], [-70.899856, 42.514099], [-70.900029, 42.513707], [-70.900051, 42.513658], [-70.900201, 42.513317], [-70.900206, 42.513306], [-70.900229, 42.513254], [-70.900436, 42.512786], [-70.900475, 42.512696], [-70.900513, 42.512608], [-70.900583, 42.512447], [-70.900674, 42.512233], [-70.900697, 42.512178], [-70.900772, 42.512019], [-70.900797, 42.511956], [-70.900824, 42.51189], [-70.900867, 42.511756], [-70.900896, 42.511623], [-70.900905, 42.51155], [-70.900924, 42.511407], [-70.900944, 42.511251], [-70.900991, 42.510988], [-70.901012, 42.51087], [-70.901034, 42.510763], [-70.901113, 42.510375], [-70.901188, 42.510025], [-70.901222, 42.509852], [-70.901235, 42.509793], [-70.901251, 42.509712], [-70.901257, 42.509685], [-70.901284, 42.509564], [-70.901337, 42.509328], [-70.901398, 42.509045], [-70.901444, 42.508804], [-70.901487, 42.508583], [-70.901563, 42.508197], [-70.901613, 42.507965], [-70.901635, 42.507862], [-70.901666, 42.507715], [-70.901693, 42.507576], [-70.901713, 42.507449], [-70.901722, 42.507336], [-70.901713, 42.507235], [-70.901676, 42.507102], [-70.901637, 42.506951], [-70.90155, 42.506655], [-70.901473, 42.506418], [-70.901438, 42.506262], [-70.901361, 42.506037], [-70.901324, 42.505927], [-70.901228, 42.505594], [-70.901227, 42.50559], [-70.901144, 42.505289], [-70.901036, 42.504924], [-70.900951, 42.50465], [-70.900902, 42.50449], [-70.900886, 42.504437], [-70.900836, 42.504265], [-70.900779, 42.504067], [-70.900717, 42.503891], [-70.900689, 42.50382], [-70.900668, 42.503767], [-70.900643, 42.503733]]}, "properties": {"layer": "roads", "kind": "secondary"}}, {"type": "Feature", "geometry": {"type": "LineString", "coordinates": [[-70.900038, 42.520829], [-70.899997, 42.520776], [-70.899956, 42.520723], [-70.899908, 42.520631], [-70.899881, 42.520527], [-70.899859, 42.520402], [-70.899845, 42.520342], [-70.899807, 42.520303], [-70.899746, 42.520289], [-70.899576, 42.5203]]}, "properties": {"layer": "roads", "kind": "service"}}, {"type": "Feature", "geometry": {"type": "LineString", "coordinates": [[-70.899497, 42.521062], [-70.899467, 42.520997], [-70.899456, 42.520974], [-70.899365, 42.52081], [-70.899328, 42.520737]]}, "properties": {"layer": "roads", "kind": "service"}}, {"type": "Feature", "geometry": {"type": "LineString", "coordinates": [[-70.905063, 42.518181], [-70.905627, 42.518589]]}, "properties": {"layer": "roads", "kind": "service"}}, {"type": "Feature", "geometry": {"type": "LineString", "coordinates": [[-70.905759, 42.517957], [-70.905614, 42.51821], [-70.90581, 42.518307]]}, "properties": {"layer": "roads", "kind": "service"}}, {"type": "Feature", "geometry": {"type": "LineString", "coordinates": [[-70.906482, 42.520719], [-70.906377, 42.520524], [-70.906215, 42.520266]]}, "properties": {"layer": "roads", "kind": "service"}}, {"type": "Feature", "geometry": {"type": "LineString", "coordinates": [[-70.89776, 42.518774], [-70.897761, 42.518716], [-70.897749, 42.518656], [-70.897696, 42.518462]]}, "properties": {"layer": "roads", "kind": "service"}}, {"type": "Feature", "geometry": {"type": "LineString", "coordinates": [[-70.899672, 42.522549], [-70.899651, 42.522513], [-70.899528, 42.522306], [-70.899515, 42.522286], [-70.899493, 42.52228], [-70.899464, 42.522281], [-70.899278, 42.522345], [-70.899301, 42.522453], [-70.899356, 42.522551], [-70.899396, 42.522623], [-70.899419, 42.522664]]}, "properties": {"layer": "roads", "kind": "service"}}, {"type": "Feature", "geometry": {"type": "LineString", "coordinates": [[-70.899356, 42.522551], [-70.898894, 42.522603], [-70.898878, 42.522604], [-70.898804, 42.522613], [-70.898775, 42.522615]]}, "properties": {"layer": "roads", "kind": "service"}}, {"type": "Feature", "geometry": {"type": "LineString", "coordinates": [[-70.902936, 42.521066], [-70.903034, 42.521208], [-70.903062, 42.521281], [-70.903122, 42.521355], [-70.903187, 42.521498]]}, "properties": {"layer": "roads", "kind": "service"}}, {"type": "Feature", "geometry": {"type": "LineString", "coordinates": [[-70.904149, 42.521935], [-70.904125, 42.521912], [-70.904085, 42.521873], [-70.90353, 42.522109]]}, "properties": {"layer": "roads", "kind": "service"}}, {"type": "Feature", "geometry": {"type": "LineString", "coordinates": [[-70.905681, 42.516251], [-70.905796, 42.516253], [-70.905862, 42.516254], [-70.906266, 42.516222]]}, "properties": {"layer": "roads", "kind": "service"}}, {"type": "Feature", "geometry": {"type": "LineString", "coordinates": [[-70.89686, 42.516002], [-70.896682, 42.516097]]}, "properties": {"layer": "roads", "kind": "service"}}, {"type": "Feature", "geometry": {"type": "LineString", "coordinates": [[-70.896682, 42.516097], [-70.896631, 42.516162], [-70.896661, 42.51623], [-70.896696, 42.516309]]}, "properties": {"layer": "roads", "kind": "service"}}, {"type": "Feature", "geometry": {"type": "LineString", "coordinates": [[-70.905354, 42.520272], [-70.905182, 42.520046]]}, "properties": {"layer": "roads", "kind": "service"}}, {"type": "Feature", "geometry": {"type": "LineString", "coordinates": [[-70.903829, 42.51534], [-70.903842, 42.515305], [-70.903894, 42.51517], [-70.90391, 42.515126], [-70.903915, 42.515096], [-70.903907, 42.515067], [-70.903871, 42.515054], [-70.903826, 42.515053], [-70.903786, 42.515056], [-70.903757, 42.515074], [-70.90374, 42.515093], [-70.903736, 42.515119], [-70.903725, 42.515167], [-70.903687, 42.515277], [-70.903674, 42.515316]]}, "properties": {"layer": "roads", "kind": "service"}}, {"type": "Feature", "geometry": {"type": "LineString", "coordinates": [[-70.896647, 42.51926], [-70.896636, 42.519025], [-70.896633, 42.51896], [-70.896625, 42.518884], [-70.89662, 42.518835]]}, "properties": {"layer": "roads", "kind": "service"}}, {"type": "Feature", "geometry": {"type": "LineString", "coordinates": [[-70.898144, 42.519478], [-70.897599, 42.519505], [-70.897498, 42.51951]]}, "properties": {"layer": "roads", "kind": "service"}}, {"type": "Feature", "geometry": {"type": "LineString", "coordinates": [[-70.896631, 42.516162], [-70.896502, 42.516091], [-70.896449, 42.51601], [-70.896413, 42.515899]]}, "properties": {"layer": "roads", "kind": "service"}}, {"type": "Feature", "geometry": {"type": "LineString", "coordinates": [[-70.896413, 42.515899], [-70.896456, 42.515578], [-70.896486, 42.515415], [-70.896489, 42.515396], [-70.89651, 42.515224], [-70.896536, 42.514937], [-70.896547, 42.514878], [-70.896575, 42.514862], [-70.896633, 42.514859], [-70.896796, 42.514874], [-70.897009, 42.514893]]}, "properties": {"layer": "roads", "kind": "service"}}, {"type": "Feature", "geometry": {"type": "LineString", "coordinates": [[-70.896489, 42.515396], [-70.896726, 42.515409], [-70.896931, 42.515421]]}, "properties": {"layer": "roads", "kind": "service"}}, {"type": "Feature", "geometry": {"type": "LineString", "coordinates": [[-70.896796, 42.514874], [-70.89675, 42.515202], [-70.896726, 42.515409]]}, "properties": {"layer": "roads", "kind": "service"}}, {"type": "Feature", "geometry": {"type": "LineString", "coordinates": [[-70.90639, 42.518122], [-70.906333, 42.518217], [-70.906181, 42.518416]]}, "properties": {"layer": "roads", "kind": "service"}}, {"type": "Feature", "geometry": {"type": "LineString", "coordinates": [[-70.902684, 42.517084], [-70.902475, 42.517186], [-70.90226, 42.517295], [-70.90203, 42.517403], [-70.901929, 42.517452], [-70.901696, 42.517561], [-70.901613, 42.517602], [-70.901303, 42.517755], [-70.900976, 42.517918], [-70.900733, 42.518037], [-70.900607, 42.518101], [-70.900435, 42.518183]]}, "properties": {"layer": "roads", "kind": "secondary"}}, {"type": "Feature", "geometry": {"type": "LineString", "coordinates": [[-70.903114, 42.516996], [-70.903145, 42.517083], [-70.903185, 42.517192], [-70.903269, 42.517436], [-70.903357, 42.517703], [-70.903422, 42.517929]]}, "properties": {"layer": "roads", "kind": "secondary"}}, {"type": "Feature", "geometry": {"type": "LineString", "coordinates": [[-70.906044, 42.523407], [-70.905757, 42.523142], [-70.906363, 42.52277], [-70.906335, 42.522692], [-70.905752, 42.522224], [-70.905726, 42.522184], [-70.905734, 42.522148], [-70.905757, 42.522107], [-70.906081, 42.521914], [-70.906156, 42.521853], [-70.906376, 42.521571]]}, "properties": {"layer": "roads", "kind": "service"}}, {"type": "Feature", "geometry": {"type": "LineString", "coordinates": [[-70.896542, 42.511814], [-70.896434, 42.512637], [-70.896385, 42.513078], [-70.896347, 42.51336], [-70.896335, 42.513439], [-70.896251, 42.514002], [-70.896235, 42.514103], [-70.896178, 42.514388], [-70.896136, 42.514627], [-70.896066, 42.515006], [-70.896055, 42.515059], [-70.895986, 42.515403], [-70.89592, 42.515768], [-70.895893, 42.51592], [-70.895834, 42.516273], [-70.895821, 42.51635], [-70.895815, 42.516385], [-70.895745, 42.516781], [-70.895736, 42.516842], [-70.895734, 42.516858], [-70.895696, 42.517109], [-70.895665, 42.517228], [-70.89561, 42.517345], [-70.895533, 42.517453], [-70.895528, 42.517461], [-70.89539, 42.517656]]}, "properties": {"layer": "roads", "kind": "primary"}}, {"type": "Feature", "geometry": {"type": "LineString", "coordinates": [[-70.895683, 42.518094], [-70.895617, 42.518087], [-70.895538, 42.518079], [-70.895494, 42.518075]]}, "properties": {"layer": "roads", "kind": "primary"}}, {"type": "Feature", "geometry": {"type": "LineString", "coordinates": [[-70.90563, 42.521214], [-70.905783, 42.521285], [-70.905857, 42.521323], [-70.906033, 42.521407], [-70.906091, 42.521435], [-70.906111, 42.521444]]}, "properties": {"layer": "roads", "kind": "residential"}}, {"type": "Feature", "geometry": {"type": "LineString", "coordinates": [[-70.904493, 42.522316], [-70.904409, 42.522375], [-70.904306, 42.522443], [-70.904184, 42.522525], [-70.904095, 42.522584], [-70.904024, 42.522633], [-70.903987, 42.522669], [-70.903972, 42.522692], [-70.903938, 42.522741], [-70.903904, 42.522806], [-70.903894, 42.522857], [-70.903889, 42.522901], [-70.903894, 42.52295]]}, "properties": {"layer": "roads", "kind": "path"}}, {"type": "Feature", "geometry": {"type": "Polygon", "coordinates": [[[-70.899444, 42.521469], [-70.899431, 42.521437], [-70.89942, 42.521411], [-70.899402, 42.521415], [-70.899373, 42.521422], [-70.899328, 42.521432], [-70.899351, 42.521489], [-70.899444, 42.521469]]]}, "properties": {"layer": "buildings", "kind": "building"}}, {"type": "Feature", "geometry": {"type": "LineString", "coordinates": [[-70.89875, 42.521441], [-70.898859, 42.521398], [-70.89898, 42.521349], [-70.899154, 42.521284], [-70.899188, 42.521271], [-70.899203, 42.521293], [-70.899219, 42.52131], [-70.899238, 42.521325], [-70.899261, 42.521343], [-70.899297, 42.521352], [-70.899345, 42.521351], [-70.899377, 42.521336], [-70.899405, 42.521307], [-70.899414, 42.521276], [-70.899411, 42.521246], [-70.899399, 42.521224], [-70.899383, 42.521205], [-70.899376, 42.521197], [-70.899418, 42.52118], [-70.899548, 42.521125], [-70.899685, 42.521068], [-70.899731, 42.521048], [-70.900137, 42.520879], [-70.900321, 42.520821], [-70.900617, 42.520731], [-70.900691, 42.520716], [-70.900829, 42.520705], [-70.901102, 42.520698], [-70.901125, 42.520716], [-70.901162, 42.520715]]}, "properties": {"layer": "roads", "kind": "path"}}, {"type": "Feature", "geometry": {"type": "LineString", "coordinates": [[-70.899357, 42.521384], [-70.899373, 42.521422]]}, "properties": {"layer": "roads", "kind": "path"}}, {"type": "Feature", "geometry": {"type": "LineString", "coordinates": [[-70.899345, 42.521351], [-70.899357, 42.521384]]}, "properties": {"layer": "roads", "kind": "path"}}, {"type": "Feature", "geometry": {"type": "LineString", "coordinates": [[-70.899213, 42.521826], [-70.899486, 42.521809]]}, "properties": {"layer": "roads", "kind": "service"}}, {"type": "Feature", "geometry": {"type": "Polygon", "coordinates": [[[-70.899288, 42.521843], [-70.89925, 42.521846], [-70.899255, 42.521888], [-70.899293, 42.521885], [-70.899288, 42.521843]]]}, "properties": {"layer": "buildings", "kind": "building"}}, {"type": "Feature", "geometry": {"type": "LineString", "coordinates": [[-70.899083, 42.521832], [-70.899198, 42.521866], [-70.899204, 42.521915], [-70.899213, 42.521993]]}, "properties": {"layer": "roads", "kind": "service"}}, {"type": "Feature", "geometry": {"type": "LineString", "coordinates": [[-70.899083, 42.521832], [-70.89912, 42.521879], [-70.899133, 42.521997]]}, "properties": {"layer": "roads", "kind": "service"}}, {"type": "Feature", "geometry": {"type": "LineString", "coordinates": [[-70.899204, 42.521915], [-70.899311, 42.521907]]}, "properties": {"layer": "roads", "kind": "path"}}, {"type": "Feature", "geometry": {"type": "LineString", "coordinates": [[-70.899311, 42.521907], [-70.899314, 42.521924]]}, "properties": {"layer": "roads", "kind": "path"}}, {"type": "Feature", "geometry": {"type": "LineString", "coordinates": [[-70.899288, 42.521766], [-70.899205, 42.521774], [-70.899187, 42.52177], [-70.899178, 42.521756], [-70.899165, 42.521725], [-70.899163, 42.521692], [-70.89919, 42.521679], [-70.899216, 42.521669], [-70.899256, 42.521643], [-70.899283, 42.521625]]}, "properties": {"layer": "roads", "kind": "path"}}, {"type": "Feature", "geometry": {"type": "LineString", "coordinates": [[-70.899256, 42.521643], [-70.899252, 42.521626], [-70.899243, 42.521615], [-70.89923, 42.521607], [-70.899216, 42.521605], [-70.899202, 42.521605], [-70.899161, 42.521611]]}, "properties": {"layer": "roads", "kind": "path"}}, {"type": "Feature", "geometry": {"type": "LineString", "coordinates": [[-70.899205, 42.521774], [-70.899213, 42.521826]]}, "properties": {"layer": "roads", "kind": "path"}}, {"type": "Feature", "geometry": {"type": "LineString", "coordinates": [[-70.899638, 42.521778], [-70.899615, 42.521795], [-70.899608, 42.521802], [-70.899608, 42.521816]]}, "properties": {"layer": "roads", "kind": "path"}}, {"type": "Feature", "geometry": {"type": "LineString", "coordinates": [[-70.898942, 42.521291], [-70.89898, 42.521349], [-70.899011, 42.521395], [-70.899035, 42.521447]]}, "properties": {"layer": "roads", "kind": "service"}}, {"type": "Feature", "geometry": {"type": "LineString", "coordinates": [[-70.89875, 42.521441], [-70.898738, 42.521374], [-70.898727, 42.521317], [-70.898707, 42.521322], [-70.898632, 42.521351], [-70.898541, 42.521386], [-70.898546, 42.521425], [-70.898551, 42.521482], [-70.898646, 42.521461], [-70.89875, 42.521441]]}, "properties": {"layer": "roads", "kind": "path"}}, {"type": "Feature", "geometry": {"type": "LineString", "coordinates": [[-70.89875, 42.521441], [-70.898742, 42.521469], [-70.898764, 42.521656], [-70.898768, 42.521691], [-70.898777, 42.521764], [-70.898778, 42.521776], [-70.898787, 42.521846], [-70.898794, 42.521904], [-70.898813, 42.522064], [-70.898822, 42.522136], [-70.898826, 42.522173], [-70.898853, 42.5224], [-70.898878, 42.522604], [-70.89889, 42.522653], [-70.898922, 42.5227], [-70.898962, 42.522726], [-70.898984, 42.522736], [-70.89905, 42.522748], [-70.899111, 42.52275], [-70.899164, 42.522734], [-70.899396, 42.522623], [-70.899651, 42.522513], [-70.900021, 42.522354]]}, "properties": {"layer": "roads", "kind": "path"}}, {"type": "Feature", "geometry": {"type": "LineString", "coordinates": [[-70.898984, 42.522736], [-70.898962, 42.52277]]}, "properties": {"layer": "roads", "kind": "path"}}, {"type": "Feature", "geometry": {"type": "LineString", "coordinates": [[-70.898962, 42.52277], [-70.898971, 42.522816], [-70.89898, 42.522867]]}, "properties": {"layer": "roads", "kind": "path"}}, {"type": "Feature", "geometry": {"type": "LineString", "coordinates": [[-70.89898, 42.522867], [-70.899023, 42.522916]]}, "properties": {"layer": "roads", "kind": "path"}}, {"type": "Feature", "geometry": {"type": "LineString", "coordinates": [[-70.898728, 42.522143], [-70.898822, 42.522136], [-70.899212, 42.522108]]}, "properties": {"layer": "roads", "kind": "service"}}, {"type": "Feature", "geometry": {"type": "LineString", "coordinates": [[-70.89876, 42.522407], [-70.898853, 42.5224], [-70.899152, 42.522379]]}, "properties": {"layer": "roads", "kind": "service"}}, {"type": "Feature", "geometry": {"type": "LineString", "coordinates": [[-70.898732, 42.522176], [-70.898826, 42.522173], [-70.898948, 42.522168], [-70.898954, 42.522242]]}, "properties": {"layer": "roads", "kind": "service"}}, {"type": "Feature", "geometry": {"type": "LineString", "coordinates": [[-70.898146, 42.522491], [-70.898147, 42.522461], [-70.898153, 42.522306], [-70.898578, 42.522291]]}, "properties": {"layer": "roads", "kind": "service"}}, {"type": "Feature", "geometry": {"type": "LineString", "coordinates": [[-70.898617, 42.52259], [-70.898623, 42.522532], [-70.898631, 42.522459]]}, "properties": {"layer": "roads", "kind": "path"}}, {"type": "Feature", "geometry": {"type": "LineString", "coordinates": [[-70.896728, 42.522327], [-70.897499, 42.522396], [-70.897705, 42.522415], [-70.897754, 42.52244], [-70.898147, 42.522461], [-70.898578, 42.522478], [-70.898631, 42.522459], [-70.898659, 42.52243], [-70.89866, 42.522379], [-70.898627, 42.522151], [-70.89861, 42.522018], [-70.898585, 42.521815], [-70.898551, 42.521482]]}, "properties": {"layer": "roads", "kind": "path"}}, {"type": "Feature", "geometry": {"type": "LineString", "coordinates": [[-70.898627, 42.522151], [-70.898558, 42.522155]]}, "properties": {"layer": "roads", "kind": "path"}}, {"type": "Feature", "geometry": {"type": "LineString", "coordinates": [[-70.89861, 42.522018], [-70.898551, 42.522019]]}, "properties": {"layer": "roads", "kind": "path"}}, {"type": "Feature", "geometry": {"type": "LineString", "coordinates": [[-70.898906, 42.521803], [-70.898902, 42.521762], [-70.898902, 42.521757]]}, "properties": {"layer": "roads", "kind": "path"}}, {"type": "Feature", "geometry": {"type": "LineString", "coordinates": [[-70.89892, 42.521773], [-70.898919, 42.521761], [-70.898902, 42.521762]]}, "properties": {"layer": "roads", "kind": "path"}}, {"type": "Feature", "geometry": {"type": "LineString", "coordinates": [[-70.898906, 42.521803], [-70.89891, 42.52184]]}, "properties": {"layer": "roads", "kind": "path"}}, {"type": "Feature", "geometry": {"type": "LineString", "coordinates": [[-70.898906, 42.521803], [-70.898924, 42.521802], [-70.89892, 42.521773]]}, "properties": {"layer": "roads", "kind": "path"}}, {"type": "Feature", "geometry": {"type": "LineString", "coordinates": [[-70.898804, 42.521762], [-70.898777, 42.521764]]}, "properties": {"layer": "roads", "kind": "path"}}, {"type": "Feature", "geometry": {"type": "LineString", "coordinates": [[-70.900026, 42.522389], [-70.900036, 42.522456], [-70.899756, 42.522588], [-70.899341, 42.522776], [-70.899208, 42.522828], [-70.899023, 42.522916], [-70.898933, 42.522955], [-70.898933, 42.522988], [-70.898943, 42.523016], [-70.898967, 42.523046], [-70.89901, 42.523072], [-70.899044, 42.523085], [-70.899229, 42.523121], [-70.89938, 42.523147], [-70.899479, 42.52317], [-70.899598, 42.523221], [-70.899679, 42.523277], [-70.899758, 42.523362], [-70.89978, 42.523398], [-70.899809, 42.523428], [-70.899846, 42.523453], [-70.899882, 42.523474], [-70.899925, 42.523489], [-70.900018, 42.523507], [-70.900059, 42.523509], [-70.900081, 42.523511], [-70.900123, 42.523508], [-70.900432, 42.523402], [-70.9007, 42.523301], [-70.900882, 42.523234], [-70.900915, 42.523221], [-70.901058, 42.523167], [-70.901337, 42.523059], [-70.90177, 42.522891], [-70.902479, 42.522616], [-70.902722, 42.522526], [-70.902735, 42.522512], [-70.902726, 42.522392]]}, "properties": {"layer": "roads", "kind": "path"}}, {"type": "Feature", "geometry": {"type": "LineString", "coordinates": [[-70.89679, 42.523065], [-70.896236, 42.523094], [-70.89608, 42.523108]]}, "properties": {"layer": "roads", "kind": "path"}}, {"type": "Feature", "geometry": {"type": "LineString", "coordinates": [[-70.895722, 42.522439], [-70.895826, 42.522421], [-70.895944, 42.5224]]}, "properties": {"layer": "roads", "kind": "path"}}, {"type": "Feature", "geometry": {"type": "LineString", "coordinates": [[-70.895944, 42.5224], [-70.896053, 42.522382], [-70.896162, 42.522377], [-70.89638, 42.5224], [-70.896937, 42.522443], [-70.897621, 42.522503], [-70.898214, 42.522544], [-70.898523, 42.522566], [-70.898584, 42.522578], [-70.898617, 42.52259], [-70.898663, 42.522623], [-70.898684, 42.522658], [-70.898701, 42.522704], [-70.898714, 42.522757], [-70.898702, 42.522834], [-70.898683, 42.522932], [-70.89868, 42.522948], [-70.898664, 42.522952], [-70.898622, 42.522945], [-70.898486, 42.522924], [-70.898336, 42.522922], [-70.898168, 42.522949], [-70.898042, 42.522962], [-70.897842, 42.522968], [-70.897553, 42.522966], [-70.897076, 42.522949], [-70.896636, 42.522939], [-70.89604, 42.522933], [-70.896013, 42.522916], [-70.895948, 42.522547], [-70.895944, 42.5224]]}, "properties": {"layer": "roads", "kind": "path"}}, {"type": "Feature", "geometry": {"type": "LineString", "coordinates": [[-70.898683, 42.522932], [-70.898757, 42.52295], [-70.898796, 42.522957]]}, "properties": {"layer": "roads", "kind": "path"}}, {"type": "Feature", "geometry": {"type": "LineString", "coordinates": [[-70.898606, 42.523036], [-70.898651, 42.523075], [-70.898668, 42.523112], [-70.898666, 42.523204]]}, "properties": {"layer": "roads", "kind": "path"}}, {"type": "Feature", "geometry": {"type": "LineString", "coordinates": [[-70.896728, 42.522327], [-70.896523, 42.522307], [-70.896431, 42.522306], [-70.896283, 42.522289], [-70.896043, 42.522297], [-70.895958, 42.522309], [-70.895923, 42.522305], [-70.895919, 42.522304], [-70.895906, 42.522285], [-70.895837, 42.521855], [-70.895784, 42.521528], [-70.895791, 42.521511], [-70.895821, 42.521504], [-70.896692, 42.521512], [-70.896806, 42.521512], [-70.897484, 42.521512], [-70.897514, 42.521512]]}, "properties": {"layer": "roads", "kind": "path"}}, {"type": "Feature", "geometry": {"type": "LineString", "coordinates": [[-70.895923, 42.522305], [-70.895932, 42.522346], [-70.895944, 42.5224]]}, "properties": {"layer": "roads", "kind": "path"}}, {"type": "Feature", "geometry": {"type": "LineString", "coordinates": [[-70.895732, 42.523059], [-70.895786, 42.523044], [-70.895808, 42.523022], [-70.895818, 42.522977], [-70.895817, 42.522926], [-70.895774, 42.522555], [-70.895751, 42.522537], [-70.895732, 42.522532], [-70.895186, 42.522595], [-70.894906, 42.522639], [-70.894483, 42.522701], [-70.894427, 42.522709], [-70.893936, 42.52278], [-70.893902, 42.522828], [-70.893863, 42.522858], [-70.89381, 42.522877], [-70.893678, 42.522892], [-70.893626, 42.522906], [-70.893574, 42.522921], [-70.893509, 42.522931], [-70.893422, 42.522944], [-70.893396, 42.522948], [-70.8933, 42.522963], [-70.89336, 42.52325], [-70.893372, 42.523264], [-70.893511, 42.523288], [-70.893727, 42.523269], [-70.894186, 42.523217], [-70.894435, 42.523188], [-70.894845, 42.523144], [-70.895012, 42.523125], [-70.895732, 42.523059]]}, "properties": {"layer": "roads", "kind": "path"}}, {"type": "Feature", "geometry": {"type": "LineString", "coordinates": [[-70.895722, 42.522439], [-70.895444, 42.522479], [-70.895151, 42.522527], [-70.895098, 42.522533], [-70.895058, 42.522537], [-70.894699, 42.522585], [-70.894531, 42.522607], [-70.894251, 42.522647], [-70.893977, 42.522684], [-70.893949, 42.522682], [-70.893823, 42.522577], [-70.893522, 42.522622], [-70.893477, 42.522663], [-70.893444, 42.522667]]}, "properties": {"layer": "roads", "kind": "path"}}, {"type": "Feature", "geometry": {"type": "LineString", "coordinates": [[-70.895277, 42.520514], [-70.895282, 42.520529], [-70.895375, 42.520542], [-70.895394, 42.520667], [-70.895419, 42.520842], [-70.895465, 42.521154], [-70.895467, 42.521171], [-70.8955, 42.521345], [-70.895537, 42.521379], [-70.895567, 42.521452], [-70.895573, 42.521487], [-70.895623, 42.521687], [-70.895648, 42.521872], [-70.895722, 42.522439]]}, "properties": {"layer": "roads", "kind": "path"}}, {"type": "Feature", "geometry": {"type": "LineString", "coordinates": [[-70.896298, 42.510343], [-70.896651, 42.51085], [-70.896717, 42.510992], [-70.896713, 42.511109], [-70.896701, 42.511326], [-70.896638, 42.51182], [-70.896559, 42.512463], [-70.89649, 42.513038], [-70.896439, 42.513366], [-70.896381, 42.513761], [-70.896327, 42.514111], [-70.896274, 42.514464], [-70.896252, 42.5146], [-70.896228, 42.514696], [-70.896172, 42.514996], [-70.896159, 42.51507], [-70.89614, 42.515173], [-70.896029, 42.515748], [-70.895954, 42.516134], [-70.895836, 42.516851], [-70.895786, 42.517155], [-70.895759, 42.517267], [-70.895705, 42.517382], [-70.895653, 42.517469], [-70.895634, 42.517496], [-70.895468, 42.517725], [-70.895427, 42.51778], [-70.895382, 42.517839], [-70.895372, 42.517872], [-70.895376, 42.517922], [-70.895403, 42.517958], [-70.895423, 42.517983], [-70.89548, 42.518014], [-70.895491, 42.518016]]}, "properties": {"layer": "roads", "kind": "path"}}, {"type": "Feature", "geometry": {"type": "LineString", "coordinates": [[-70.8962, 42.517956], [-70.896263, 42.518015]]}, "properties": {"layer": "roads", "kind": "path"}}, {"type": "Feature", "geometry": {"type": "LineString", "coordinates": [[-70.896312, 42.517977], [-70.896324, 42.518012], [-70.896344, 42.518073]]}, "properties": {"layer": "roads", "kind": "path"}}, {"type": "Feature", "geometry": {"type": "LineString", "coordinates": [[-70.896621, 42.517337], [-70.896576, 42.517805], [-70.89658, 42.517832], [-70.89659, 42.517843], [-70.896604, 42.517845], [-70.897434, 42.517406], [-70.897672, 42.517275], [-70.897706, 42.517259], [-70.897726, 42.517241], [-70.897562, 42.516766]]}, "properties": {"layer": "roads", "kind": "path"}}, {"type": "Feature", "geometry": {"type": "LineString", "coordinates": [[-70.89659, 42.517843], [-70.896583, 42.517888], [-70.896573, 42.517972]]}, "properties": {"layer": "roads", "kind": "path"}}, {"type": "Feature", "geometry": {"type": "LineString", "coordinates": [[-70.896573, 42.517972], [-70.896549, 42.518123], [-70.896461, 42.518473], [-70.896388, 42.518768], [-70.896377, 42.518797], [-70.89642, 42.518824], [-70.896499, 42.518828], [-70.897139, 42.518772]]}, "properties": {"layer": "roads", "kind": "path"}}, {"type": "Feature", "geometry": {"type": "LineString", "coordinates": [[-70.896377, 42.518797], [-70.896364, 42.518856], [-70.896347, 42.518913]]}, "properties": {"layer": "roads", "kind": "path"}}, {"type": "Feature", "geometry": {"type": "LineString", "coordinates": [[-70.897332, 42.518839], [-70.897165, 42.518845], [-70.896625, 42.518884], [-70.896396, 42.518901], [-70.896347, 42.518913], [-70.896328, 42.51895], [-70.896268, 42.519178]]}, "properties": {"layer": "roads", "kind": "path"}}, {"type": "Feature", "geometry": {"type": "LineString", "coordinates": [[-70.896268, 42.519178], [-70.89627, 42.519239], [-70.896273, 42.519323]]}, "properties": {"layer": "roads", "kind": "path"}}, {"type": "Feature", "geometry": {"type": "LineString", "coordinates": [[-70.896461, 42.518473], [-70.896354, 42.51846], [-70.896286, 42.518452]]}, "properties": {"layer": "roads", "kind": "path"}}, {"type": "Feature", "geometry": {"type": "LineString", "coordinates": [[-70.896122, 42.519142], [-70.896152, 42.519016], [-70.896234, 42.518669], [-70.896258, 42.518565], [-70.896286, 42.518452], [-70.896301, 42.518372], [-70.896288, 42.518339], [-70.896228, 42.518301], [-70.896087, 42.51829], [-70.895654, 42.518232], [-70.895603, 42.518233], [-70.895544, 42.518251], [-70.895519, 42.518276], [-70.895516, 42.518279], [-70.895511, 42.518298], [-70.895506, 42.518319], [-70.895506, 42.518367], [-70.895616, 42.518762], [-70.895634, 42.518828], [-70.895668, 42.519049], [-70.895689, 42.51925], [-70.89569, 42.519295], [-70.895687, 42.519355], [-70.895684, 42.519575], [-70.895688, 42.519601], [-70.895718, 42.519651], [-70.895747, 42.519677], [-70.895774, 42.519692]]}, "properties": {"layer": "roads", "kind": "path"}}, {"type": "Feature", "geometry": {"type": "LineString", "coordinates": [[-70.896019, 42.514431], [-70.89607, 42.514432], [-70.896081, 42.514444], [-70.895965, 42.515051], [-70.895831, 42.515761], [-70.89576, 42.516141], [-70.895738, 42.51627], [-70.895728, 42.516325], [-70.895673, 42.516344], [-70.895617, 42.51636], [-70.895502, 42.516394], [-70.895395, 42.516431]]}, "properties": {"layer": "roads", "kind": "path"}}, {"type": "Feature", "geometry": {"type": "LineString", "coordinates": [[-70.895728, 42.516325], [-70.895715, 42.516375], [-70.895695, 42.51645]]}, "properties": {"layer": "roads", "kind": "path"}}, {"type": "Feature", "geometry": {"type": "LineString", "coordinates": [[-70.893738, 42.517277], [-70.895245, 42.516579], [-70.895345, 42.516552], [-70.895545, 42.516484], [-70.895695, 42.51645], [-70.895712, 42.516454], [-70.895715, 42.516469], [-70.895644, 42.516829], [-70.895643, 42.516833], [-70.89563, 42.516867], [-70.895444, 42.516982]]}, "properties": {"layer": "roads", "kind": "path"}}, {"type": "Feature", "geometry": {"type": "LineString", "coordinates": [[-70.895643, 42.516833], [-70.895736, 42.516842], [-70.895836, 42.516851]]}, "properties": {"layer": "roads", "kind": "path"}}, {"type": "Feature", "geometry": {"type": "LineString", "coordinates": [[-70.89563, 42.516867], [-70.895623, 42.516916], [-70.895608, 42.517014]]}, "properties": {"layer": "roads", "kind": "path"}}, {"type": "Feature", "geometry": {"type": "LineString", "coordinates": [[-70.895608, 42.517014], [-70.895616, 42.517033], [-70.895582, 42.517217], [-70.895564, 42.517269], [-70.895488, 42.517387], [-70.895205, 42.517771], [-70.89519, 42.517797], [-70.895142, 42.517883], [-70.895102, 42.517939], [-70.895073, 42.51795], [-70.895028, 42.517966], [-70.894923, 42.517969], [-70.894857, 42.517944], [-70.894684, 42.517928], [-70.894606, 42.517903], [-70.894563, 42.517875], [-70.894509, 42.517848]]}, "properties": {"layer": "roads", "kind": "path"}}, {"type": "Feature", "geometry": {"type": "LineString", "coordinates": [[-70.895616, 42.518762], [-70.895535, 42.518774], [-70.895366, 42.518801], [-70.895319, 42.518808], [-70.895268, 42.518815]]}, "properties": {"layer": "roads", "kind": "path"}}, {"type": "Feature", "geometry": {"type": "LineString", "coordinates": [[-70.896273, 42.519323], [-70.896228, 42.519373], [-70.896213, 42.519421], [-70.896168, 42.519628], [-70.896156, 42.519686], [-70.89614, 42.519778], [-70.896148, 42.519809], [-70.896153, 42.519818], [-70.896194, 42.519846], [-70.896286, 42.519861], [-70.896409, 42.519868], [-70.897287, 42.519918], [-70.897377, 42.519902], [-70.897395, 42.519841], [-70.897371, 42.519385]]}, "properties": {"layer": "roads", "kind": "path"}}, {"type": "Feature", "geometry": {"type": "LineString", "coordinates": [[-70.896078, 42.519339], [-70.896017, 42.519618]]}, "properties": {"layer": "roads", "kind": "path"}}, {"type": "Feature", "geometry": {"type": "LineString", "coordinates": [[-70.897377, 42.519902], [-70.897519, 42.519913], [-70.897643, 42.519922], [-70.897637, 42.519979], [-70.897632, 42.520015], [-70.897626, 42.520069], [-70.897623, 42.520097], [-70.897579, 42.520092], [-70.897511, 42.520094]]}, "properties": {"layer": "roads", "kind": "path"}}, {"type": "Feature", "geometry": {"type": "LineString", "coordinates": [[-70.8961, 42.520032], [-70.896269, 42.520041], [-70.896375, 42.520039], [-70.896597, 42.520046], [-70.89671, 42.520049], [-70.897097, 42.520071], [-70.897358, 42.520085], [-70.897511, 42.520094]]}, "properties": {"layer": "roads", "kind": "path"}}, {"type": "Feature", "geometry": {"type": "LineString", "coordinates": [[-70.897623, 42.520097], [-70.897887, 42.520119], [-70.898222, 42.520139], [-70.898236, 42.52014], [-70.898299, 42.520161], [-70.89832, 42.520178], [-70.898355, 42.520205], [-70.898388, 42.520297], [-70.898407, 42.520459], [-70.898534, 42.52134], [-70.898541, 42.521386], [-70.898527, 42.521391], [-70.897802, 42.521396], [-70.897685, 42.521396], [-70.897648, 42.521396], [-70.897629, 42.520877], [-70.897629, 42.520867], [-70.897608, 42.520529], [-70.897607, 42.52037], [-70.897617, 42.520117], [-70.897623, 42.520097]]}, "properties": {"layer": "roads", "kind": "path"}}, {"type": "Feature", "geometry": {"type": "LineString", "coordinates": [[-70.897511, 42.520094], [-70.89752, 42.5203], [-70.897541, 42.520549], [-70.897559, 42.520809], [-70.897578, 42.521399], [-70.897482, 42.5214], [-70.896842, 42.521407], [-70.896248, 42.521412], [-70.896203, 42.521412]]}, "properties": {"layer": "roads", "kind": "path"}}, {"type": "Feature", "geometry": {"type": "LineString", "coordinates": [[-70.897578, 42.521399], [-70.89762, 42.521397], [-70.897648, 42.521396]]}, "properties": {"layer": "roads", "kind": "path"}}, {"type": "Feature", "geometry": {"type": "LineString", "coordinates": [[-70.897377, 42.519902], [-70.89737, 42.519971], [-70.897367, 42.519998], [-70.897363, 42.520044], [-70.897358, 42.520085]]}, "properties": {"layer": "roads", "kind": "path"}}, {"type": "Feature", "geometry": {"type": "LineString", "coordinates": [[-70.897643, 42.519922], [-70.898213, 42.519959], [-70.898288, 42.519945], [-70.898323, 42.519907], [-70.898285, 42.519362], [-70.898273, 42.519346]]}, "properties": {"layer": "roads", "kind": "path"}}, {"type": "Feature", "geometry": {"type": "LineString", "coordinates": [[-70.897636, 42.519377], [-70.897495, 42.519381], [-70.897371, 42.519385]]}, "properties": {"layer": "roads", "kind": "path"}}, {"type": "Feature", "geometry": {"type": "LineString", "coordinates": [[-70.898273, 42.519346], [-70.898373, 42.51934], [-70.898463, 42.519335]]}, "properties": {"layer": "roads", "kind": "path"}}, {"type": "Feature", "geometry": {"type": "LineString", "coordinates": [[-70.898456, 42.519273], [-70.898463, 42.519335], [-70.898521, 42.519929]]}, "properties": {"layer": "roads", "kind": "path"}}, {"type": "Feature", "geometry": {"type": "LineString", "coordinates": [[-70.898521, 42.519929], [-70.89845, 42.519937], [-70.898422, 42.519938]]}, "properties": {"layer": "roads", "kind": "path"}}, {"type": "Feature", "geometry": {"type": "LineString", "coordinates": [[-70.898521, 42.519929], [-70.898529, 42.52], [-70.898538, 42.520077]]}, "properties": {"layer": "roads", "kind": "path"}}, {"type": "Feature", "geometry": {"type": "LineString", "coordinates": [[-70.898442, 42.520161], [-70.89841, 42.520165], [-70.89832, 42.520178]]}, "properties": {"layer": "roads", "kind": "path"}}, {"type": "Feature", "geometry": {"type": "LineString", "coordinates": [[-70.898222, 42.520031], [-70.898222, 42.520012], [-70.898213, 42.519959]]}, "properties": {"layer": "roads", "kind": "path"}}, {"type": "Feature", "geometry": {"type": "LineString", "coordinates": [[-70.899205, 42.519924], [-70.898538, 42.520077], [-70.898526, 42.520099], [-70.89852, 42.52015], [-70.898591, 42.520444], [-70.89868, 42.521098], [-70.898719, 42.521166], [-70.898827, 42.521197], [-70.898839, 42.521201], [-70.89897, 42.521204], [-70.899467, 42.520997], [-70.899636, 42.520927]]}, "properties": {"layer": "roads", "kind": "path"}}, {"type": "Feature", "geometry": {"type": "LineString", "coordinates": [[-70.899636, 42.520927], [-70.899679, 42.520981], [-70.899731, 42.521048]]}, "properties": {"layer": "roads", "kind": "path"}}, {"type": "Feature", "geometry": {"type": "LineString", "coordinates": [[-70.898758, 42.52128], [-70.898802, 42.521227], [-70.898827, 42.521197]]}, "properties": {"layer": "roads", "kind": "path"}}, {"type": "Feature", "geometry": {"type": "LineString", "coordinates": [[-70.895794, 42.523729], [-70.895816, 42.523675], [-70.89581, 42.52355], [-70.895771, 42.523237], [-70.895738, 42.523137], [-70.895319, 42.523173], [-70.895025, 42.523206], [-70.894517, 42.523258], [-70.894288, 42.523281], [-70.894207, 42.523289], [-70.893435, 42.523368], [-70.893402, 42.523394], [-70.893398, 42.523398], [-70.893392, 42.523449], [-70.893508, 42.523846], [-70.893709, 42.524528], [-70.893739, 42.524563], [-70.893778, 42.524576], [-70.893823, 42.524579]]}, "properties": {"layer": "roads", "kind": "path"}}, {"type": "Feature", "geometry": {"type": "LineString", "coordinates": [[-70.898273, 42.519346], [-70.898235, 42.519335], [-70.897647, 42.519368], [-70.897636, 42.519377], [-70.897611, 42.519398], [-70.897593, 42.519451], [-70.897599, 42.519505], [-70.897643, 42.519922]]}, "properties": {"layer": "roads", "kind": "path"}}, {"type": "Feature", "geometry": {"type": "LineString", "coordinates": [[-70.895791, 42.521511], [-70.895779, 42.521439], [-70.895779, 42.521367]]}, "properties": {"layer": "roads", "kind": "path"}}, {"type": "Feature", "geometry": {"type": "LineString", "coordinates": [[-70.896467, 42.516904], [-70.896567, 42.516908], [-70.896663, 42.516912], [-70.896669, 42.516862], [-70.896675, 42.516809]]}, "properties": {"layer": "roads", "kind": "path"}}, {"type": "Feature", "geometry": {"type": "LineString", "coordinates": [[-70.896613, 42.516255], [-70.896661, 42.51623], [-70.896864, 42.516124], [-70.89704, 42.516033]]}, "properties": {"layer": "roads", "kind": "path"}}, {"type": "Feature", "geometry": {"type": "LineString", "coordinates": [[-70.897302, 42.516069], [-70.897378, 42.516051], [-70.897435, 42.516037], [-70.897468, 42.515976], [-70.897517, 42.515912], [-70.897448, 42.51586], [-70.897393, 42.515811]]}, "properties": {"layer": "roads", "kind": "path"}}, {"type": "Feature", "geometry": {"type": "LineString", "coordinates": [[-70.897654, 42.51666], [-70.897665, 42.516702], [-70.897682, 42.516748], [-70.89762, 42.51676], [-70.897562, 42.516766]]}, "properties": {"layer": "roads", "kind": "path"}}, {"type": "Feature", "geometry": {"type": "LineString", "coordinates": [[-70.897872, 42.517278], [-70.897859, 42.517243], [-70.89785, 42.517193], [-70.897787, 42.517221], [-70.897706, 42.517259]]}, "properties": {"layer": "roads", "kind": "path"}}, {"type": "Feature", "geometry": {"type": "LineString", "coordinates": [[-70.898456, 42.519273], [-70.898448, 42.519199], [-70.898435, 42.51909], [-70.898345, 42.519134], [-70.898262, 42.519159], [-70.898272, 42.519244], [-70.898273, 42.519346]]}, "properties": {"layer": "roads", "kind": "path"}}, {"type": "Feature", "geometry": {"type": "LineString", "coordinates": [[-70.897371, 42.519385], [-70.897392, 42.519286], [-70.897407, 42.519213]]}, "properties": {"layer": "roads", "kind": "path"}}, {"type": "Feature", "geometry": {"type": "LineString", "coordinates": [[-70.895678, 42.520826], [-70.89567, 42.52077], [-70.895657, 42.520686]]}, "properties": {"layer": "roads", "kind": "path"}}, {"type": "Feature", "geometry": {"type": "LineString", "coordinates": [[-70.895626, 42.520388], [-70.895633, 42.520447], [-70.895657, 42.520686]]}, "properties": {"layer": "roads", "kind": "path"}}, {"type": "Feature", "geometry": {"type": "LineString", "coordinates": [[-70.895974, 42.523058], [-70.895905, 42.52297]]}, "properties": {"layer": "roads", "kind": "motorway"}}, {"type": "Feature", "geometry": {"type": "LineString", "coordinates": [[-70.905012, 42.516914], [-70.905136, 42.516849], [-70.905247, 42.516834], [-70.905314, 42.516834], [-70.905401, 42.516843], [-70.905425, 42.516845], [-70.905498, 42.516864]]}, "properties": {"layer": "roads", "kind": "residential"}}, {"type": "Feature", "geometry": {"type": "Polygon", "coordinates": [[[-70.906382, 42.522638], [-70.906223, 42.522503], [-70.906231, 42.522498], [-70.905994, 42.522297], [-70.905981, 42.522305], [-70.90585, 42.522193], [-70.905943, 42.522134], [-70.905901, 42.522098], [-70.906003, 42.522032], [-70.906011, 42.522039], [-70.906199, 42.521918], [-70.90633, 42.522029], [-70.906162, 42.522136], [-70.906114, 42.522095], [-70.906088, 42.522112], [-70.906422, 42.522395], [-70.906431, 42.522389], [-70.906529, 42.522471], [-70.906488, 42.522497], [-70.906554, 42.522553], [-70.90644, 42.522625], [-70.906424, 42.522611], [-70.906382, 42.522638]]]}, "properties": {"layer": "buildings", "kind": "building"}}, {"type": "Feature", "geometry": {"type": "Polygon", "coordinates": [[[-70.905314, 42.522984], [-70.905227, 42.522913], [-70.905259, 42.522892], [-70.905179, 42.522826], [-70.905693, 42.522486], [-70.905673, 42.522469], [-70.905784, 42.522396], [-70.905871, 42.522467], [-70.905903, 42.522446], [-70.906121, 42.522626], [-70.906127, 42.522622], [-70.906226, 42.522703], [-70.906115, 42.522776], [-70.906075, 42.522743], [-70.906037, 42.522769], [-70.906008, 42.522745], [-70.905974, 42.522768], [-70.905826, 42.522646], [-70.905314, 42.522984]]]}, "properties": {"layer": "buildings", "kind": "building"}}, {"type": "Feature", "geometry": {"type": "LineString", "coordinates": [[-70.895491, 42.518016], [-70.895689, 42.518037]]}, "properties": {"layer": "roads", "kind": "path"}}, {"type": "Feature", "geometry": {"type": "LineString", "coordinates": [[-70.895683, 42.518094], [-70.895689, 42.518037]]}, "properties": {"layer": "roads", "kind": "path"}}, {"type": "Feature", "geometry": {"type": "LineString", "coordinates": [[-70.895689, 42.518037], [-70.895979, 42.518071], [-70.896044, 42.518078], [-70.89611, 42.518078], [-70.896232, 42.518036], [-70.896263, 42.518015], [-70.896298, 42.517992], [-70.896312, 42.517977], [-70.896355, 42.517934], [-70.896385, 42.517846], [-70.896404, 42.517633], [-70.896467, 42.516904], [-70.89651, 42.516385], [-70.896522, 42.516344], [-70.896556, 42.516312], [-70.896606, 42.516271], [-70.896613, 42.516255], [-70.896575, 42.516214]]}, "properties": {"layer": "roads", "kind": "path"}}, {"type": "Feature", "geometry": {"type": "LineString", "coordinates": [[-70.898749, 42.523099], [-70.898742, 42.523199]]}, "properties": {"layer": "roads", "kind": "primary"}}, {"type": "Feature", "geometry": {"type": "LineString", "coordinates": [[-70.896466, 42.519949], [-70.896225, 42.519917], [-70.896131, 42.519902], [-70.896033, 42.519874]]}, "properties": {"layer": "roads", "kind": "primary"}}, {"type": "Feature", "geometry": {"type": "LineString", "coordinates": [[-70.895974, 42.519945], [-70.896122, 42.51995], [-70.896466, 42.519949]]}, "properties": {"layer": "roads", "kind": "primary"}}, {"type": "Feature", "geometry": {"type": "LineString", "coordinates": [[-70.901324, 42.52239], [-70.901328, 42.522731]]}, "properties": {"layer": "roads", "kind": "path"}}, {"type": "Feature", "geometry": {"type": "LineString", "coordinates": [[-70.901328, 42.522731], [-70.901337, 42.523059], [-70.901339, 42.523103]]}, "properties": {"layer": "roads", "kind": "service"}}, {"type": "Feature", "geometry": {"type": "LineString", "coordinates": [[-70.902814, 42.522521], [-70.902805, 42.522482], [-70.902772, 42.522337]]}, "properties": {"layer": "roads", "kind": "residential"}}, {"type": "Feature", "geometry": {"type": "LineString", "coordinates": [[-70.901301, 42.521991], [-70.901289, 42.521819]]}, "properties": {"layer": "roads", "kind": "residential"}}, {"type": "Feature", "geometry": {"type": "LineString", "coordinates": [[-70.898301, 42.520002], [-70.898295, 42.520036], [-70.8983, 42.520067], [-70.898325, 42.520093]]}, "properties": {"layer": "roads", "kind": "primary"}}, {"type": "Feature", "geometry": {"type": "LineString", "coordinates": [[-70.898458, 42.520101], [-70.898475, 42.52008], [-70.898479, 42.520051], [-70.898479, 42.520026], [-70.89847, 42.52001], [-70.898458, 42.519989], [-70.898441, 42.519979], [-70.898348, 42.519981], [-70.898321, 42.519991], [-70.898301, 42.520002]]}, "properties": {"layer": "roads", "kind": "primary"}}, {"type": "Feature", "geometry": {"type": "LineString", "coordinates": [[-70.895589, 42.51973], [-70.89559, 42.519714], [-70.895606, 42.519609], [-70.895607, 42.519596], [-70.895615, 42.519419], [-70.89561, 42.519254], [-70.895588, 42.519073], [-70.895566, 42.518906]]}, "properties": {"layer": "roads", "kind": "motorway"}}, {"type": "Feature", "geometry": {"type": "LineString", "coordinates": [[-70.898491, 42.520331], [-70.898483, 42.520274], [-70.898462, 42.520158], [-70.898459, 42.52014], [-70.898458, 42.520101]]}, "properties": {"layer": "roads", "kind": "primary"}}, {"type": "Feature", "geometry": {"type": "LineString", "coordinates": [[-70.898371, 42.520108], [-70.898404, 42.520152], [-70.89841, 42.520165], [-70.898458, 42.520271], [-70.898491, 42.520331]]}, "properties": {"layer": "roads", "kind": "primary"}}, {"type": "Feature", "geometry": {"type": "LineString", "coordinates": [[-70.898441, 42.519979], [-70.89845, 42.519937], [-70.898425, 42.519783]]}, "properties": {"layer": "roads", "kind": "secondary"}}, {"type": "Feature", "geometry": {"type": "LineString", "coordinates": [[-70.898425, 42.519783], [-70.898396, 42.519888], [-70.898369, 42.519941], [-70.898348, 42.519981]]}, "properties": {"layer": "roads", "kind": "secondary"}}, {"type": "Feature", "geometry": {"type": "LineString", "coordinates": [[-70.898301, 42.520002], [-70.898268, 42.520006], [-70.898222, 42.520012], [-70.898025, 42.520035]]}, "properties": {"layer": "roads", "kind": "primary"}}, {"type": "Feature", "geometry": {"type": "LineString", "coordinates": [[-70.898025, 42.520035], [-70.898222, 42.520073], [-70.898277, 42.520082], [-70.898325, 42.520093]]}, "properties": {"layer": "roads", "kind": "primary"}}, {"type": "Feature", "geometry": {"type": "LineString", "coordinates": [[-70.898371, 42.520108], [-70.898458, 42.520101]]}, "properties": {"layer": "roads", "kind": "primary"}}, {"type": "Feature", "geometry": {"type": "LineString", "coordinates": [[-70.898325, 42.520093], [-70.898371, 42.520108]]}, "properties": {"layer": "roads", "kind": "primary"}}, {"type": "Feature", "geometry": {"type": "LineString", "coordinates": [[-70.89704, 42.516033], [-70.897393, 42.515811], [-70.897956, 42.515458], [-70.898758, 42.514954], [-70.898876, 42.51488], [-70.899063, 42.514763], [-70.899291, 42.51462], [-70.899563, 42.514449]]}, "properties": {"layer": "roads", "kind": "path"}}, {"type": "Feature", "geometry": {"type": "LineString", "coordinates": [[-70.897654, 42.51666], [-70.897435, 42.516037]]}, "properties": {"layer": "roads", "kind": "path"}}, {"type": "Feature", "geometry": {"type": "LineString", "coordinates": [[-70.897435, 42.516037], [-70.898033, 42.515996], [-70.898275, 42.516565], [-70.897654, 42.51666]]}, "properties": {"layer": "roads", "kind": "path"}}, {"type": "Feature", "geometry": {"type": "LineString", "coordinates": [[-70.898275, 42.516565], [-70.898334, 42.516555], [-70.89839, 42.516545]]}, "properties": {"layer": "roads", "kind": "path"}}, {"type": "Feature", "geometry": {"type": "LineString", "coordinates": [[-70.89839, 42.516545], [-70.898164, 42.515983], [-70.898737, 42.51594], [-70.899044, 42.516435], [-70.89839, 42.516545]]}, "properties": {"layer": "roads", "kind": "path"}}, {"type": "Feature", "geometry": {"type": "LineString", "coordinates": [[-70.898164, 42.515983], [-70.898103, 42.515989], [-70.898033, 42.515996]]}, "properties": {"layer": "roads", "kind": "path"}}, {"type": "Feature", "geometry": {"type": "LineString", "coordinates": [[-70.897682, 42.516748], [-70.899093, 42.516525], [-70.89935, 42.516954], [-70.89785, 42.517193], [-70.897682, 42.516748]]}, "properties": {"layer": "roads", "kind": "path"}}, {"type": "Feature", "geometry": {"type": "LineString", "coordinates": [[-70.89935, 42.516954], [-70.899373, 42.51699], [-70.899407, 42.517043]]}, "properties": {"layer": "roads", "kind": "path"}}, {"type": "Feature", "geometry": {"type": "LineString", "coordinates": [[-70.899477, 42.516923], [-70.899498, 42.516964], [-70.899523, 42.517012]]}, "properties": {"layer": "roads", "kind": "path"}}, {"type": "Feature", "geometry": {"type": "LineString", "coordinates": [[-70.899477, 42.516923], [-70.899425, 42.516936], [-70.89935, 42.516954]]}, "properties": {"layer": "roads", "kind": "path"}}, {"type": "Feature", "geometry": {"type": "LineString", "coordinates": [[-70.899477, 42.516923], [-70.898811, 42.515838], [-70.898487, 42.515311]]}, "properties": {"layer": "roads", "kind": "path"}}, {"type": "Feature", "geometry": {"type": "LineString", "coordinates": [[-70.898487, 42.515311], [-70.898432, 42.515347], [-70.898392, 42.515373]]}, "properties": {"layer": "roads", "kind": "path"}}, {"type": "Feature", "geometry": {"type": "LineString", "coordinates": [[-70.898392, 42.515373], [-70.89839, 42.515386], [-70.898688, 42.515858]]}, "properties": {"layer": "roads", "kind": "path"}}, {"type": "Feature", "geometry": {"type": "LineString", "coordinates": [[-70.898688, 42.515858], [-70.898708, 42.515892], [-70.898737, 42.51594]]}, "properties": {"layer": "roads", "kind": "path"}}, {"type": "Feature", "geometry": {"type": "LineString", "coordinates": [[-70.899477, 42.516923], [-70.899912, 42.516778], [-70.900477, 42.516438]]}, "properties": {"layer": "roads", "kind": "path"}}, {"type": "Feature", "geometry": {"type": "LineString", "coordinates": [[-70.900477, 42.516438], [-70.900513, 42.516468], [-70.900562, 42.516508]]}, "properties": {"layer": "roads", "kind": "path"}}, {"type": "Feature", "geometry": {"type": "LineString", "coordinates": [[-70.900562, 42.516508], [-70.899966, 42.516851], [-70.899523, 42.517012]]}, "properties": {"layer": "roads", "kind": "path"}}, {"type": "Feature", "geometry": {"type": "LineString", "coordinates": [[-70.899407, 42.517043], [-70.89948, 42.517024], [-70.899523, 42.517012]]}, "properties": {"layer": "roads", "kind": "path"}}, {"type": "Feature", "geometry": {"type": "LineString", "coordinates": [[-70.899407, 42.517043], [-70.897872, 42.517278]]}, "properties": {"layer": "roads", "kind": "path"}}, {"type": "Feature", "geometry": {"type": "LineString", "coordinates": [[-70.897706, 42.517259], [-70.897723, 42.517302], [-70.897748, 42.517363], [-70.897818, 42.517314], [-70.897872, 42.517278]]}, "properties": {"layer": "roads", "kind": "path"}}, {"type": "Feature", "geometry": {"type": "LineString", "coordinates": [[-70.897872, 42.517278], [-70.898021, 42.51771], [-70.898023, 42.517716]]}, "properties": {"layer": "roads", "kind": "path"}}, {"type": "Feature", "geometry": {"type": "LineString", "coordinates": [[-70.898023, 42.517716], [-70.898037, 42.517745], [-70.898064, 42.517801]]}, "properties": {"layer": "roads", "kind": "path"}}, {"type": "Feature", "geometry": {"type": "LineString", "coordinates": [[-70.898021, 42.51771], [-70.898849, 42.517595], [-70.899665, 42.517472], [-70.899672, 42.517461], [-70.899427, 42.517051], [-70.899407, 42.517043]]}, "properties": {"layer": "roads", "kind": "path"}}, {"type": "Feature", "geometry": {"type": "LineString", "coordinates": [[-70.899665, 42.517472], [-70.899682, 42.517497], [-70.899721, 42.517552]]}, "properties": {"layer": "roads", "kind": "path"}}, {"type": "Feature", "geometry": {"type": "LineString", "coordinates": [[-70.899721, 42.517552], [-70.898064, 42.517801]]}, "properties": {"layer": "roads", "kind": "path"}}, {"type": "Feature", "geometry": {"type": "LineString", "coordinates": [[-70.898064, 42.517801], [-70.898055, 42.517811], [-70.898303, 42.518696]]}, "properties": {"layer": "roads", "kind": "path"}}, {"type": "Feature", "geometry": {"type": "LineString", "coordinates": [[-70.89604, 42.522933], [-70.895896, 42.522928], [-70.895817, 42.522926]]}, "properties": {"layer": "roads", "kind": "path"}}, {"type": "Feature", "geometry": {"type": "LineString", "coordinates": [[-70.895626, 42.520388], [-70.895631, 42.520281], [-70.895641, 42.520082], [-70.895663, 42.519984]]}, "properties": {"layer": "roads", "kind": "path"}}, {"type": "Feature", "geometry": {"type": "LineString", "coordinates": [[-70.896122, 42.519142], [-70.896199, 42.519161], [-70.896268, 42.519178]]}, "properties": {"layer": "roads", "kind": "path"}}, {"type": "Feature", "geometry": {"type": "LineString", "coordinates": [[-70.898463, 42.519335], [-70.899241, 42.518912]]}, "properties": {"layer": "roads", "kind": "path"}}, {"type": "Feature", "geometry": {"type": "LineString", "coordinates": [[-70.899241, 42.518912], [-70.899317, 42.51887], [-70.899368, 42.518842]]}, "properties": {"layer": "roads", "kind": "path"}}, {"type": "Feature", "geometry": {"type": "LineString", "coordinates": [[-70.899368, 42.518842], [-70.899515, 42.518768], [-70.900566, 42.51824]]}, "properties": {"layer": "roads", "kind": "path"}}, {"type": "Feature", "geometry": {"type": "LineString", "coordinates": [[-70.900566, 42.51824], [-70.900435, 42.518183], [-70.900284, 42.518147]]}, "properties": {"layer": "roads", "kind": "path"}}, {"type": "Feature", "geometry": {"type": "LineString", "coordinates": [[-70.900241, 42.518154], [-70.900284, 42.518147], [-70.900615, 42.51799]]}, "properties": {"layer": "roads", "kind": "path"}}, {"type": "Feature", "geometry": {"type": "LineString", "coordinates": [[-70.900241, 42.518154], [-70.900164, 42.51817], [-70.900087, 42.518187]]}, "properties": {"layer": "roads", "kind": "path"}}, {"type": "Feature", "geometry": {"type": "LineString", "coordinates": [[-70.899515, 42.518768], [-70.899449, 42.518685], [-70.899422, 42.51865]]}, "properties": {"layer": "roads", "kind": "path"}}, {"type": "Feature", "geometry": {"type": "LineString", "coordinates": [[-70.898435, 42.51909], [-70.898321, 42.51875], [-70.898303, 42.518696]]}, "properties": {"layer": "roads", "kind": "path"}}, {"type": "Feature", "geometry": {"type": "LineString", "coordinates": [[-70.89822, 42.518823], [-70.89821, 42.518765], [-70.898206, 42.518739]]}, "properties": {"layer": "roads", "kind": "path"}}, {"type": "Feature", "geometry": {"type": "LineString", "coordinates": [[-70.89822, 42.518823], [-70.898262, 42.519159]]}, "properties": {"layer": "roads", "kind": "path"}}, {"type": "Feature", "geometry": {"type": "LineString", "coordinates": [[-70.897371, 42.519385], [-70.896448, 42.519364], [-70.896389, 42.519318], [-70.896273, 42.519323]]}, "properties": {"layer": "roads", "kind": "path"}}, {"type": "Feature", "geometry": {"type": "LineString", "coordinates": [[-70.89822, 42.518823], [-70.897398, 42.518842]]}, "properties": {"layer": "roads", "kind": "path"}}, {"type": "Feature", "geometry": {"type": "LineString", "coordinates": [[-70.897332, 42.518839], [-70.897365, 42.518841], [-70.897398, 42.518842]]}, "properties": {"layer": "roads", "kind": "path"}}, {"type": "Feature", "geometry": {"type": "LineString", "coordinates": [[-70.896663, 42.516912], [-70.897562, 42.516766]]}, "properties": {"layer": "roads", "kind": "path"}}, {"type": "Feature", "geometry": {"type": "LineString", "coordinates": [[-70.897531, 42.516686], [-70.897318, 42.516079], [-70.897302, 42.516069], [-70.896955, 42.516269]]}, "properties": {"layer": "roads", "kind": "path"}}, {"type": "Feature", "geometry": {"type": "LineString", "coordinates": [[-70.905586, 42.519138], [-70.905557, 42.519153], [-70.9054, 42.519243], [-70.905196, 42.51936]]}, "properties": {"layer": "roads", "kind": "residential"}}, {"type": "Feature", "geometry": {"type": "LineString", "coordinates": [[-70.895648, 42.521872], [-70.895659, 42.521871], [-70.895739, 42.521864], [-70.895821, 42.521856], [-70.895837, 42.521855]]}, "properties": {"layer": "roads", "kind": "path"}}, {"type": "Feature", "geometry": {"type": "LineString", "coordinates": [[-70.896403, 42.521943], [-70.896777, 42.521944]]}, "properties": {"layer": "roads", "kind": "service"}}, {"type": "Feature", "geometry": {"type": "LineString", "coordinates": [[-70.895732, 42.522532], [-70.895727, 42.522486], [-70.895722, 42.522439]]}, "properties": {"layer": "roads", "kind": "path"}}, {"type": "Feature", "geometry": {"type": "LineString", "coordinates": [[-70.905091, 42.518154], [-70.905203, 42.518107], [-70.905292, 42.518025], [-70.905352, 42.517947], [-70.905394, 42.517862]]}, "properties": {"layer": "roads", "kind": "primary"}}, {"type": "Feature", "geometry": {"type": "LineString", "coordinates": [[-70.905394, 42.517862], [-70.905428, 42.517753], [-70.905434, 42.517667], [-70.905436, 42.517567], [-70.90538, 42.517456]]}, "properties": {"layer": "roads", "kind": "primary"}}, {"type": "Feature", "geometry": {"type": "LineString", "coordinates": [[-70.90538, 42.517456], [-70.905292, 42.517565], [-70.905264, 42.517725], [-70.905234, 42.517825]]}, "properties": {"layer": "roads", "kind": "primary"}}, {"type": "Feature", "geometry": {"type": "LineString", "coordinates": [[-70.905234, 42.517825], [-70.905184, 42.517941], [-70.905106, 42.518055], [-70.905091, 42.518154]]}, "properties": {"layer": "roads", "kind": "primary"}}, {"type": "Feature", "geometry": {"type": "LineString", "coordinates": [[-70.906131, 42.518054], [-70.905759, 42.517957], [-70.905394, 42.517862]]}, "properties": {"layer": "roads", "kind": "primary"}}, {"type": "Feature", "geometry": {"type": "LineString", "coordinates": [[-70.905234, 42.517825], [-70.905394, 42.517862]]}, "properties": {"layer": "roads", "kind": "primary"}}, {"type": "Feature", "geometry": {"type": "LineString", "coordinates": [[-70.899083, 42.521832], [-70.899213, 42.521826]]}, "properties": {"layer": "roads", "kind": "service"}}, {"type": "Feature", "geometry": {"type": "LineString", "coordinates": [[-70.895019, 42.523156], [-70.89585, 42.523074]]}, "properties": {"layer": "roads", "kind": "residential"}}, {"type": "Feature", "geometry": {"type": "LineString", "coordinates": [[-70.9056, 42.519854], [-70.905526, 42.519757], [-70.905375, 42.519577], [-70.905259, 42.519437], [-70.905196, 42.51936]]}, "properties": {"layer": "roads", "kind": "service"}}, {"type": "Feature", "geometry": {"type": "LineString", "coordinates": [[-70.897603, 42.516711], [-70.897538, 42.516722], [-70.896669, 42.516862], [-70.89657, 42.516878]]}, "properties": {"layer": "roads", "kind": "residential"}}, {"type": "Feature", "geometry": {"type": "LineString", "coordinates": [[-70.905676, 42.521646], [-70.905746, 42.521741], [-70.905757, 42.521764], [-70.905759, 42.521802], [-70.905745, 42.52183], [-70.905513, 42.522107], [-70.9052, 42.522424]]}, "properties": {"layer": "roads", "kind": "path"}}, {"type": "Feature", "geometry": {"type": "LineString", "coordinates": [[-70.898856, 42.523216], [-70.898861, 42.523106]]}, "properties": {"layer": "roads", "kind": "primary"}}, {"type": "Feature", "geometry": {"type": "LineString", "coordinates": [[-70.898742, 42.523199], [-70.898856, 42.523216]]}, "properties": {"layer": "roads", "kind": "primary"}}, {"type": "Feature", "geometry": {"type": "LineString", "coordinates": [[-70.898742, 42.523199], [-70.898739, 42.523296], [-70.898731, 42.523528]]}, "properties": {"layer": "roads", "kind": "primary"}}, {"type": "Feature", "geometry": {"type": "LineString", "coordinates": [[-70.899263, 42.523245], [-70.899368, 42.523262], [-70.899467, 42.523289], [-70.899549, 42.523332], [-70.899615, 42.523396], [-70.899653, 42.523453]]}, "properties": {"layer": "roads", "kind": "motorway"}}, {"type": "Feature", "geometry": {"type": "Polygon", "coordinates": [[[-70.895334, 42.523078], [-70.89579, 42.523019], [-70.895752, 42.522554], [-70.895197, 42.522604], [-70.895212, 42.522739], [-70.89542, 42.522733], [-70.895521, 42.522732], [-70.895539, 42.522863], [-70.895268, 42.522873], [-70.895334, 42.523078]]]}, "properties": {"layer": "buildings", "kind": "building"}}, {"type": "Feature", "geometry": {"type": "LineString", "coordinates": [[-70.898942, 42.521291], [-70.899014, 42.521261]]}, "properties": {"layer": "roads", "kind": "primary"}}, {"type": "Feature", "geometry": {"type": "LineString", "coordinates": [[-70.899112, 42.521221], [-70.899014, 42.521261]]}, "properties": {"layer": "roads", "kind": "primary"}}, {"type": "Feature", "geometry": {"type": "LineString", "coordinates": [[-70.898777, 42.522545], [-70.89876, 42.522407], [-70.898732, 42.522176]]}, "properties": {"layer": "roads", "kind": "primary"}}, {"type": "Feature", "geometry": {"type": "LineString", "coordinates": [[-70.905735, 42.51608], [-70.905722, 42.516118], [-70.905681, 42.516251]]}, "properties": {"layer": "roads", "kind": "primary"}}, {"type": "Feature", "geometry": {"type": "LineString", "coordinates": [[-70.905681, 42.516251], [-70.905609, 42.51649]]}, "properties": {"layer": "roads", "kind": "primary"}}, {"type": "Feature", "geometry": {"type": "LineString", "coordinates": [[-70.908384, 42.520167], [-70.908224, 42.52023], [-70.907906, 42.52033], [-70.906423, 42.520801], [-70.906271, 42.52087], [-70.906031, 42.520997], [-70.905862, 42.521124], [-70.905784, 42.521154], [-70.90563, 42.521214]]}, "properties": {"layer": "roads", "kind": "path"}}, {"type": "Feature", "geometry": {"type": "LineString", "coordinates": [[-70.896382, 42.518359], [-70.896411, 42.518251], [-70.896445, 42.518121], [-70.896448, 42.518111], [-70.896472, 42.51802], [-70.896506, 42.517904], [-70.896499, 42.517713]]}, "properties": {"layer": "roads", "kind": "secondary"}}, {"type": "Feature", "geometry": {"type": "LineString", "coordinates": [[-70.896312, 42.51821], [-70.896445, 42.518121]]}, "properties": {"layer": "roads", "kind": "secondary"}}, {"type": "Feature", "geometry": {"type": "LineString", "coordinates": [[-70.895884, 42.522843], [-70.895896, 42.522928], [-70.895905, 42.52297]]}, "properties": {"layer": "roads", "kind": "motorway"}}, {"type": "Feature", "geometry": {"type": "LineString", "coordinates": [[-70.905609, 42.51649], [-70.905588, 42.516558]]}, "properties": {"layer": "roads", "kind": "primary"}}, {"type": "Feature", "geometry": {"type": "LineString", "coordinates": [[-70.897337, 42.51593], [-70.897378, 42.516051], [-70.89759, 42.516674], [-70.897603, 42.516711], [-70.89762, 42.51676], [-70.897787, 42.517221], [-70.8978, 42.517258]]}, "properties": {"layer": "roads", "kind": "secondary"}}, {"type": "Feature", "geometry": {"type": "LineString", "coordinates": [[-70.8978, 42.517258], [-70.897723, 42.517302], [-70.897534, 42.517391], [-70.897284, 42.517524], [-70.897024, 42.517665], [-70.896736, 42.517813], [-70.896583, 42.517888], [-70.896506, 42.517904]]}, "properties": {"layer": "roads", "kind": "residential"}}, {"type": "Feature", "geometry": {"type": "LineString", "coordinates": [[-70.905588, 42.516558], [-70.905523, 42.516769], [-70.905498, 42.516864]]}, "properties": {"layer": "roads", "kind": "primary"}}, {"type": "Feature", "geometry": {"type": "LineString", "coordinates": [[-70.897103, 42.519982], [-70.897097, 42.520071], [-70.897093, 42.520133], [-70.897431, 42.520152], [-70.897421, 42.520297], [-70.89752, 42.5203], [-70.897572, 42.520302]]}, "properties": {"layer": "roads", "kind": "service"}}, {"type": "Feature", "geometry": {"type": "LineString", "coordinates": [[-70.897748, 42.517363], [-70.897773, 42.517372], [-70.897783, 42.517391], [-70.897941, 42.517855], [-70.898041, 42.518139], [-70.898109, 42.518423], [-70.898206, 42.518739]]}, "properties": {"layer": "roads", "kind": "path"}}, {"type": "Feature", "geometry": {"type": "LineString", "coordinates": [[-70.89852, 42.52015], [-70.89847, 42.520157]]}, "properties": {"layer": "roads", "kind": "path"}}, {"type": "Feature", "geometry": {"type": "LineString", "coordinates": [[-70.89847, 42.520157], [-70.898462, 42.520158], [-70.898442, 42.520161]]}, "properties": {"layer": "roads", "kind": "path"}}, {"type": "Feature", "geometry": {"type": "LineString", "coordinates": [[-70.898222, 42.520139], [-70.898222, 42.520073], [-70.898222, 42.52005]]}, "properties": {"layer": "roads", "kind": "path"}}, {"type": "Feature", "geometry": {"type": "LineString", "coordinates": [[-70.898222, 42.52005], [-70.898222, 42.520031]]}, "properties": {"layer": "roads", "kind": "path"}}, {"type": "Feature", "geometry": {"type": "LineString", "coordinates": [[-70.898395, 42.519939], [-70.898369, 42.519941], [-70.898288, 42.519945]]}, "properties": {"layer": "roads", "kind": "path"}}, {"type": "Feature", "geometry": {"type": "LineString", "coordinates": [[-70.898422, 42.519938], [-70.898395, 42.519939]]}, "properties": {"layer": "roads", "kind": "path"}}, {"type": "Feature", "geometry": {"type": "LineString", "coordinates": [[-70.898435, 42.51909], [-70.898523, 42.519083], [-70.898592, 42.519066], [-70.898672, 42.519032], [-70.89914, 42.518801], [-70.899422, 42.51865], [-70.899498, 42.518613]]}, "properties": {"layer": "roads", "kind": "path"}}, {"type": "Feature", "geometry": {"type": "LineString", "coordinates": [[-70.900435, 42.518183], [-70.900235, 42.518279], [-70.90011, 42.518344], [-70.900032, 42.518384], [-70.899871, 42.518466], [-70.899571, 42.51862], [-70.899544, 42.518634], [-70.899449, 42.518685], [-70.899295, 42.518768], [-70.899268, 42.518783], [-70.899167, 42.518836], [-70.89908, 42.518882], [-70.898909, 42.518978], [-70.89872, 42.519079], [-70.898518, 42.519168], [-70.898448, 42.519199], [-70.898364, 42.519237]]}, "properties": {"layer": "roads", "kind": "secondary"}}, {"type": "Feature", "geometry": {"type": "LineString", "coordinates": [[-70.896663, 42.516912], [-70.896621, 42.517337]]}, "properties": {"layer": "roads", "kind": "path"}}, {"type": "Feature", "geometry": {"type": "LineString", "coordinates": [[-70.896675, 42.516809], [-70.896691, 42.516573], [-70.896698, 42.516448], [-70.896714, 42.516387], [-70.896751, 42.51636], [-70.896955, 42.516269]]}, "properties": {"layer": "roads", "kind": "path"}}, {"type": "Feature", "geometry": {"type": "LineString", "coordinates": [[-70.897531, 42.516686], [-70.89759, 42.516674], [-70.897654, 42.51666]]}, "properties": {"layer": "roads", "kind": "path"}}, {"type": "Feature", "geometry": {"type": "LineString", "coordinates": [[-70.897562, 42.516766], [-70.897538, 42.516722], [-70.897531, 42.516686]]}, "properties": {"layer": "roads", "kind": "path"}}, {"type": "Feature", "geometry": {"type": "LineString", "coordinates": [[-70.896379, 42.518103], [-70.896448, 42.518111], [-70.896549, 42.518123]]}, "properties": {"layer": "roads", "kind": "path"}}, {"type": "Feature", "geometry": {"type": "LineString", "coordinates": [[-70.896344, 42.518073], [-70.896379, 42.518103]]}, "properties": {"layer": "roads", "kind": "path"}}, {"type": "Feature", "geometry": {"type": "LineString", "coordinates": [[-70.897517, 42.515912], [-70.89753, 42.515913], [-70.897545, 42.515908], [-70.897585, 42.515889], [-70.897824, 42.515746], [-70.89839, 42.515386]]}, "properties": {"layer": "roads", "kind": "path"}}, {"type": "Feature", "geometry": {"type": "LineString", "coordinates": [[-70.903552, 42.515424], [-70.903281, 42.515376], [-70.902891, 42.515294], [-70.902741, 42.515274], [-70.902562, 42.515241], [-70.901901, 42.515117], [-70.901806, 42.515107], [-70.901449, 42.515126], [-70.901137, 42.515175], [-70.900949, 42.515193], [-70.900793, 42.515185], [-70.900699, 42.515178], [-70.900192, 42.515118], [-70.899507, 42.515036], [-70.899341, 42.515017], [-70.899298, 42.515031], [-70.899289, 42.515042], [-70.899294, 42.515062], [-70.89931, 42.51508], [-70.899913, 42.515678], [-70.900398, 42.516166], [-70.900982, 42.516769]]}, "properties": {"layer": "roads", "kind": "path"}}, {"type": "Feature", "geometry": {"type": "LineString", "coordinates": [[-70.903801, 42.515411], [-70.903682, 42.515417], [-70.903552, 42.515424]]}, "properties": {"layer": "roads", "kind": "path"}}, {"type": "Feature", "geometry": {"type": "LineString", "coordinates": [[-70.903828, 42.5154], [-70.903852, 42.515344], [-70.903869, 42.51531]]}, "properties": {"layer": "roads", "kind": "path"}}, {"type": "Feature", "geometry": {"type": "LineString", "coordinates": [[-70.903801, 42.515411], [-70.903816, 42.515405], [-70.903828, 42.5154]]}, "properties": {"layer": "roads", "kind": "path"}}, {"type": "Feature", "geometry": {"type": "LineString", "coordinates": [[-70.905945, 42.515724], [-70.905862, 42.51569], [-70.905778, 42.515654]]}, "properties": {"layer": "roads", "kind": "path"}}, {"type": "Feature", "geometry": {"type": "LineString", "coordinates": [[-70.905778, 42.515654], [-70.905752, 42.515656], [-70.905732, 42.515675]]}, "properties": {"layer": "roads", "kind": "path"}}, {"type": "Feature", "geometry": {"type": "LineString", "coordinates": [[-70.905732, 42.515675], [-70.905676, 42.515741], [-70.905622, 42.515803]]}, "properties": {"layer": "roads", "kind": "path"}}, {"type": "Feature", "geometry": {"type": "LineString", "coordinates": [[-70.905622, 42.515803], [-70.905623, 42.51582], [-70.905625, 42.515842]]}, "properties": {"layer": "roads", "kind": "path"}}, {"type": "Feature", "geometry": {"type": "LineString", "coordinates": [[-70.905625, 42.515842], [-70.905645, 42.515903], [-70.905663, 42.515953]]}, "properties": {"layer": "roads", "kind": "path"}}, {"type": "Feature", "geometry": {"type": "LineString", "coordinates": [[-70.905663, 42.515953], [-70.905646, 42.516018]]}, "properties": {"layer": "roads", "kind": "path"}}, {"type": "Feature", "geometry": {"type": "LineString", "coordinates": [[-70.905646, 42.516018], [-70.905632, 42.516042], [-70.9056, 42.516096]]}, "properties": {"layer": "roads", "kind": "path"}}, {"type": "Feature", "geometry": {"type": "LineString", "coordinates": [[-70.9056, 42.516096], [-70.905597, 42.516108], [-70.905498, 42.516517], [-70.90548, 42.516546]]}, "properties": {"layer": "roads", "kind": "path"}}, {"type": "Feature", "geometry": {"type": "LineString", "coordinates": [[-70.90548, 42.516546], [-70.905472, 42.516581], [-70.905459, 42.516634]]}, "properties": {"layer": "roads", "kind": "path"}}, {"type": "Feature", "geometry": {"type": "LineString", "coordinates": [[-70.905459, 42.516634], [-70.905411, 42.516801]]}, "properties": {"layer": "roads", "kind": "path"}}, {"type": "Feature", "geometry": {"type": "LineString", "coordinates": [[-70.905411, 42.516801], [-70.905401, 42.516843], [-70.905388, 42.516893]]}, "properties": {"layer": "roads", "kind": "path"}}, {"type": "Feature", "geometry": {"type": "LineString", "coordinates": [[-70.905388, 42.516893], [-70.905377, 42.516926], [-70.905394, 42.516929]]}, "properties": {"layer": "roads", "kind": "path"}}, {"type": "Feature", "geometry": {"type": "LineString", "coordinates": [[-70.905394, 42.516929], [-70.905478, 42.516936], [-70.905591, 42.516946]]}, "properties": {"layer": "roads", "kind": "path"}}, {"type": "Feature", "geometry": {"type": "LineString", "coordinates": [[-70.905591, 42.516946], [-70.905605, 42.516946], [-70.905658, 42.516747], [-70.905718, 42.516505], [-70.905735, 42.516439], [-70.905796, 42.516253], [-70.905906, 42.515921], [-70.905966, 42.515727], [-70.905945, 42.515724]]}, "properties": {"layer": "roads", "kind": "path"}}, {"type": "Feature", "geometry": {"type": "LineString", "coordinates": [[-70.905966, 42.515727], [-70.90604, 42.515469], [-70.906148, 42.515148], [-70.906289, 42.514693], [-70.906271, 42.51469]]}, "properties": {"layer": "roads", "kind": "path"}}, {"type": "Feature", "geometry": {"type": "LineString", "coordinates": [[-70.9061, 42.514654], [-70.906078, 42.51465], [-70.905908, 42.515205], [-70.905775, 42.515637], [-70.905752, 42.515656]]}, "properties": {"layer": "roads", "kind": "path"}}, {"type": "Feature", "geometry": {"type": "LineString", "coordinates": [[-70.905623, 42.51582], [-70.905299, 42.515743]]}, "properties": {"layer": "roads", "kind": "path"}}, {"type": "Feature", "geometry": {"type": "LineString", "coordinates": [[-70.905299, 42.515743], [-70.905232, 42.515728], [-70.905192, 42.515719]]}, "properties": {"layer": "roads", "kind": "path"}}, {"type": "Feature", "geometry": {"type": "LineString", "coordinates": [[-70.904622, 42.515587], [-70.905192, 42.515719]]}, "properties": {"layer": "roads", "kind": "path"}}, {"type": "Feature", "geometry": {"type": "LineString", "coordinates": [[-70.904497, 42.515561], [-70.904584, 42.515579], [-70.904622, 42.515587]]}, "properties": {"layer": "roads", "kind": "path"}}, {"type": "Feature", "geometry": {"type": "LineString", "coordinates": [[-70.904497, 42.515561], [-70.903828, 42.515417], [-70.903816, 42.515405]]}, "properties": {"layer": "roads", "kind": "path"}}, {"type": "Feature", "geometry": {"type": "LineString", "coordinates": [[-70.903552, 42.515424], [-70.903376, 42.516044], [-70.903233, 42.516332], [-70.903002, 42.516811], [-70.902978, 42.516855], [-70.902997, 42.516849]]}, "properties": {"layer": "roads", "kind": "path"}}, {"type": "Feature", "geometry": {"type": "LineString", "coordinates": [[-70.903828, 42.515417], [-70.903811, 42.51544], [-70.9037, 42.515703], [-70.903588, 42.515983], [-70.90346, 42.51624], [-70.9033, 42.516497], [-70.903228, 42.516684], [-70.903264, 42.516731], [-70.903276, 42.516741]]}, "properties": {"layer": "roads", "kind": "path"}}, {"type": "Feature", "geometry": {"type": "LineString", "coordinates": [[-70.905625, 42.515842], [-70.905333, 42.515924]]}, "properties": {"layer": "roads", "kind": "path"}}, {"type": "Feature", "geometry": {"type": "LineString", "coordinates": [[-70.905333, 42.515924], [-70.905278, 42.515933], [-70.905226, 42.515943]]}, "properties": {"layer": "roads", "kind": "path"}}, {"type": "Feature", "geometry": {"type": "LineString", "coordinates": [[-70.905226, 42.515943], [-70.905046, 42.516016], [-70.904571, 42.516213], [-70.90416, 42.516381], [-70.903757, 42.516548], [-70.90333, 42.516719], [-70.903276, 42.516741], [-70.903262, 42.516747]]}, "properties": {"layer": "roads", "kind": "path"}}, {"type": "Feature", "geometry": {"type": "LineString", "coordinates": [[-70.903262, 42.516747], [-70.903099, 42.51681], [-70.902997, 42.516849]]}, "properties": {"layer": "roads", "kind": "path"}}, {"type": "Feature", "geometry": {"type": "LineString", "coordinates": [[-70.902978, 42.516855], [-70.90288, 42.51689], [-70.902902, 42.516927]]}, "properties": {"layer": "roads", "kind": "path"}}, {"type": "Feature", "geometry": {"type": "LineString", "coordinates": [[-70.902902, 42.516927], [-70.902918, 42.516947], [-70.902951, 42.51699]]}, "properties": {"layer": "roads", "kind": "path"}}, {"type": "Feature", "geometry": {"type": "LineString", "coordinates": [[-70.902951, 42.51699], [-70.902969, 42.51701]]}, "properties": {"layer": "roads", "kind": "path"}}, {"type": "Feature", "geometry": {"type": "LineString", "coordinates": [[-70.902969, 42.51701], [-70.902984, 42.517033], [-70.903013, 42.517077]]}, "properties": {"layer": "roads", "kind": "path"}}, {"type": "Feature", "geometry": {"type": "LineString", "coordinates": [[-70.903013, 42.517077], [-70.90304, 42.517122], [-70.903073, 42.517109]]}, "properties": {"layer": "roads", "kind": "path"}}, {"type": "Feature", "geometry": {"type": "LineString", "coordinates": [[-70.903073, 42.517109], [-70.903145, 42.517083], [-70.903178, 42.517072]]}, "properties": {"layer": "roads", "kind": "path"}}, {"type": "Feature", "geometry": {"type": "LineString", "coordinates": [[-70.903178, 42.517072], [-70.903331, 42.517012], [-70.90381, 42.516844], [-70.90452, 42.516531], [-70.90507, 42.516304], [-70.905336, 42.516174], [-70.905527, 42.516124], [-70.905597, 42.516108]]}, "properties": {"layer": "roads", "kind": "path"}}, {"type": "Feature", "geometry": {"type": "LineString", "coordinates": [[-70.898807, 42.522959], [-70.898861, 42.522957], [-70.898933, 42.522955]]}, "properties": {"layer": "roads", "kind": "path"}}, {"type": "Feature", "geometry": {"type": "LineString", "coordinates": [[-70.898796, 42.522957], [-70.898807, 42.522959]]}, "properties": {"layer": "roads", "kind": "path"}}, {"type": "Feature", "geometry": {"type": "LineString", "coordinates": [[-70.897685, 42.521396], [-70.897686, 42.521418]]}, "properties": {"layer": "roads", "kind": "path"}}, {"type": "Feature", "geometry": {"type": "LineString", "coordinates": [[-70.897686, 42.521418], [-70.897685, 42.521442], [-70.897684, 42.521482]]}, "properties": {"layer": "roads", "kind": "path"}}, {"type": "Feature", "geometry": {"type": "LineString", "coordinates": [[-70.897684, 42.521482], [-70.897683, 42.521512]]}, "properties": {"layer": "roads", "kind": "path"}}, {"type": "Feature", "geometry": {"type": "LineString", "coordinates": [[-70.897597, 42.521512], [-70.897683, 42.521512], [-70.897836, 42.521512], [-70.898241, 42.52151], [-70.898465, 42.521498], [-70.898486, 42.521488], [-70.898551, 42.521482]]}, "properties": {"layer": "roads", "kind": "path"}}, {"type": "Feature", "geometry": {"type": "LineString", "coordinates": [[-70.897514, 42.521512], [-70.897561, 42.521512], [-70.897597, 42.521512]]}, "properties": {"layer": "roads", "kind": "path"}}, {"type": "Feature", "geometry": {"type": "LineString", "coordinates": [[-70.897482, 42.5214], [-70.897482, 42.521426]]}, "properties": {"layer": "roads", "kind": "path"}}, {"type": "Feature", "geometry": {"type": "LineString", "coordinates": [[-70.897482, 42.521426], [-70.897482, 42.521443], [-70.897481, 42.521492]]}, "properties": {"layer": "roads", "kind": "path"}}, {"type": "Feature", "geometry": {"type": "LineString", "coordinates": [[-70.897481, 42.521492], [-70.897484, 42.521512]]}, "properties": {"layer": "roads", "kind": "path"}}, {"type": "Feature", "geometry": {"type": "LineString", "coordinates": [[-70.898727, 42.521317], [-70.898758, 42.52128]]}, "properties": {"layer": "roads", "kind": "path"}}, {"type": "Feature", "geometry": {"type": "LineString", "coordinates": [[-70.899636, 42.520927], [-70.899691, 42.520904], [-70.899754, 42.520877]]}, "properties": {"layer": "roads", "kind": "path"}}, {"type": "Feature", "geometry": {"type": "LineString", "coordinates": [[-70.899754, 42.520877], [-70.899866, 42.520832], [-70.899997, 42.520776], [-70.900288, 42.520651], [-70.90053, 42.520583], [-70.900772, 42.520538]]}, "properties": {"layer": "roads", "kind": "path"}}, {"type": "Feature", "geometry": {"type": "LineString", "coordinates": [[-70.900772, 42.520538], [-70.90086, 42.520538], [-70.900891, 42.520537]]}, "properties": {"layer": "roads", "kind": "path"}}, {"type": "Feature", "geometry": {"type": "LineString", "coordinates": [[-70.900891, 42.520537], [-70.901244, 42.520525], [-70.901249, 42.520541]]}, "properties": {"layer": "roads", "kind": "path"}}, {"type": "Feature", "geometry": {"type": "LineString", "coordinates": [[-70.901249, 42.520541], [-70.901256, 42.520599], [-70.901265, 42.520688]]}, "properties": {"layer": "roads", "kind": "path"}}, {"type": "Feature", "geometry": {"type": "LineString", "coordinates": [[-70.901265, 42.520688], [-70.901269, 42.520708], [-70.901237, 42.52071]]}, "properties": {"layer": "roads", "kind": "path"}}, {"type": "Feature", "geometry": {"type": "LineString", "coordinates": [[-70.901162, 42.520715], [-70.901203, 42.520713], [-70.901237, 42.52071]]}, "properties": {"layer": "roads", "kind": "path"}}, {"type": "Feature", "geometry": {"type": "LineString", "coordinates": [[-70.898922, 42.523297], [-70.898971, 42.523328], [-70.899021, 42.523372]]}, "properties": {"layer": "roads", "kind": "path"}}, {"type": "Feature", "geometry": {"type": "LineString", "coordinates": [[-70.898898, 42.523297], [-70.898922, 42.523297]]}, "properties": {"layer": "roads", "kind": "path"}}, {"type": "Feature", "geometry": {"type": "LineString", "coordinates": [[-70.898795, 42.523296], [-70.898851, 42.523296], [-70.898898, 42.523297]]}, "properties": {"layer": "roads", "kind": "path"}}, {"type": "Feature", "geometry": {"type": "LineString", "coordinates": [[-70.89878, 42.523296], [-70.898795, 42.523296]]}, "properties": {"layer": "roads", "kind": "path"}}, {"type": "Feature", "geometry": {"type": "LineString", "coordinates": [[-70.902735, 42.522512], [-70.902805, 42.522482], [-70.903205, 42.522308]]}, "properties": {"layer": "roads", "kind": "path"}}, {"type": "Feature", "geometry": {"type": "LineString", "coordinates": [[-70.903205, 42.522308], [-70.903214, 42.522303], [-70.903285, 42.522267], [-70.903445, 42.522201], [-70.903678, 42.522105], [-70.904125, 42.521912], [-70.904206, 42.521877]]}, "properties": {"layer": "roads", "kind": "path"}}, {"type": "Feature", "geometry": {"type": "LineString", "coordinates": [[-70.904206, 42.521877], [-70.904247, 42.521857], [-70.90428, 42.521842]]}, "properties": {"layer": "roads", "kind": "path"}}, {"type": "Feature", "geometry": {"type": "LineString", "coordinates": [[-70.90428, 42.521842], [-70.904956, 42.5215], [-70.905336, 42.521303], [-70.905412, 42.521262], [-70.905428, 42.521238], [-70.90544, 42.521248]]}, "properties": {"layer": "roads", "kind": "path"}}, {"type": "Feature", "geometry": {"type": "LineString", "coordinates": [[-70.90544, 42.521248], [-70.905506, 42.521291], [-70.90556, 42.521325]]}, "properties": {"layer": "roads", "kind": "path"}}, {"type": "Feature", "geometry": {"type": "LineString", "coordinates": [[-70.905556, 42.521349], [-70.905579, 42.521339], [-70.905627, 42.521317], [-70.905669, 42.521319], [-70.905732, 42.521338], [-70.905744, 42.521324]]}, "properties": {"layer": "roads", "kind": "path"}}, {"type": "Feature", "geometry": {"type": "LineString", "coordinates": [[-70.90556, 42.521325], [-70.905579, 42.521339]]}, "properties": {"layer": "roads", "kind": "path"}}, {"type": "Feature", "geometry": {"type": "LineString", "coordinates": [[-70.905744, 42.521324], [-70.905783, 42.521285], [-70.905836, 42.521231]]}, "properties": {"layer": "roads", "kind": "path"}}, {"type": "Feature", "geometry": {"type": "LineString", "coordinates": [[-70.905836, 42.521231], [-70.90586, 42.52119], [-70.905818, 42.521167]]}, "properties": {"layer": "roads", "kind": "path"}}, {"type": "Feature", "geometry": {"type": "LineString", "coordinates": [[-70.905818, 42.521167], [-70.905784, 42.521154], [-70.90572, 42.521129], [-70.905655, 42.521103]]}, "properties": {"layer": "roads", "kind": "path"}}, {"type": "Feature", "geometry": {"type": "LineString", "coordinates": [[-70.905655, 42.521103], [-70.905631, 42.521091], [-70.9056, 42.5211], [-70.90555, 42.521097], [-70.905535, 42.521106]]}, "properties": {"layer": "roads", "kind": "path"}}, {"type": "Feature", "geometry": {"type": "LineString", "coordinates": [[-70.905535, 42.521106], [-70.905492, 42.521145], [-70.905433, 42.521198]]}, "properties": {"layer": "roads", "kind": "path"}}, {"type": "Feature", "geometry": {"type": "LineString", "coordinates": [[-70.905433, 42.521198], [-70.905428, 42.521238]]}, "properties": {"layer": "roads", "kind": "path"}}, {"type": "Feature", "geometry": {"type": "LineString", "coordinates": [[-70.895354, 42.517745], [-70.895427, 42.51778], [-70.895438, 42.517822], [-70.895448, 42.517866], [-70.895456, 42.517917], [-70.895487, 42.517945], [-70.895592, 42.517965], [-70.895689, 42.51752], [-70.895634, 42.517496], [-70.895533, 42.517453]]}, "properties": {"layer": "roads", "kind": "service"}}, {"type": "Feature", "geometry": {"type": "LineString", "coordinates": [[-70.896504, 42.517637], [-70.896404, 42.517633], [-70.896309, 42.517625], [-70.896331, 42.517364], [-70.896162, 42.517357], [-70.896133, 42.517703], [-70.896306, 42.51771], [-70.896309, 42.517625]]}, "properties": {"layer": "roads", "kind": "service"}}, {"type": "Feature", "geometry": {"type": "LineString", "coordinates": [[-70.896133, 42.517703], [-70.896012, 42.51777], [-70.89598, 42.518025], [-70.895979, 42.518071], [-70.895976, 42.518123]]}, "properties": {"layer": "roads", "kind": "service"}}, {"type": "Feature", "geometry": {"type": "LineString", "coordinates": [[-70.905387, 42.520921], [-70.905612, 42.520791], [-70.90574, 42.520718]]}, "properties": {"layer": "roads", "kind": "service"}}, {"type": "Feature", "geometry": {"type": "LineString", "coordinates": [[-70.90574, 42.520718], [-70.905792, 42.520802]]}, "properties": {"layer": "roads", "kind": "service"}}, {"type": "Feature", "geometry": {"type": "LineString", "coordinates": [[-70.905597, 42.520596], [-70.905396, 42.520366]]}, "properties": {"layer": "roads", "kind": "service"}}, {"type": "Feature", "geometry": {"type": "LineString", "coordinates": [[-70.905597, 42.520596], [-70.905281, 42.520735], [-70.905387, 42.520921]]}, "properties": {"layer": "roads", "kind": "service"}}, {"type": "Feature", "geometry": {"type": "LineString", "coordinates": [[-70.90574, 42.520718], [-70.905597, 42.520596]]}, "properties": {"layer": "roads", "kind": "service"}}, {"type": "Feature", "geometry": {"type": "Polygon", "coordinates": [[[-70.895171, 42.521541], [-70.895177, 42.521565], [-70.895219, 42.52156], [-70.895212, 42.521533], [-70.895384, 42.521505], [-70.89557, 42.521502], [-70.895601, 42.521744], [-70.895407, 42.521757], [-70.895408, 42.521771], [-70.89523, 42.521788], [-70.895069, 42.52181], [-70.895009, 42.521562], [-70.895171, 42.521541]], [[-70.895193, 42.521623], [-70.895219, 42.521722], [-70.895238, 42.52172], [-70.895229, 42.521682], [-70.895251, 42.521679], [-70.895235, 42.521617], [-70.895193, 42.521623]]]}, "properties": {"layer": "buildings", "kind": "building"}}]}